2026-06-15 19:15:09.260 [INFO] payment-service: Cache hit ratio 87%
2026-06-15 19:15:09.760 [CRITICAL] database: Connection pool exhausted
2026-06-15 19:15:10.260 [INFO] redis: Cache hit ratio 82%
2026-06-15 19:15:10.761 [CRITICAL] auth-service: Out of memory error - process killed
2026-06-15 19:15:11.261 [INFO] payment-service: Request processed successfully in 24ms
2026-06-15 19:15:11.761 [INFO] payment-service: Health check passed
2026-06-15 19:15:12.261 [INFO] database: Health check passed
2026-06-15 19:15:12.761 [INFO] database: Health check passed
2026-06-15 19:15:13.261 [ERROR] database: Connection timeout after 1170ms
2026-06-15 19:15:13.761 [INFO] redis: Cache hit ratio 95%
2026-06-15 19:15:14.261 [INFO] nginx: Request processed successfully in 24ms
2026-06-15 19:15:14.761 [INFO] auth-service: Request processed successfully in 119ms
2026-06-15 19:15:15.262 [INFO] database: Cache hit ratio 82%
2026-06-15 19:15:15.762 [INFO] user-service: Cache hit ratio 82%
2026-06-15 19:15:16.262 [DEBUG] auth-service: Connection pool size 10
2026-06-15 19:15:16.762 [INFO] nginx: Cache hit ratio 97%
2026-06-15 19:15:17.262 [INFO] payment-service: Health check passed
2026-06-15 19:15:17.762 [WARNING] auth-service: Memory usage 95%
2026-06-15 19:15:18.262 [CRITICAL] database: Connection pool exhausted
2026-06-15 19:15:18.762 [INFO] redis: Cache hit ratio 92%
2026-06-15 19:15:19.262 [CRITICAL] database: Connection pool exhausted
2026-06-15 19:15:19.762 [ERROR] database: Query failed - relation 'orders' does not exist
2026-06-15 19:15:20.262 [WARNING] redis: GC overhead limit reached
2026-06-15 19:15:20.763 [INFO] auth-service: Request processed successfully in 107ms
2026-06-15 19:15:21.263 [INFO] api-gateway: Cache hit ratio 82%
2026-06-15 19:15:21.763 [WARNING] payment-service: GC overhead limit reached
2026-06-15 19:15:22.263 [INFO] payment-service: Cache hit ratio 86%
2026-06-15 19:15:22.763 [DEBUG] user-service: Connection pool size 11
2026-06-15 19:15:23.263 [INFO] database: Request processed successfully in 33ms
2026-06-15 19:15:23.763 [INFO] payment-service: Request processed successfully in 20ms
2026-06-15 19:15:24.263 [ERROR] database: Deadlock detected in transaction
2026-06-15 19:15:24.764 [INFO] payment-service: Health check passed
2026-06-15 19:15:25.264 [INFO] user-service: Cache hit ratio 99%
2026-06-15 19:15:25.764 [INFO] api-gateway: Request processed successfully in 69ms
2026-06-15 19:15:26.264 [INFO] api-gateway: Cache hit ratio 94%
2026-06-15 19:15:26.764 [ERROR] database: Deadlock detected in transaction
2026-06-15 19:15:27.264 [DEBUG] api-gateway: Connection pool size 17
2026-06-15 19:15:27.764 [INFO] api-gateway: Cache hit ratio 94%
2026-06-15 19:15:28.264 [INFO] redis: Request processed successfully in 193ms
2026-06-15 19:15:28.764 [INFO] auth-service: Request processed successfully in 15ms
2026-06-15 19:15:29.264 [DEBUG] database: Connection pool size 10
2026-06-15 19:15:29.764 [INFO] payment-service: Request processed successfully in 187ms
2026-06-15 19:15:30.265 [INFO] api-gateway: Service restarted successfully
2026-06-15 19:15:30.765 [INFO] payment-service: Request processed successfully in 42ms
2026-06-15 19:15:31.265 [INFO] redis: Request processed successfully in 194ms
2026-06-15 19:15:31.765 [ERROR] nginx: Upstream service unavailable
2026-06-15 19:15:32.265 [INFO] database: Connection pool restored
2026-06-15 19:15:32.765 [INFO] database: Request processed successfully in 78ms
2026-06-15 19:15:33.265 [ERROR] payment-service: Request timeout after 54s
2026-06-15 19:15:33.765 [INFO] database: Health check passed after recovery
2026-06-15 19:15:34.265 [DEBUG] api-gateway: Connection pool size 18
2026-06-15 19:15:34.765 [DEBUG] auth-service: Connection pool size 11
2026-06-15 19:15:35.266 [INFO] api-gateway: Health check passed after recovery
2026-06-15 19:15:35.766 [INFO] database: Service restarted successfully
2026-06-15 19:15:36.266 [INFO] nginx: Cache hit ratio 99%
2026-06-15 19:15:36.766 [INFO] auth-service: Cache hit ratio 93%
2026-06-15 19:15:37.266 [DEBUG] auth-service: Connection pool size 15
2026-06-15 19:15:37.766 [INFO] auth-service: Service restarted successfully
2026-06-15 19:15:38.267 [INFO] database: Cache hit ratio 86%
2026-06-15 19:15:38.767 [INFO] payment-service: Cache hit ratio 95%
2026-06-15 19:15:39.267 [INFO] nginx: Cache hit ratio 95%
2026-06-15 19:15:39.767 [WARNING] auth-service: GC overhead limit reached
2026-06-15 19:15:40.267 [CRITICAL] user-service: Service crashed
2026-06-15 19:15:40.767 [INFO] api-gateway: Cache hit ratio 98%
2026-06-15 19:15:41.267 [INFO] api-gateway: Cache hit ratio 89%
2026-06-15 19:15:41.768 [INFO] database: Request processed successfully in 101ms
2026-06-15 19:15:42.268 [INFO] user-service: Health check passed
2026-06-15 19:15:42.768 [INFO] api-gateway: Request processed successfully in 45ms
2026-06-15 19:15:43.268 [WARNING] nginx: Memory usage 89%
2026-06-15 19:15:43.768 [INFO] nginx: Health check passed
2026-06-15 19:15:44.268 [INFO] auth-service: Cache hit ratio 91%
2026-06-15 19:15:44.769 [INFO] auth-service: Request processed successfully in 152ms
2026-06-15 19:15:45.269 [INFO] nginx: Cache hit ratio 80%
2026-06-15 19:15:45.769 [INFO] nginx: Service restarted successfully
2026-06-15 19:15:46.269 [INFO] database: Health check passed
2026-06-15 19:15:46.769 [INFO] redis: Cache hit ratio 99%
2026-06-15 19:15:47.269 [DEBUG] payment-service: Connection pool size 6
2026-06-15 19:15:47.769 [ERROR] database: Deadlock detected in transaction
2026-06-15 19:15:48.269 [INFO] redis: Cache hit ratio 86%
2026-06-15 19:15:48.769 [INFO] auth-service: Request processed successfully in 38ms
2026-06-15 19:15:49.270 [INFO] api-gateway: Health check passed
2026-06-15 19:15:49.770 [INFO] nginx: Request processed successfully in 13ms
2026-06-15 19:15:50.270 [CRITICAL] redis: Service crashed
2026-06-15 19:15:50.770 [INFO] payment-service: Cache hit ratio 94%
2026-06-15 19:15:51.270 [ERROR] database: Deadlock detected in transaction
2026-06-15 19:15:51.770 [DEBUG] user-service: Connection pool size 5
2026-06-15 19:15:52.270 [ERROR] database: Query failed - relation 'orders' does not exist
2026-06-15 19:15:52.770 [INFO] user-service: Health check passed
2026-06-15 19:15:53.270 [DEBUG] auth-service: Connection pool size 11
2026-06-15 19:15:53.770 [INFO] database: Health check passed
2026-06-15 19:15:54.271 [INFO] nginx: Health check passed
2026-06-15 19:15:54.771 [INFO] auth-service: Health check passed after recovery
2026-06-15 19:15:55.271 [ERROR] database: Connection timeout after 2272ms
2026-06-15 19:15:55.771 [INFO] user-service: Cache hit ratio 82%
2026-06-15 19:15:56.271 [INFO] database: Cache hit ratio 87%
2026-06-15 19:15:56.771 [INFO] user-service: Health check passed
2026-06-15 19:15:57.271 [INFO] api-gateway: Health check passed
2026-06-15 19:15:57.771 [ERROR] api-gateway: Dependency failure from redis
2026-06-15 19:15:58.271 [INFO] redis: Connection pool restored
2026-06-15 19:15:58.771 [DEBUG] auth-service: Connection pool size 16
2026-06-15 19:15:59.272 [INFO] nginx: Request processed successfully in 185ms
2026-06-15 19:15:59.772 [DEBUG] database: Connection pool size 20
2026-06-15 19:16:00.272 [INFO] nginx: Cache hit ratio 99%
2026-06-15 19:16:00.772 [INFO] payment-service: Cache hit ratio 84%
2026-06-15 19:16:01.272 [CRITICAL] database: Service crashed
2026-06-15 19:16:01.772 [WARNING] user-service: Memory usage 92%
2026-06-15 19:16:02.272 [INFO] auth-service: Health check passed
2026-06-15 19:16:02.772 [INFO] user-service: Health check passed
2026-06-15 19:16:03.273 [INFO] nginx: Health check passed
2026-06-15 19:16:03.773 [INFO] redis: Request processed successfully in 57ms
2026-06-15 19:16:04.273 [INFO] nginx: Request processed successfully in 195ms
2026-06-15 19:16:04.773 [INFO] payment-service: Health check passed
2026-06-15 19:16:05.273 [INFO] nginx: Request processed successfully in 138ms
2026-06-15 19:16:05.773 [INFO] user-service: Health check passed
2026-06-15 19:16:06.274 [DEBUG] payment-service: Connection pool size 13
2026-06-15 19:16:06.774 [INFO] api-gateway: Health check passed
2026-06-15 19:16:07.274 [WARNING] database: GC overhead limit reached
2026-06-15 19:16:07.774 [INFO] nginx: Cache hit ratio 92%
2026-06-15 19:16:08.274 [INFO] nginx: Request processed successfully in 141ms
2026-06-15 19:16:08.774 [INFO] auth-service: Request processed successfully in 145ms
2026-06-15 19:16:09.274 [DEBUG] api-gateway: Connection pool size 5
2026-06-15 19:16:09.775 [ERROR] database: Deadlock detected in transaction
2026-06-15 19:16:10.275 [ERROR] api-gateway: Upstream service unavailable
2026-06-15 19:16:10.775 [INFO] nginx: Request processed successfully in 178ms
2026-06-15 19:16:11.275 [INFO] auth-service: Request processed successfully in 55ms
2026-06-15 19:16:11.775 [INFO] database: Cache hit ratio 93%
2026-06-15 19:16:12.275 [INFO] redis: Request processed successfully in 173ms
2026-06-15 19:16:12.775 [INFO] payment-service: Cache hit ratio 99%
2026-06-15 19:16:13.275 [INFO] api-gateway: Request processed successfully in 120ms
2026-06-15 19:16:13.776 [INFO] nginx: Request processed successfully in 198ms
2026-06-15 19:16:14.276 [INFO] nginx: Cache hit ratio 81%
2026-06-15 19:16:14.776 [ERROR] user-service: Dependency failure from redis
2026-06-15 19:16:15.276 [INFO] user-service: Cache hit ratio 80%
2026-06-15 19:16:15.776 [INFO] database: Cache hit ratio 81%
2026-06-15 19:16:16.276 [INFO] database: Request processed successfully in 57ms
2026-06-15 19:16:16.776 [CRITICAL] database: Connection pool exhausted
2026-06-15 19:16:17.276 [INFO] nginx: Health check passed
2026-06-15 19:16:17.777 [INFO] payment-service: Cache hit ratio 92%
2026-06-15 19:16:18.277 [INFO] api-gateway: Cache hit ratio 98%
2026-06-15 19:16:18.777 [DEBUG] user-service: Connection pool size 20
2026-06-15 19:16:19.277 [INFO] redis: Cache hit ratio 98%
2026-06-15 19:16:19.777 [INFO] auth-service: Cache hit ratio 82%
2026-06-15 19:16:20.277 [ERROR] database: Deadlock detected in transaction
2026-06-15 19:16:20.777 [DEBUG] payment-service: Connection pool size 19
2026-06-15 19:16:21.277 [WARNING] auth-service: GC overhead limit reached
2026-06-15 19:16:21.777 [INFO] nginx: Health check passed
2026-06-15 19:16:22.278 [INFO] api-gateway: Health check passed
2026-06-15 19:16:22.778 [INFO] database: Health check passed after recovery
2026-06-15 19:16:23.278 [ERROR] auth-service: Request timeout after 44s
2026-06-15 19:16:23.778 [INFO] database: Request processed successfully in 177ms
2026-06-15 19:16:24.278 [INFO] redis: Connection pool restored
2026-06-15 19:16:24.778 [WARNING] redis: Slow query detected (9s)
2026-06-15 19:16:25.278 [INFO] user-service: Health check passed
2026-06-15 19:16:25.778 [INFO] database: Request processed successfully in 107ms
2026-06-15 19:16:26.278 [INFO] payment-service: Request processed successfully in 11ms
2026-06-15 19:16:26.778 [INFO] user-service: Health check passed
2026-06-15 19:16:27.278 [INFO] api-gateway: Health check passed
2026-06-15 19:16:27.779 [INFO] auth-service: Cache hit ratio 96%
2026-06-15 19:16:28.279 [WARNING] nginx: GC overhead limit reached
2026-06-15 19:16:28.779 [WARNING] api-gateway: Memory usage 89%
2026-06-15 19:16:29.279 [INFO] user-service: Health check passed
2026-06-15 19:16:29.779 [INFO] api-gateway: Request processed successfully in 11ms
2026-06-15 19:16:30.279 [INFO] database: Cache hit ratio 96%
2026-06-15 19:16:30.779 [WARNING] user-service: Slow query detected (12s)
2026-06-15 19:16:31.279 [INFO] api-gateway: Request processed successfully in 75ms
2026-06-15 19:16:31.779 [DEBUG] payment-service: Connection pool size 14
2026-06-15 19:16:32.279 [INFO] nginx: Cache hit ratio 84%
2026-06-15 19:16:32.779 [DEBUG] database: Connection pool size 19
2026-06-15 19:16:33.280 [INFO] payment-service: Request processed successfully in 97ms
2026-06-15 19:16:33.780 [INFO] nginx: Cache hit ratio 91%
2026-06-15 19:16:34.280 [INFO] nginx: Request processed successfully in 173ms
2026-06-15 19:16:34.780 [CRITICAL] redis: Out of memory error - process killed
2026-06-15 19:16:35.280 [INFO] database: Request processed successfully in 133ms
2026-06-15 19:16:35.780 [INFO] api-gateway: Request processed successfully in 130ms
2026-06-15 19:16:36.280 [INFO] api-gateway: Cache hit ratio 93%
2026-06-15 19:16:36.780 [INFO] database: Request processed successfully in 17ms
2026-06-15 19:16:37.280 [INFO] database: Cache hit ratio 87%
2026-06-15 19:16:37.781 [CRITICAL] nginx: Out of memory error - process killed
2026-06-15 19:16:38.281 [INFO] nginx: Health check passed after recovery
2026-06-15 19:16:38.781 [INFO] api-gateway: Connection pool restored
2026-06-15 19:16:39.281 [INFO] api-gateway: Request processed successfully in 124ms
2026-06-15 19:16:39.781 [DEBUG] payment-service: Connection pool size 20
2026-06-15 19:16:40.281 [INFO] redis: Cache hit ratio 99%
2026-06-15 19:16:40.781 [INFO] api-gateway: Cache hit ratio 99%
2026-06-15 19:16:41.281 [ERROR] payment-service: Upstream service unavailable
2026-06-15 19:16:41.781 [WARNING] database: GC overhead limit reached
2026-06-15 19:16:42.281 [INFO] nginx: Request processed successfully in 188ms
2026-06-15 19:16:42.782 [DEBUG] payment-service: Connection pool size 20
2026-06-15 19:16:43.282 [DEBUG] user-service: Connection pool size 14
2026-06-15 19:16:43.782 [INFO] redis: Request processed successfully in 54ms
2026-06-15 19:16:44.282 [ERROR] database: Deadlock detected in transaction
2026-06-15 19:16:44.782 [INFO] database: Request processed successfully in 123ms
2026-06-15 19:16:45.282 [INFO] api-gateway: Cache hit ratio 87%
2026-06-15 19:16:45.782 [INFO] api-gateway: Request processed successfully in 153ms
2026-06-15 19:16:46.282 [INFO] user-service: Request processed successfully in 99ms
2026-06-15 19:16:46.782 [INFO] user-service: Cache hit ratio 97%
2026-06-15 19:16:47.283 [ERROR] database: Query failed - relation 'orders' does not exist
2026-06-15 19:16:47.783 [INFO] auth-service: Health check passed
2026-06-15 19:16:48.283 [WARNING] nginx: Memory usage 90%
2026-06-15 19:16:48.783 [DEBUG] user-service: Connection pool size 20
2026-06-15 19:16:49.283 [DEBUG] payment-service: Connection pool size 5
2026-06-15 19:16:49.783 [WARNING] auth-service: Memory usage 88%
2026-06-15 19:16:50.283 [WARNING] user-service: GC overhead limit reached
2026-06-15 19:16:50.783 [INFO] database: Cache hit ratio 90%
2026-06-15 19:16:51.284 [INFO] auth-service: Request processed successfully in 69ms
2026-06-15 19:16:51.784 [DEBUG] payment-service: Connection pool size 8
2026-06-15 19:16:52.284 [DEBUG] nginx: Connection pool size 13
2026-06-15 19:16:52.784 [WARNING] nginx: Memory usage 85%
2026-06-15 19:16:53.284 [DEBUG] payment-service: Connection pool size 19
2026-06-15 19:16:53.784 [INFO] nginx: Health check passed
2026-06-15 19:16:54.284 [CRITICAL] redis: Service crashed
2026-06-15 19:16:54.784 [INFO] auth-service: Cache hit ratio 83%
2026-06-15 19:16:55.285 [INFO] nginx: Cache hit ratio 87%
2026-06-15 19:16:55.785 [DEBUG] database: Connection pool size 6
2026-06-15 19:16:56.285 [INFO] user-service: Health check passed
2026-06-15 19:16:56.785 [INFO] auth-service: Service restarted successfully
2026-06-15 19:16:57.285 [DEBUG] payment-service: Connection pool size 5
2026-06-15 19:16:57.785 [DEBUG] user-service: Connection pool size 16
2026-06-15 19:16:58.285 [INFO] api-gateway: Cache hit ratio 88%
2026-06-15 19:16:58.785 [INFO] user-service: Health check passed
2026-06-15 19:16:59.285 [DEBUG] redis: Connection pool size 19
2026-06-15 19:16:59.785 [ERROR] payment-service: Request timeout after 38s
2026-06-15 19:17:00.286 [INFO] nginx: Health check passed
2026-06-15 19:17:00.786 [DEBUG] database: Connection pool size 19
2026-06-15 19:17:01.286 [INFO] redis: Health check passed
2026-06-15 19:17:01.786 [INFO] user-service: Cache hit ratio 83%
2026-06-15 19:17:02.286 [DEBUG] api-gateway: Connection pool size 15
2026-06-15 19:17:02.786 [INFO] database: Connection pool restored
2026-06-15 19:17:03.286 [DEBUG] user-service: Connection pool size 19
2026-06-15 19:17:03.786 [ERROR] user-service: Request timeout after 46s
2026-06-15 19:17:04.286 [INFO] user-service: Cache hit ratio 96%
2026-06-15 19:17:04.787 [DEBUG] nginx: Connection pool size 5
2026-06-15 19:17:05.287 [WARNING] redis: GC overhead limit reached
2026-06-15 19:17:05.787 [DEBUG] redis: Connection pool size 7
2026-06-15 19:17:06.317 [CRITICAL] api-gateway: Out of memory error - process killed
2026-06-15 19:17:06.817 [INFO] api-gateway: Cache hit ratio 89%
2026-06-15 19:17:07.317 [DEBUG] user-service: Connection pool size 12
2026-06-15 19:17:07.818 [ERROR] database: Connection timeout after 4413ms
2026-06-15 19:17:08.318 [INFO] auth-service: Health check passed
2026-06-15 19:17:08.818 [INFO] auth-service: Request processed successfully in 22ms
2026-06-15 19:17:09.318 [DEBUG] user-service: Connection pool size 12
2026-06-15 19:17:09.818 [INFO] user-service: Health check passed
2026-06-15 19:17:10.318 [INFO] nginx: Cache hit ratio 80%
2026-06-15 19:17:10.818 [INFO] payment-service: Health check passed
2026-06-15 19:17:11.318 [DEBUG] redis: Connection pool size 17
2026-06-15 19:17:11.818 [DEBUG] redis: Connection pool size 14
2026-06-15 19:17:12.318 [INFO] api-gateway: Cache hit ratio 83%
2026-06-15 19:17:12.819 [INFO] database: Cache hit ratio 93%
2026-06-15 19:17:13.319 [INFO] redis: Cache hit ratio 84%
2026-06-15 19:17:13.819 [INFO] database: Connection pool restored
2026-06-15 19:17:14.319 [CRITICAL] api-gateway: Out of memory error - process killed
2026-06-15 19:17:14.819 [INFO] nginx: Request processed successfully in 169ms
2026-06-15 19:17:15.319 [DEBUG] api-gateway: Connection pool size 9
2026-06-15 19:17:15.819 [INFO] auth-service: Cache hit ratio 94%
2026-06-15 19:17:16.319 [INFO] database: Request processed successfully in 113ms
2026-06-15 19:17:16.819 [INFO] payment-service: Health check passed
2026-06-15 19:17:17.320 [INFO] api-gateway: Health check passed
2026-06-15 19:17:17.820 [INFO] user-service: Health check passed
2026-06-15 19:17:18.320 [ERROR] database: Deadlock detected in transaction
2026-06-15 19:17:18.820 [WARNING] payment-service: Memory usage 91%
2026-06-15 19:17:19.320 [INFO] api-gateway: Cache hit ratio 86%
2026-06-15 19:17:19.820 [DEBUG] payment-service: Connection pool size 10
2026-06-15 19:17:20.320 [CRITICAL] user-service: Service crashed
2026-06-15 19:17:20.820 [DEBUG] user-service: Connection pool size 20
2026-06-15 19:17:21.320 [INFO] database: Request processed successfully in 196ms
2026-06-15 19:17:21.820 [INFO] api-gateway: Health check passed
2026-06-15 19:17:22.320 [DEBUG] nginx: Connection pool size 15
2026-06-15 19:17:22.821 [DEBUG] auth-service: Connection pool size 13
2026-06-15 19:17:23.321 [ERROR] payment-service: Request timeout after 39s
2026-06-15 19:17:23.821 [INFO] payment-service: Cache hit ratio 99%
2026-06-15 19:17:24.321 [INFO] user-service: Service restarted successfully
2026-06-15 19:17:24.821 [DEBUG] redis: Connection pool size 10
2026-06-15 19:17:25.321 [CRITICAL] api-gateway: Out of memory error - process killed
2026-06-15 19:17:25.821 [INFO] user-service: Health check passed
2026-06-15 19:17:26.321 [INFO] auth-service: Health check passed
2026-06-15 19:17:26.821 [CRITICAL] payment-service: Service crashed
2026-06-15 19:17:27.322 [INFO] nginx: Cache hit ratio 92%
2026-06-15 19:17:27.822 [INFO] api-gateway: Request processed successfully in 138ms
2026-06-15 19:17:28.322 [INFO] auth-service: Request processed successfully in 60ms
2026-06-15 19:17:28.822 [INFO] payment-service: Health check passed after recovery
2026-06-15 19:17:29.322 [ERROR] database: Connection timeout after 3914ms
2026-06-15 19:17:29.822 [INFO] payment-service: Health check passed
2026-06-15 19:17:30.322 [CRITICAL] payment-service: Service crashed
2026-06-15 19:17:30.822 [INFO] api-gateway: Health check passed
2026-06-15 19:17:31.323 [DEBUG] redis: Connection pool size 13
2026-06-15 19:17:31.823 [ERROR] database: Query failed - relation 'orders' does not exist
2026-06-15 19:17:32.323 [INFO] api-gateway: Request processed successfully in 38ms
2026-06-15 19:17:32.823 [ERROR] database: Deadlock detected in transaction
2026-06-15 19:17:33.323 [DEBUG] nginx: Connection pool size 17
2026-06-15 19:17:33.823 [INFO] api-gateway: Service restarted successfully
2026-06-15 19:17:34.323 [ERROR] database: Connection timeout after 4582ms
2026-06-15 19:17:34.823 [INFO] payment-service: Cache hit ratio 85%
2026-06-15 19:17:35.323 [ERROR] database: Connection timeout after 3072ms
2026-06-15 19:17:35.824 [ERROR] redis: Dependency failure from database
2026-06-15 19:17:36.324 [INFO] database: Cache hit ratio 82%
2026-06-15 19:17:36.824 [DEBUG] api-gateway: Connection pool size 14
2026-06-15 19:17:37.324 [INFO] auth-service: Service restarted successfully
2026-06-15 19:17:37.824 [ERROR] database: Connection timeout after 3630ms
2026-06-15 19:17:38.324 [DEBUG] database: Connection pool size 9
2026-06-15 19:17:38.824 [INFO] nginx: Health check passed
2026-06-15 19:17:39.324 [ERROR] database: Connection timeout after 2706ms
2026-06-15 19:17:39.824 [INFO] user-service: Service restarted successfully
2026-06-15 19:17:40.324 [WARNING] payment-service: GC overhead limit reached
2026-06-15 19:17:40.825 [ERROR] api-gateway: Request timeout after 32s
2026-06-15 19:17:41.325 [WARNING] database: Memory usage 88%
2026-06-15 19:17:41.825 [DEBUG] api-gateway: Connection pool size 7
2026-06-15 19:17:42.325 [INFO] auth-service: Health check passed
2026-06-15 19:17:42.825 [INFO] redis: Health check passed
2026-06-15 19:17:43.325 [INFO] nginx: Health check passed
2026-06-15 19:17:43.825 [DEBUG] nginx: Connection pool size 19
2026-06-15 19:17:44.326 [WARNING] auth-service: Slow query detected (20s)
2026-06-15 19:17:44.826 [INFO] database: Health check passed
2026-06-15 19:17:45.326 [INFO] user-service: Request processed successfully in 184ms
2026-06-15 19:17:45.826 [DEBUG] database: Connection pool size 17
2026-06-15 19:17:46.326 [CRITICAL] auth-service: Service crashed
2026-06-15 19:17:46.826 [DEBUG] user-service: Connection pool size 19
2026-06-15 19:17:47.326 [INFO] nginx: Health check passed
2026-06-15 19:17:47.826 [DEBUG] database: Connection pool size 20
2026-06-15 19:17:48.326 [ERROR] redis: Upstream service unavailable
2026-06-15 19:17:48.826 [INFO] nginx: Service restarted successfully
2026-06-15 19:17:49.327 [INFO] redis: Request processed successfully in 92ms
2026-06-15 19:17:49.827 [ERROR] redis: Upstream service unavailable
2026-06-15 19:17:50.327 [INFO] user-service: Cache hit ratio 94%
2026-06-15 19:17:50.827 [CRITICAL] api-gateway: Service crashed
2026-06-15 19:17:51.327 [INFO] database: Request processed successfully in 39ms
2026-06-15 19:17:51.827 [INFO] user-service: Request processed successfully in 68ms
2026-06-15 19:17:52.327 [INFO] payment-service: Request processed successfully in 40ms
2026-06-15 19:17:52.827 [INFO] user-service: Health check passed
2026-06-15 19:17:53.327 [INFO] nginx: Request processed successfully in 174ms
2026-06-15 19:17:53.827 [INFO] payment-service: Cache hit ratio 89%
2026-06-15 19:17:54.328 [INFO] redis: Connection pool restored
2026-06-15 19:17:54.828 [DEBUG] api-gateway: Connection pool size 9
2026-06-15 19:17:55.328 [INFO] api-gateway: Service restarted successfully
2026-06-15 19:17:55.828 [WARNING] auth-service: Memory usage 88%
2026-06-15 19:17:56.328 [INFO] auth-service: Cache hit ratio 80%
2026-06-15 19:17:56.828 [INFO] redis: Health check passed
2026-06-15 19:17:57.328 [DEBUG] nginx: Connection pool size 20
2026-06-15 19:17:57.828 [INFO] user-service: Cache hit ratio 98%
2026-06-15 19:17:58.328 [DEBUG] payment-service: Connection pool size 19
2026-06-15 19:17:58.828 [ERROR] payment-service: Upstream service unavailable
2026-06-15 19:17:59.329 [INFO] payment-service: Request processed successfully in 168ms
2026-06-15 19:17:59.829 [ERROR] database: Connection timeout after 2905ms
2026-06-15 19:18:00.329 [INFO] user-service: Health check passed after recovery
2026-06-15 19:18:00.829 [INFO] user-service: Connection pool restored
2026-06-15 19:18:01.329 [INFO] redis: Health check passed
2026-06-15 19:18:01.829 [ERROR] nginx: Upstream service unavailable
2026-06-15 19:18:02.329 [WARNING] user-service: Memory usage 95%
2026-06-15 19:18:02.829 [INFO] api-gateway: Request processed successfully in 145ms
2026-06-15 19:18:03.330 [INFO] database: Cache hit ratio 81%
2026-06-15 19:18:03.830 [INFO] nginx: Cache hit ratio 82%
2026-06-15 19:18:04.330 [INFO] api-gateway: Request processed successfully in 154ms
2026-06-15 19:18:04.830 [CRITICAL] database: Connection pool exhausted
2026-06-15 19:18:05.330 [INFO] api-gateway: Cache hit ratio 86%
2026-06-15 19:18:05.830 [ERROR] user-service: Request timeout after 51s
2026-06-15 19:18:06.330 [INFO] api-gateway: Health check passed
2026-06-15 19:18:06.831 [DEBUG] auth-service: Connection pool size 11
2026-06-15 19:18:07.331 [INFO] auth-service: Cache hit ratio 94%
2026-06-15 19:18:07.831 [INFO] redis: Request processed successfully in 55ms
2026-06-15 19:18:08.331 [DEBUG] auth-service: Connection pool size 7
2026-06-15 19:18:08.831 [INFO] payment-service: Cache hit ratio 95%
2026-06-15 19:18:09.331 [DEBUG] redis: Connection pool size 10
2026-06-15 19:18:09.831 [INFO] user-service: Request processed successfully in 21ms
2026-06-15 19:18:10.332 [INFO] api-gateway: Request processed successfully in 175ms
2026-06-15 19:18:10.832 [ERROR] database: Connection timeout after 3004ms
2026-06-15 19:18:11.332 [INFO] api-gateway: Health check passed
2026-06-15 19:18:11.832 [INFO] api-gateway: Service restarted successfully
2026-06-15 19:18:12.332 [INFO] user-service: Cache hit ratio 89%
2026-06-15 19:18:12.832 [INFO] api-gateway: Cache hit ratio 83%
2026-06-15 19:18:13.332 [INFO] user-service: Cache hit ratio 81%
2026-06-15 19:18:13.833 [INFO] database: Request processed successfully in 170ms
2026-06-15 19:18:14.333 [INFO] api-gateway: Cache hit ratio 83%
2026-06-15 19:18:14.833 [INFO] redis: Cache hit ratio 80%
2026-06-15 19:18:15.333 [DEBUG] redis: Connection pool size 17
2026-06-15 19:18:15.833 [DEBUG] user-service: Connection pool size 7
2026-06-15 19:18:16.333 [DEBUG] database: Connection pool size 15
2026-06-15 19:18:16.834 [INFO] payment-service: Health check passed
2026-06-15 19:18:17.334 [ERROR] database: Query failed - relation 'orders' does not exist
2026-06-15 19:18:17.834 [WARNING] api-gateway: Memory usage 88%
2026-06-15 19:18:18.334 [DEBUG] database: Connection pool size 12
2026-06-15 19:18:18.834 [DEBUG] user-service: Connection pool size 18
2026-06-15 19:18:19.334 [INFO] user-service: Cache hit ratio 83%
2026-06-15 19:18:19.834 [INFO] auth-service: Request processed successfully in 94ms
2026-06-15 19:18:20.335 [DEBUG] auth-service: Connection pool size 19
2026-06-15 19:18:20.835 [INFO] payment-service: Cache hit ratio 91%
2026-06-15 19:18:21.335 [INFO] nginx: Health check passed
2026-06-15 19:18:21.835 [INFO] auth-service: Health check passed
2026-06-15 19:18:22.335 [INFO] user-service: Service restarted successfully
2026-06-15 19:18:22.835 [INFO] redis: Connection pool restored
2026-06-15 19:18:23.335 [DEBUG] auth-service: Connection pool size 14
2026-06-15 19:18:23.835 [WARNING] auth-service: GC overhead limit reached
2026-06-15 19:18:24.336 [INFO] auth-service: Cache hit ratio 97%
2026-06-15 19:18:24.836 [INFO] user-service: Cache hit ratio 92%
2026-06-15 19:18:25.336 [INFO] payment-service: Request processed successfully in 79ms
2026-06-15 19:18:25.836 [ERROR] api-gateway: Request timeout after 36s
2026-06-15 19:18:26.336 [INFO] user-service: Request processed successfully in 58ms
2026-06-15 19:18:26.836 [INFO] redis: Request processed successfully in 167ms
2026-06-15 19:18:27.336 [INFO] database: Health check passed
2026-06-15 19:18:27.836 [INFO] redis: Request processed successfully in 38ms
2026-06-15 19:18:28.336 [INFO] database: Cache hit ratio 80%
2026-06-15 19:18:28.836 [ERROR] payment-service: Request timeout after 33s
2026-06-15 19:18:29.337 [INFO] nginx: Health check passed
2026-06-15 19:18:29.837 [INFO] payment-service: Cache hit ratio 82%
2026-06-15 19:18:30.337 [INFO] redis: Health check passed
2026-06-15 19:18:30.837 [CRITICAL] database: Connection pool exhausted
2026-06-15 19:18:31.337 [INFO] database: Service restarted successfully
2026-06-15 19:18:31.837 [DEBUG] redis: Connection pool size 10
2026-06-15 19:18:32.337 [INFO] nginx: Health check passed
2026-06-15 19:18:32.837 [DEBUG] api-gateway: Connection pool size 18
2026-06-15 19:18:33.337 [INFO] database: Cache hit ratio 89%
2026-06-15 19:18:33.837 [DEBUG] payment-service: Connection pool size 9
2026-06-15 19:18:34.338 [DEBUG] redis: Connection pool size 9
2026-06-15 19:18:34.838 [ERROR] user-service: Request timeout after 36s
2026-06-15 19:18:35.338 [INFO] nginx: Cache hit ratio 82%
2026-06-15 19:18:35.838 [DEBUG] payment-service: Connection pool size 8
2026-06-15 19:18:36.338 [INFO] api-gateway: Connection pool restored
2026-06-15 19:18:36.838 [DEBUG] redis: Connection pool size 13
2026-06-15 19:18:37.338 [DEBUG] nginx: Connection pool size 20
2026-06-15 19:18:37.838 [INFO] api-gateway: Cache hit ratio 80%
2026-06-15 19:18:38.338 [ERROR] nginx: Upstream service unavailable
2026-06-15 19:18:38.839 [INFO] user-service: Health check passed
2026-06-15 19:18:39.339 [INFO] database: Health check passed
2026-06-15 19:18:39.839 [INFO] nginx: Health check passed
2026-06-15 19:18:40.339 [INFO] redis: Request processed successfully in 95ms
2026-06-15 19:18:40.839 [INFO] user-service: Cache hit ratio 84%
2026-06-15 19:18:41.339 [INFO] database: Request processed successfully in 114ms
2026-06-15 19:18:41.840 [DEBUG] user-service: Connection pool size 14
2026-06-15 19:18:42.340 [WARNING] user-service: Slow query detected (12s)
2026-06-15 19:18:42.840 [INFO] user-service: Cache hit ratio 97%
2026-06-15 19:18:43.340 [DEBUG] payment-service: Connection pool size 16
2026-06-15 19:18:43.840 [WARNING] nginx: Memory usage 94%
2026-06-15 19:18:44.340 [INFO] user-service: Request processed successfully in 88ms
2026-06-15 19:18:44.840 [INFO] database: Health check passed
2026-06-15 19:18:45.341 [INFO] auth-service: Health check passed
2026-06-15 19:18:45.841 [CRITICAL] database: Connection pool exhausted
2026-06-15 19:18:46.341 [WARNING] database: Memory usage 87%
2026-06-15 19:18:46.841 [INFO] user-service: Request processed successfully in 128ms
2026-06-15 19:18:47.341 [ERROR] user-service: Request timeout after 58s
2026-06-15 19:18:47.841 [INFO] user-service: Health check passed
2026-06-15 19:18:48.341 [INFO] database: Connection pool restored
2026-06-15 19:18:48.841 [INFO] nginx: Health check passed
2026-06-15 19:18:49.341 [INFO] api-gateway: Request processed successfully in 36ms
2026-06-15 19:18:49.841 [WARNING] database: GC overhead limit reached
2026-06-15 19:18:50.341 [DEBUG] redis: Connection pool size 20
2026-06-15 19:18:50.842 [INFO] database: Health check passed
2026-06-15 19:18:51.342 [DEBUG] payment-service: Connection pool size 6
2026-06-15 19:18:51.842 [INFO] redis: Service restarted successfully
2026-06-15 19:18:52.342 [INFO] redis: Health check passed
2026-06-15 19:18:52.842 [DEBUG] auth-service: Connection pool size 19
2026-06-15 19:18:53.342 [INFO] user-service: Cache hit ratio 94%
2026-06-15 19:18:53.842 [INFO] redis: Cache hit ratio 89%
2026-06-15 19:18:54.342 [ERROR] database: Query failed - relation 'orders' does not exist
2026-06-15 19:18:54.842 [INFO] redis: Health check passed
2026-06-15 19:18:55.342 [INFO] payment-service: Health check passed
2026-06-15 19:18:55.843 [INFO] user-service: Health check passed
2026-06-15 19:18:56.343 [INFO] user-service: Request processed successfully in 163ms
2026-06-15 19:18:56.843 [INFO] user-service: Request processed successfully in 153ms
2026-06-15 19:18:57.343 [INFO] payment-service: Request processed successfully in 57ms
2026-06-15 19:18:57.843 [INFO] api-gateway: Request processed successfully in 107ms
2026-06-15 19:18:58.343 [INFO] database: Health check passed
2026-06-15 19:18:58.843 [ERROR] database: Query failed - relation 'orders' does not exist
2026-06-15 19:18:59.343 [INFO] redis: Request processed successfully in 37ms
2026-06-15 19:18:59.843 [INFO] nginx: Request processed successfully in 68ms
2026-06-15 19:19:00.344 [DEBUG] api-gateway: Connection pool size 17
2026-06-15 19:19:00.844 [DEBUG] redis: Connection pool size 12
2026-06-15 19:19:01.344 [WARNING] auth-service: GC overhead limit reached
2026-06-15 19:19:01.844 [INFO] user-service: Request processed successfully in 138ms
2026-06-15 19:19:02.344 [INFO] user-service: Request processed successfully in 85ms
2026-06-15 19:19:02.844 [WARNING] payment-service: GC overhead limit reached
2026-06-15 19:19:03.344 [INFO] payment-service: Request processed successfully in 170ms
2026-06-15 19:19:03.844 [INFO] database: Request processed successfully in 113ms
2026-06-15 19:19:04.344 [ERROR] redis: Circuit breaker open for api-gateway
2026-06-15 19:19:04.845 [INFO] payment-service: Health check passed
2026-06-15 19:19:05.345 [INFO] user-service: Cache hit ratio 92%
2026-06-15 19:19:05.845 [INFO] nginx: Health check passed after recovery
2026-06-15 19:19:06.345 [ERROR] redis: Circuit breaker open for database
2026-06-15 19:19:06.845 [DEBUG] payment-service: Connection pool size 17
2026-06-15 19:19:07.345 [INFO] user-service: Cache hit ratio 95%
2026-06-15 19:19:07.845 [CRITICAL] payment-service: Out of memory error - process killed
2026-06-15 19:19:08.345 [INFO] user-service: Request processed successfully in 132ms
2026-06-15 19:19:08.845 [WARNING] auth-service: Slow query detected (25s)
2026-06-15 19:19:09.346 [INFO] api-gateway: Health check passed
2026-06-15 19:19:09.846 [WARNING] nginx: Slow query detected (16s)
2026-06-15 19:19:10.346 [WARNING] user-service: Memory usage 93%
2026-06-15 19:19:10.846 [INFO] nginx: Cache hit ratio 98%
2026-06-15 19:19:11.346 [INFO] user-service: Cache hit ratio 92%
2026-06-15 19:19:11.846 [ERROR] database: Query failed - relation 'orders' does not exist
2026-06-15 19:19:12.347 [INFO] redis: Cache hit ratio 90%
2026-06-15 19:19:12.847 [DEBUG] payment-service: Connection pool size 16
2026-06-15 19:19:13.347 [INFO] auth-service: Health check passed
2026-06-15 19:19:13.847 [INFO] auth-service: Health check passed
2026-06-15 19:19:14.347 [INFO] redis: Health check passed
2026-06-15 19:19:14.847 [INFO] payment-service: Request processed successfully in 28ms
2026-06-15 19:19:15.347 [INFO] redis: Health check passed
2026-06-15 19:19:15.847 [INFO] user-service: Request processed successfully in 83ms
2026-06-15 19:19:16.348 [INFO] payment-service: Health check passed
2026-06-15 19:19:16.848 [CRITICAL] database: Connection pool exhausted
2026-06-15 19:19:17.348 [INFO] user-service: Health check passed
2026-06-15 19:19:17.848 [INFO] api-gateway: Health check passed
2026-06-15 19:19:18.348 [INFO] payment-service: Request processed successfully in 178ms
2026-06-15 19:19:18.848 [ERROR] database: Deadlock detected in transaction
2026-06-15 19:19:19.348 [INFO] user-service: Cache hit ratio 96%
2026-06-15 19:19:19.849 [WARNING] nginx: GC overhead limit reached
2026-06-15 19:19:20.349 [INFO] redis: Request processed successfully in 62ms
2026-06-15 19:19:20.849 [INFO] auth-service: Cache hit ratio 93%
2026-06-15 19:19:21.349 [INFO] database: Service restarted successfully
2026-06-15 19:19:21.849 [ERROR] database: Circuit breaker open for api-gateway
2026-06-15 19:19:22.349 [INFO] payment-service: Cache hit ratio 85%
2026-06-15 19:19:22.849 [CRITICAL] database: Connection pool exhausted
2026-06-15 19:19:23.349 [INFO] auth-service: Cache hit ratio 86%
2026-06-15 19:19:23.849 [WARNING] payment-service: Memory usage 91%
2026-06-15 19:19:24.350 [INFO] redis: Health check passed
2026-06-15 19:19:24.850 [ERROR] database: Connection timeout after 2578ms
2026-06-15 19:19:25.350 [ERROR] database: Connection timeout after 2736ms
2026-06-15 19:19:25.850 [CRITICAL] database: Out of memory error - process killed
2026-06-15 19:19:26.350 [INFO] auth-service: Health check passed
2026-06-15 19:19:26.850 [INFO] api-gateway: Request processed successfully in 167ms
2026-06-15 19:19:27.350 [INFO] nginx: Health check passed
2026-06-15 19:19:27.850 [INFO] user-service: Health check passed
2026-06-15 19:19:28.351 [INFO] auth-service: Request processed successfully in 136ms
2026-06-15 19:19:28.851 [INFO] auth-service: Cache hit ratio 94%
2026-06-15 19:19:29.351 [ERROR] database: Connection timeout after 3907ms
2026-06-15 19:19:29.851 [INFO] redis: Cache hit ratio 86%
2026-06-15 19:19:30.351 [DEBUG] database: Connection pool size 13
2026-06-15 19:19:30.851 [INFO] redis: Cache hit ratio 95%
2026-06-15 19:19:31.352 [INFO] auth-service: Cache hit ratio 89%
2026-06-15 19:19:31.852 [CRITICAL] database: Connection pool exhausted
2026-06-15 19:19:32.352 [INFO] nginx: Health check passed after recovery
2026-06-15 19:19:32.852 [INFO] database: Health check passed after recovery
2026-06-15 19:19:33.352 [INFO] database: Health check passed
2026-06-15 19:19:33.852 [INFO] user-service: Health check passed
2026-06-15 19:19:34.352 [ERROR] database: Connection timeout after 4486ms
2026-06-15 19:19:34.853 [DEBUG] payment-service: Connection pool size 12
2026-06-15 19:19:35.353 [INFO] auth-service: Request processed successfully in 89ms
2026-06-15 19:19:35.853 [INFO] api-gateway: Health check passed
2026-06-15 19:19:36.353 [INFO] payment-service: Health check passed
2026-06-15 19:19:36.853 [DEBUG] redis: Connection pool size 9
2026-06-15 19:19:37.353 [INFO] payment-service: Cache hit ratio 97%
2026-06-15 19:19:37.853 [CRITICAL] database: Out of memory error - process killed
2026-06-15 19:19:38.353 [INFO] auth-service: Connection pool restored
2026-06-15 19:19:38.853 [INFO] auth-service: Health check passed
2026-06-15 19:19:39.354 [INFO] database: Cache hit ratio 84%
2026-06-15 19:19:39.854 [INFO] auth-service: Health check passed
2026-06-15 19:19:40.354 [INFO] database: Request processed successfully in 11ms
2026-06-15 19:19:40.854 [INFO] payment-service: Request processed successfully in 144ms
2026-06-15 19:19:41.354 [INFO] api-gateway: Service restarted successfully
2026-06-15 19:19:41.854 [INFO] nginx: Request processed successfully in 160ms
2026-06-15 19:19:42.354 [ERROR] database: Connection timeout after 1559ms
2026-06-15 19:19:42.854 [CRITICAL] database: Out of memory error - process killed
2026-06-15 19:19:43.354 [WARNING] redis: GC overhead limit reached
2026-06-15 19:19:43.854 [INFO] nginx: Health check passed
2026-06-15 19:19:44.355 [WARNING] user-service: Memory usage 88%
2026-06-15 19:19:44.855 [INFO] api-gateway: Cache hit ratio 93%
2026-06-15 19:19:45.355 [ERROR] payment-service: Upstream service unavailable
2026-06-15 19:19:45.855 [WARNING] auth-service: Slow query detected (16s)
2026-06-15 19:19:46.355 [INFO] database: Service restarted successfully
2026-06-15 19:19:46.855 [INFO] auth-service: Cache hit ratio 91%
2026-06-15 19:19:47.355 [ERROR] user-service: Request timeout after 41s
2026-06-15 19:19:47.855 [INFO] auth-service: Health check passed
2026-06-15 19:19:48.355 [INFO] auth-service: Health check passed
2026-06-15 19:19:48.856 [INFO] redis: Health check passed
2026-06-15 19:19:49.356 [DEBUG] database: Connection pool size 10
2026-06-15 19:19:49.856 [WARNING] payment-service: Slow query detected (8s)
2026-06-15 19:19:50.356 [INFO] database: Request processed successfully in 11ms
2026-06-15 19:19:50.856 [INFO] nginx: Service restarted successfully
2026-06-15 19:19:51.356 [DEBUG] redis: Connection pool size 6
2026-06-15 19:19:51.857 [INFO] api-gateway: Request processed successfully in 36ms
2026-06-15 19:19:52.357 [DEBUG] nginx: Connection pool size 17
2026-06-15 19:19:52.857 [CRITICAL] payment-service: Service crashed
2026-06-15 19:19:53.357 [INFO] nginx: Request processed successfully in 40ms
2026-06-15 19:19:53.857 [DEBUG] api-gateway: Connection pool size 10
2026-06-15 19:19:54.357 [INFO] redis: Request processed successfully in 17ms
2026-06-15 19:19:54.857 [ERROR] database: Query failed - relation 'orders' does not exist
2026-06-15 19:19:55.358 [INFO] nginx: Health check passed
2026-06-15 19:19:55.858 [DEBUG] payment-service: Connection pool size 18
2026-06-15 19:19:56.358 [CRITICAL] database: Out of memory error - process killed
2026-06-15 19:19:56.858 [CRITICAL] database: Connection pool exhausted
2026-06-15 19:19:57.358 [DEBUG] user-service: Connection pool size 17
2026-06-15 19:19:57.858 [CRITICAL] database: Connection pool exhausted
2026-06-15 19:19:58.359 [WARNING] database: GC overhead limit reached
2026-06-15 19:19:58.859 [INFO] database: Health check passed
2026-06-15 19:19:59.359 [ERROR] database: Query failed - relation 'orders' does not exist
2026-06-15 19:19:59.859 [INFO] database: Health check passed
2026-06-15 19:20:00.359 [INFO] redis: Request processed successfully in 96ms
2026-06-15 19:20:00.859 [INFO] database: Cache hit ratio 90%
2026-06-15 19:20:01.359 [INFO] payment-service: Request processed successfully in 84ms
2026-06-15 19:20:01.860 [INFO] database: Cache hit ratio 93%
2026-06-15 19:20:02.360 [DEBUG] redis: Connection pool size 6
2026-06-15 19:20:02.860 [INFO] database: Request processed successfully in 31ms
2026-06-15 19:20:03.360 [INFO] user-service: Health check passed
2026-06-15 19:20:03.860 [INFO] redis: Request processed successfully in 60ms
2026-06-15 19:20:04.360 [INFO] user-service: Request processed successfully in 185ms
2026-06-15 19:20:04.861 [INFO] payment-service: Cache hit ratio 86%
2026-06-15 19:20:05.361 [ERROR] database: Request timeout after 50s
2026-06-15 19:20:05.861 [INFO] auth-service: Request processed successfully in 39ms
2026-06-15 19:20:06.361 [DEBUG] nginx: Connection pool size 18
2026-06-15 19:20:06.861 [CRITICAL] database: Connection pool exhausted
2026-06-15 19:20:07.361 [INFO] payment-service: Cache hit ratio 92%
2026-06-15 19:20:07.861 [ERROR] payment-service: Dependency failure from auth-service
2026-06-15 19:20:08.361 [INFO] redis: Health check passed
2026-06-15 19:20:08.861 [CRITICAL] api-gateway: Service crashed
2026-06-15 19:20:09.362 [INFO] redis: Health check passed
2026-06-15 19:20:09.862 [ERROR] nginx: Upstream service unavailable
2026-06-15 19:20:10.362 [ERROR] database: Query failed - relation 'orders' does not exist
2026-06-15 19:20:10.862 [INFO] auth-service: Request processed successfully in 116ms
2026-06-15 19:20:11.362 [INFO] user-service: Cache hit ratio 88%
2026-06-15 19:20:11.862 [ERROR] database: Deadlock detected in transaction
2026-06-15 19:20:12.363 [INFO] auth-service: Cache hit ratio 99%
2026-06-15 19:20:12.863 [INFO] nginx: Health check passed
2026-06-15 19:20:13.363 [ERROR] database: Upstream service unavailable
2026-06-15 19:20:13.863 [DEBUG] redis: Connection pool size 12
2026-06-15 19:20:14.364 [CRITICAL] database: Connection pool exhausted
2026-06-15 19:20:14.864 [INFO] user-service: Connection pool restored
2026-06-15 19:20:15.364 [INFO] redis: Health check passed
2026-06-15 19:20:15.864 [INFO] api-gateway: Health check passed
2026-06-15 19:20:16.364 [DEBUG] payment-service: Connection pool size 12
2026-06-15 19:20:16.864 [INFO] payment-service: Service restarted successfully
2026-06-15 19:20:17.364 [INFO] user-service: Health check passed
2026-06-15 19:20:17.864 [DEBUG] auth-service: Connection pool size 16
2026-06-15 19:20:18.364 [ERROR] database: Connection timeout after 1030ms
2026-06-15 19:20:18.864 [INFO] redis: Cache hit ratio 87%
2026-06-15 19:20:19.365 [INFO] payment-service: Health check passed
2026-06-15 19:20:19.865 [INFO] nginx: Health check passed
2026-06-15 19:20:20.365 [DEBUG] payment-service: Connection pool size 10
2026-06-15 19:20:20.865 [INFO] redis: Health check passed
2026-06-15 19:20:21.365 [INFO] api-gateway: Health check passed
2026-06-15 19:20:21.865 [INFO] user-service: Cache hit ratio 83%
2026-06-15 19:20:22.365 [INFO] nginx: Request processed successfully in 44ms
2026-06-15 19:20:22.865 [ERROR] database: Connection timeout after 2368ms
2026-06-15 19:20:23.365 [ERROR] database: Query failed - relation 'orders' does not exist
2026-06-15 19:20:23.866 [ERROR] api-gateway: Circuit breaker open for database
2026-06-15 19:20:24.366 [ERROR] database: Query failed - relation 'orders' does not exist
2026-06-15 19:20:24.866 [ERROR] database: Deadlock detected in transaction
2026-06-15 19:20:25.366 [DEBUG] payment-service: Connection pool size 15
2026-06-15 19:20:25.866 [INFO] user-service: Request processed successfully in 125ms
2026-06-15 19:20:26.366 [INFO] payment-service: Health check passed
2026-06-15 19:20:26.866 [INFO] user-service: Connection pool restored
2026-06-15 19:20:27.366 [DEBUG] auth-service: Connection pool size 9
2026-06-15 19:20:27.866 [DEBUG] database: Connection pool size 8
2026-06-15 19:20:28.366 [INFO] database: Health check passed
2026-06-15 19:20:28.867 [CRITICAL] redis: Service crashed
2026-06-15 19:20:29.367 [INFO] database: Cache hit ratio 86%
2026-06-15 19:20:29.867 [INFO] user-service: Request processed successfully in 47ms
2026-06-15 19:20:30.367 [ERROR] database: Connection timeout after 2706ms
2026-06-15 19:20:30.867 [DEBUG] nginx: Connection pool size 17
2026-06-15 19:20:31.367 [DEBUG] nginx: Connection pool size 13
2026-06-15 19:20:31.867 [CRITICAL] nginx: Out of memory error - process killed
2026-06-15 19:20:32.367 [INFO] nginx: Cache hit ratio 98%
2026-06-15 19:20:32.867 [DEBUG] auth-service: Connection pool size 8
2026-06-15 19:20:33.368 [INFO] redis: Cache hit ratio 84%
2026-06-15 19:20:33.868 [INFO] redis: Cache hit ratio 96%
2026-06-15 19:20:34.368 [INFO] payment-service: Health check passed
2026-06-15 19:20:34.868 [INFO] user-service: Request processed successfully in 140ms
2026-06-15 19:20:35.368 [DEBUG] api-gateway: Connection pool size 18
2026-06-15 19:20:35.868 [DEBUG] redis: Connection pool size 8
2026-06-15 19:20:36.368 [CRITICAL] database: Connection pool exhausted
2026-06-15 19:20:36.868 [DEBUG] database: Connection pool size 12
2026-06-15 19:20:37.368 [INFO] redis: Health check passed
2026-06-15 19:20:37.869 [INFO] nginx: Cache hit ratio 98%
2026-06-15 19:20:38.369 [INFO] database: Request processed successfully in 165ms
2026-06-15 19:20:38.869 [DEBUG] user-service: Connection pool size 19
2026-06-15 19:20:39.369 [INFO] api-gateway: Request processed successfully in 169ms
2026-06-15 19:20:39.869 [WARNING] auth-service: Memory usage 88%
2026-06-15 19:20:40.369 [INFO] redis: Cache hit ratio 91%
2026-06-15 19:20:40.869 [INFO] user-service: Health check passed
2026-06-15 19:20:41.369 [WARNING] redis: Slow query detected (9s)
2026-06-15 19:20:41.870 [INFO] auth-service: Cache hit ratio 97%
2026-06-15 19:20:42.370 [DEBUG] auth-service: Connection pool size 13
2026-06-15 19:20:42.870 [DEBUG] payment-service: Connection pool size 17
2026-06-15 19:20:43.370 [ERROR] api-gateway: Request timeout after 32s
2026-06-15 19:20:43.870 [INFO] api-gateway: Cache hit ratio 94%
2026-06-15 19:20:44.370 [ERROR] auth-service: Request timeout after 39s
2026-06-15 19:20:44.870 [INFO] database: Health check passed
2026-06-15 19:20:45.371 [INFO] redis: Request processed successfully in 41ms
2026-06-15 19:20:45.871 [INFO] payment-service: Request processed successfully in 186ms
2026-06-15 19:20:46.371 [ERROR] user-service: Dependency failure from auth-service
2026-06-15 19:20:46.871 [INFO] auth-service: Cache hit ratio 89%
2026-06-15 19:20:47.371 [INFO] redis: Cache hit ratio 88%
2026-06-15 19:20:47.871 [WARNING] database: Memory usage 87%
2026-06-15 19:20:48.371 [DEBUG] redis: Connection pool size 20
2026-06-15 19:20:48.871 [CRITICAL] user-service: Out of memory error - process killed
2026-06-15 19:20:49.371 [INFO] user-service: Cache hit ratio 97%
2026-06-15 19:20:49.872 [INFO] nginx: Health check passed
2026-06-15 19:20:50.372 [INFO] auth-service: Health check passed
2026-06-15 19:20:50.872 [CRITICAL] nginx: Service crashed
2026-06-15 19:20:51.372 [INFO] api-gateway: Health check passed
2026-06-15 19:20:51.872 [INFO] payment-service: Request processed successfully in 96ms
2026-06-15 19:20:52.372 [INFO] user-service: Health check passed
2026-06-15 19:20:52.872 [INFO] redis: Health check passed
2026-06-15 19:20:53.372 [ERROR] database: Query failed - relation 'orders' does not exist
2026-06-15 19:20:53.872 [INFO] payment-service: Request processed successfully in 25ms
2026-06-15 19:20:54.373 [DEBUG] user-service: Connection pool size 20
2026-06-15 19:20:54.873 [INFO] nginx: Service restarted successfully
2026-06-15 19:20:55.373 [INFO] redis: Health check passed
2026-06-15 19:20:55.873 [INFO] payment-service: Cache hit ratio 81%
2026-06-15 19:20:56.373 [DEBUG] redis: Connection pool size 16
2026-06-15 19:20:56.873 [INFO] payment-service: Health check passed
2026-06-15 19:20:57.373 [INFO] api-gateway: Health check passed
2026-06-15 19:20:57.873 [INFO] redis: Cache hit ratio 90%
2026-06-15 19:20:58.373 [INFO] api-gateway: Cache hit ratio 86%
2026-06-15 19:20:58.873 [INFO] database: Cache hit ratio 81%
2026-06-15 19:20:59.374 [ERROR] database: Deadlock detected in transaction
2026-06-15 19:20:59.874 [WARNING] auth-service: Memory usage 88%
2026-06-15 19:21:00.374 [ERROR] database: Deadlock detected in transaction
2026-06-15 19:21:00.874 [ERROR] database: Deadlock detected in transaction
2026-06-15 19:21:01.374 [ERROR] nginx: Upstream service unavailable
2026-06-15 19:21:01.874 [ERROR] database: Deadlock detected in transaction
2026-06-15 19:21:02.374 [INFO] redis: Request processed successfully in 58ms
2026-06-15 19:21:02.874 [DEBUG] payment-service: Connection pool size 10
2026-06-15 19:21:03.374 [INFO] api-gateway: Health check passed
2026-06-15 19:21:03.874 [INFO] payment-service: Cache hit ratio 84%
2026-06-15 19:21:04.375 [INFO] user-service: Health check passed
2026-06-15 19:21:04.875 [ERROR] database: Query failed - relation 'orders' does not exist
2026-06-15 19:21:05.375 [INFO] redis: Cache hit ratio 94%
2026-06-15 19:21:05.875 [INFO] database: Cache hit ratio 83%
2026-06-15 19:21:06.375 [INFO] api-gateway: Health check passed
2026-06-15 19:21:06.875 [INFO] nginx: Request processed successfully in 89ms
2026-06-15 19:21:07.376 [INFO] database: Request processed successfully in 145ms
2026-06-15 19:21:07.876 [DEBUG] user-service: Connection pool size 10
2026-06-15 19:21:08.376 [INFO] redis: Health check passed
2026-06-15 19:21:08.876 [INFO] redis: Request processed successfully in 19ms
2026-06-15 19:21:09.376 [INFO] api-gateway: Request processed successfully in 198ms
2026-06-15 19:21:09.876 [INFO] payment-service: Request processed successfully in 111ms
2026-06-15 19:21:10.376 [INFO] user-service: Health check passed
2026-06-15 19:21:10.876 [DEBUG] user-service: Connection pool size 10
2026-06-15 19:21:11.377 [DEBUG] database: Connection pool size 18
2026-06-15 19:21:11.877 [INFO] redis: Cache hit ratio 95%
2026-06-15 19:21:12.377 [CRITICAL] nginx: Out of memory error - process killed
2026-06-15 19:21:12.877 [INFO] user-service: Cache hit ratio 93%
2026-06-15 19:21:13.377 [INFO] user-service: Connection pool restored
2026-06-15 19:21:13.877 [ERROR] database: Query failed - relation 'orders' does not exist
2026-06-15 19:21:14.378 [INFO] database: Cache hit ratio 94%
2026-06-15 19:21:14.878 [INFO] user-service: Health check passed
2026-06-15 19:21:15.378 [INFO] auth-service: Request processed successfully in 84ms
2026-06-15 19:21:15.878 [INFO] payment-service: Cache hit ratio 95%
2026-06-15 19:21:16.378 [INFO] nginx: Health check passed
2026-06-15 19:21:16.878 [INFO] nginx: Cache hit ratio 89%
2026-06-15 19:21:17.378 [WARNING] auth-service: Memory usage 89%
2026-06-15 19:21:17.878 [INFO] api-gateway: Health check passed after recovery
2026-06-15 19:21:18.379 [INFO] payment-service: Cache hit ratio 92%
2026-06-15 19:21:18.879 [INFO] database: Service restarted successfully
2026-06-15 19:21:19.379 [INFO] user-service: Cache hit ratio 85%
2026-06-15 19:21:19.879 [DEBUG] nginx: Connection pool size 10
2026-06-15 19:21:20.379 [INFO] payment-service: Health check passed
2026-06-15 19:21:20.879 [INFO] payment-service: Connection pool restored
2026-06-15 19:21:21.379 [ERROR] database: Connection timeout after 3071ms
2026-06-15 19:21:21.879 [ERROR] payment-service: Circuit breaker open for auth-service
2026-06-15 19:21:22.379 [DEBUG] auth-service: Connection pool size 19
2026-06-15 19:21:22.880 [INFO] payment-service: Cache hit ratio 89%
2026-06-15 19:21:23.380 [INFO] nginx: Health check passed
2026-06-15 19:21:23.880 [CRITICAL] api-gateway: Service crashed
2026-06-15 19:21:24.380 [INFO] nginx: Request processed successfully in 98ms
2026-06-15 19:21:24.880 [ERROR] database: Connection timeout after 1410ms
2026-06-15 19:21:25.380 [WARNING] api-gateway: Memory usage 95%
2026-06-15 19:21:25.880 [INFO] user-service: Health check passed
2026-06-15 19:21:26.380 [INFO] database: Request processed successfully in 185ms
2026-06-15 19:21:26.880 [INFO] auth-service: Cache hit ratio 98%
2026-06-15 19:21:27.381 [CRITICAL] database: Connection pool exhausted
2026-06-15 19:21:27.881 [INFO] user-service: Health check passed
2026-06-15 19:21:28.381 [ERROR] user-service: Circuit breaker open for database
2026-06-15 19:21:28.881 [ERROR] database: Deadlock detected in transaction
2026-06-15 19:21:29.381 [DEBUG] api-gateway: Connection pool size 20
2026-06-15 19:21:29.881 [INFO] payment-service: Health check passed after recovery
2026-06-15 19:21:30.381 [INFO] api-gateway: Request processed successfully in 69ms
2026-06-15 19:21:30.881 [INFO] payment-service: Connection pool restored
2026-06-15 19:21:31.381 [WARNING] auth-service: GC overhead limit reached
2026-06-15 19:21:31.882 [ERROR] database: Deadlock detected in transaction
2026-06-15 19:21:32.382 [INFO] nginx: Cache hit ratio 99%
2026-06-15 19:21:32.882 [INFO] database: Health check passed
2026-06-15 19:21:33.382 [INFO] auth-service: Cache hit ratio 84%
2026-06-15 19:21:33.882 [ERROR] database: Query failed - relation 'orders' does not exist
2026-06-15 19:21:34.382 [INFO] redis: Health check passed
2026-06-15 19:21:34.882 [INFO] database: Health check passed
2026-06-15 19:21:35.382 [ERROR] database: Upstream service unavailable
2026-06-15 19:21:35.883 [INFO] api-gateway: Cache hit ratio 97%
2026-06-15 19:21:36.383 [INFO] user-service: Cache hit ratio 87%
2026-06-15 19:21:36.883 [INFO] api-gateway: Request processed successfully in 30ms
2026-06-15 19:21:37.383 [CRITICAL] api-gateway: Service crashed
2026-06-15 19:21:37.883 [INFO] redis: Request processed successfully in 54ms
2026-06-15 19:21:38.383 [INFO] database: Health check passed after recovery
2026-06-15 19:21:38.883 [ERROR] database: Deadlock detected in transaction
2026-06-15 19:21:39.383 [WARNING] user-service: GC overhead limit reached
2026-06-15 19:21:39.884 [INFO] user-service: Cache hit ratio 85%
2026-06-15 19:21:40.384 [DEBUG] api-gateway: Connection pool size 8
2026-06-15 19:21:40.884 [INFO] auth-service: Connection pool restored
2026-06-15 19:21:41.384 [INFO] redis: Request processed successfully in 17ms
2026-06-15 19:21:41.884 [CRITICAL] database: Connection pool exhausted
2026-06-15 19:21:42.385 [ERROR] database: Connection timeout after 3427ms
2026-06-15 19:21:42.885 [INFO] payment-service: Cache hit ratio 95%
2026-06-15 19:21:43.385 [INFO] redis: Request processed successfully in 73ms
2026-06-15 19:21:43.885 [CRITICAL] api-gateway: Out of memory error - process killed
2026-06-15 19:21:44.385 [INFO] database: Cache hit ratio 83%
2026-06-15 19:21:44.885 [INFO] api-gateway: Request processed successfully in 173ms
2026-06-15 19:21:45.385 [INFO] user-service: Request processed successfully in 80ms
2026-06-15 19:21:45.886 [INFO] auth-service: Health check passed
2026-06-15 19:21:46.386 [INFO] auth-service: Cache hit ratio 84%
2026-06-15 19:21:46.886 [INFO] user-service: Request processed successfully in 42ms
2026-06-15 19:21:47.386 [INFO] user-service: Request processed successfully in 150ms
2026-06-15 19:21:47.886 [DEBUG] api-gateway: Connection pool size 11
2026-06-15 19:21:48.386 [DEBUG] nginx: Connection pool size 17
2026-06-15 19:21:48.886 [INFO] redis: Request processed successfully in 35ms
2026-06-15 19:21:49.386 [WARNING] api-gateway: Slow query detected (16s)
2026-06-15 19:21:49.887 [INFO] api-gateway: Cache hit ratio 93%
2026-06-15 19:21:50.387 [INFO] user-service: Request processed successfully in 181ms
2026-06-15 19:21:50.887 [INFO] redis: Health check passed
2026-06-15 19:21:51.387 [INFO] database: Health check passed
2026-06-15 19:21:51.887 [DEBUG] payment-service: Connection pool size 12
2026-06-15 19:21:52.387 [CRITICAL] payment-service: Out of memory error - process killed
2026-06-15 19:21:52.887 [INFO] api-gateway: Request processed successfully in 90ms
2026-06-15 19:21:53.387 [CRITICAL] database: Connection pool exhausted
2026-06-15 19:21:53.887 [INFO] nginx: Health check passed
2026-06-15 19:21:54.388 [ERROR] database: Deadlock detected in transaction
2026-06-15 19:21:54.888 [ERROR] auth-service: Circuit breaker open for redis
2026-06-15 19:21:55.388 [INFO] redis: Health check passed
2026-06-15 19:21:55.888 [WARNING] database: GC overhead limit reached
2026-06-15 19:21:56.388 [INFO] user-service: Health check passed
2026-06-15 19:21:56.888 [INFO] payment-service: Cache hit ratio 94%
2026-06-15 19:21:57.388 [WARNING] redis: Slow query detected (29s)
2026-06-15 19:21:57.888 [DEBUG] redis: Connection pool size 16
2026-06-15 19:21:58.389 [INFO] api-gateway: Cache hit ratio 83%
2026-06-15 19:21:58.889 [INFO] nginx: Cache hit ratio 98%
2026-06-15 19:21:59.389 [ERROR] user-service: Upstream service unavailable
2026-06-15 19:21:59.889 [INFO] api-gateway: Health check passed
2026-06-15 19:22:00.389 [INFO] redis: Request processed successfully in 133ms
2026-06-15 19:22:00.889 [CRITICAL] database: Connection pool exhausted
2026-06-15 19:22:01.389 [INFO] user-service: Request processed successfully in 174ms
2026-06-15 19:22:01.889 [INFO] auth-service: Request processed successfully in 176ms
2026-06-15 19:22:02.390 [INFO] api-gateway: Cache hit ratio 87%
2026-06-15 19:22:02.890 [INFO] user-service: Request processed successfully in 144ms
2026-06-15 19:22:03.390 [ERROR] database: Query failed - relation 'orders' does not exist
2026-06-15 19:22:03.890 [INFO] auth-service: Request processed successfully in 108ms
2026-06-15 19:22:04.390 [DEBUG] database: Connection pool size 13
2026-06-15 19:22:04.890 [INFO] auth-service: Health check passed
2026-06-15 19:22:05.390 [INFO] database: Cache hit ratio 80%
2026-06-15 19:22:05.891 [ERROR] database: Deadlock detected in transaction
2026-06-15 19:22:06.391 [INFO] user-service: Cache hit ratio 97%
2026-06-15 19:22:06.891 [DEBUG] api-gateway: Connection pool size 13
2026-06-15 19:22:07.391 [INFO] auth-service: Request processed successfully in 165ms
2026-06-15 19:22:07.891 [DEBUG] nginx: Connection pool size 9
2026-06-15 19:22:08.391 [INFO] user-service: Service restarted successfully
2026-06-15 19:22:08.891 [INFO] database: Cache hit ratio 84%
2026-06-15 19:22:09.391 [INFO] user-service: Request processed successfully in 190ms
2026-06-15 19:22:09.892 [INFO] api-gateway: Request processed successfully in 14ms
2026-06-15 19:22:10.392 [INFO] user-service: Request processed successfully in 34ms
2026-06-15 19:22:10.892 [INFO] database: Health check passed
2026-06-15 19:22:11.392 [WARNING] api-gateway: GC overhead limit reached
2026-06-15 19:22:11.892 [INFO] auth-service: Request processed successfully in 82ms
2026-06-15 19:22:12.392 [INFO] redis: Health check passed
2026-06-15 19:22:12.892 [INFO] payment-service: Cache hit ratio 95%
2026-06-15 19:22:13.392 [INFO] redis: Request processed successfully in 22ms
2026-06-15 19:22:13.892 [INFO] payment-service: Health check passed
2026-06-15 19:22:14.393 [INFO] redis: Request processed successfully in 69ms
2026-06-15 19:22:14.893 [ERROR] database: Query failed - relation 'orders' does not exist
2026-06-15 19:22:15.393 [DEBUG] redis: Connection pool size 18
2026-06-15 19:22:15.893 [INFO] redis: Cache hit ratio 99%
2026-06-15 19:22:16.393 [INFO] payment-service: Request processed successfully in 136ms
2026-06-15 19:22:16.893 [ERROR] user-service: Request timeout after 38s
2026-06-15 19:22:17.393 [INFO] nginx: Health check passed
2026-06-15 19:22:17.894 [ERROR] database: Deadlock detected in transaction
2026-06-15 19:22:18.394 [ERROR] redis: Request timeout after 52s
2026-06-15 19:22:18.894 [DEBUG] user-service: Connection pool size 19
2026-06-15 19:22:19.394 [INFO] redis: Request processed successfully in 135ms
2026-06-15 19:22:19.894 [INFO] redis: Service restarted successfully
2026-06-15 19:22:20.394 [CRITICAL] auth-service: Out of memory error - process killed
2026-06-15 19:22:20.894 [INFO] api-gateway: Request processed successfully in 70ms
2026-06-15 19:22:21.394 [INFO] database: Request processed successfully in 191ms
2026-06-15 19:22:21.895 [INFO] database: Health check passed
2026-06-15 19:22:22.395 [ERROR] database: Query failed - relation 'orders' does not exist
2026-06-15 19:22:22.895 [INFO] auth-service: Cache hit ratio 85%
2026-06-15 19:22:23.395 [INFO] database: Cache hit ratio 86%
2026-06-15 19:22:23.895 [INFO] payment-service: Request processed successfully in 89ms
2026-06-15 19:22:24.395 [DEBUG] nginx: Connection pool size 12
2026-06-15 19:22:24.895 [DEBUG] redis: Connection pool size 7
2026-06-15 19:22:25.395 [INFO] payment-service: Request processed successfully in 107ms
2026-06-15 19:22:25.896 [DEBUG] database: Connection pool size 15
2026-06-15 19:22:26.396 [ERROR] database: Deadlock detected in transaction
2026-06-15 19:22:26.896 [DEBUG] user-service: Connection pool size 13
2026-06-15 19:22:27.396 [INFO] database: Health check passed
2026-06-15 19:22:27.896 [INFO] nginx: Health check passed
2026-06-15 19:22:28.396 [WARNING] auth-service: Slow query detected (19s)
2026-06-15 19:22:28.896 [ERROR] database: Deadlock detected in transaction
2026-06-15 19:22:29.396 [INFO] user-service: Health check passed after recovery
2026-06-15 19:22:29.896 [DEBUG] auth-service: Connection pool size 12
2026-06-15 19:22:30.397 [INFO] payment-service: Request processed successfully in 161ms
2026-06-15 19:22:30.897 [CRITICAL] auth-service: Service crashed
2026-06-15 19:22:31.397 [ERROR] payment-service: Request timeout after 59s
2026-06-15 19:22:31.897 [INFO] database: Health check passed
2026-06-15 19:22:32.397 [INFO] payment-service: Cache hit ratio 98%
2026-06-15 19:22:32.897 [INFO] user-service: Service restarted successfully
2026-06-15 19:22:33.397 [INFO] database: Cache hit ratio 95%
2026-06-15 19:22:33.898 [INFO] database: Request processed successfully in 49ms
2026-06-15 19:22:34.398 [ERROR] database: Deadlock detected in transaction
2026-06-15 19:22:34.898 [INFO] nginx: Cache hit ratio 90%
2026-06-15 19:22:35.398 [INFO] database: Request processed successfully in 17ms
2026-06-15 19:22:35.898 [WARNING] nginx: Memory usage 86%
2026-06-15 19:22:36.398 [ERROR] database: Upstream service unavailable
2026-06-15 19:22:36.898 [INFO] database: Health check passed
2026-06-15 19:22:37.398 [WARNING] payment-service: Slow query detected (30s)
2026-06-15 19:22:37.898 [INFO] api-gateway: Cache hit ratio 90%
2026-06-15 19:22:38.399 [INFO] nginx: Health check passed after recovery
2026-06-15 19:22:38.899 [INFO] user-service: Health check passed
2026-06-15 19:22:39.399 [DEBUG] api-gateway: Connection pool size 13
2026-06-15 19:22:39.899 [INFO] user-service: Connection pool restored
2026-06-15 19:22:40.399 [INFO] redis: Cache hit ratio 82%
2026-06-15 19:22:40.899 [INFO] nginx: Cache hit ratio 80%
2026-06-15 19:22:41.399 [INFO] redis: Cache hit ratio 85%
2026-06-15 19:22:41.899 [DEBUG] auth-service: Connection pool size 12
2026-06-15 19:22:42.400 [INFO] api-gateway: Health check passed
2026-06-15 19:22:42.900 [INFO] auth-service: Health check passed
2026-06-15 19:22:43.400 [INFO] auth-service: Health check passed
2026-06-15 19:22:43.900 [DEBUG] api-gateway: Connection pool size 11
2026-06-15 19:22:44.401 [INFO] api-gateway: Health check passed
2026-06-15 19:22:44.901 [CRITICAL] database: Connection pool exhausted
2026-06-15 19:22:45.401 [DEBUG] api-gateway: Connection pool size 18
2026-06-15 19:22:45.901 [INFO] auth-service: Health check passed
2026-06-15 19:22:46.401 [DEBUG] database: Connection pool size 7
2026-06-15 19:22:46.901 [WARNING] auth-service: Slow query detected (25s)
2026-06-15 19:22:47.402 [INFO] auth-service: Health check passed
2026-06-15 19:22:47.902 [INFO] database: Service restarted successfully
2026-06-15 19:22:48.402 [INFO] api-gateway: Health check passed
2026-06-15 19:22:48.902 [INFO] api-gateway: Cache hit ratio 85%
2026-06-15 19:22:49.402 [ERROR] database: Connection timeout after 1972ms
2026-06-15 19:22:49.902 [INFO] user-service: Health check passed
2026-06-15 19:22:50.402 [INFO] redis: Cache hit ratio 88%
2026-06-15 19:22:50.903 [INFO] payment-service: Cache hit ratio 84%
2026-06-15 19:22:51.403 [INFO] nginx: Health check passed
2026-06-15 19:22:51.903 [ERROR] database: Connection timeout after 3720ms
2026-06-15 19:22:52.403 [INFO] api-gateway: Cache hit ratio 85%
2026-06-15 19:22:52.903 [INFO] user-service: Request processed successfully in 129ms
2026-06-15 19:22:53.403 [INFO] nginx: Cache hit ratio 84%
2026-06-15 19:22:53.904 [INFO] redis: Cache hit ratio 89%
2026-06-15 19:22:54.404 [CRITICAL] nginx: Service crashed
2026-06-15 19:22:54.904 [DEBUG] payment-service: Connection pool size 9
2026-06-15 19:22:55.404 [DEBUG] database: Connection pool size 12
2026-06-15 19:22:55.904 [INFO] user-service: Request processed successfully in 14ms
2026-06-15 19:22:56.404 [INFO] payment-service: Health check passed
2026-06-15 19:22:56.904 [ERROR] redis: Circuit breaker open for nginx
2026-06-15 19:22:57.405 [ERROR] nginx: Upstream service unavailable
2026-06-15 19:22:57.905 [INFO] user-service: Cache hit ratio 98%
2026-06-15 19:22:58.405 [DEBUG] payment-service: Connection pool size 5
2026-06-15 19:22:58.905 [INFO] auth-service: Request processed successfully in 30ms
2026-06-15 19:22:59.405 [INFO] user-service: Health check passed
2026-06-15 19:22:59.905 [INFO] payment-service: Request processed successfully in 73ms
2026-06-15 19:23:00.405 [INFO] api-gateway: Health check passed
2026-06-15 19:23:00.905 [DEBUG] user-service: Connection pool size 6
2026-06-15 19:23:01.405 [INFO] user-service: Health check passed
2026-06-15 19:23:01.906 [INFO] api-gateway: Health check passed
2026-06-15 19:23:02.406 [INFO] user-service: Cache hit ratio 93%
2026-06-15 19:23:02.906 [CRITICAL] database: Connection pool exhausted
2026-06-15 19:23:03.406 [INFO] redis: Cache hit ratio 84%
2026-06-15 19:23:03.906 [DEBUG] redis: Connection pool size 6
2026-06-15 19:23:04.406 [INFO] user-service: Request processed successfully in 48ms
2026-06-15 19:23:04.906 [INFO] user-service: Connection pool restored
2026-06-15 19:23:05.406 [ERROR] database: Connection timeout after 3142ms
2026-06-15 19:23:05.907 [INFO] redis: Health check passed
2026-06-15 19:23:06.407 [DEBUG] database: Connection pool size 16
2026-06-15 19:23:06.907 [CRITICAL] database: Connection pool exhausted
2026-06-15 19:23:07.407 [INFO] database: Cache hit ratio 92%
2026-06-15 19:23:07.907 [INFO] nginx: Request processed successfully in 172ms
2026-06-15 19:23:08.407 [DEBUG] nginx: Connection pool size 15
2026-06-15 19:23:08.907 [INFO] nginx: Health check passed
2026-06-15 19:23:09.407 [INFO] payment-service: Cache hit ratio 97%
2026-06-15 19:23:09.907 [ERROR] database: Query failed - relation 'orders' does not exist
2026-06-15 19:23:10.407 [INFO] nginx: Request processed successfully in 115ms
2026-06-15 19:23:10.908 [INFO] auth-service: Health check passed
2026-06-15 19:23:11.408 [DEBUG] payment-service: Connection pool size 13
2026-06-15 19:23:11.908 [DEBUG] api-gateway: Connection pool size 10
2026-06-15 19:23:12.408 [DEBUG] payment-service: Connection pool size 14
2026-06-15 19:23:12.908 [ERROR] database: Deadlock detected in transaction
2026-06-15 19:23:13.408 [INFO] user-service: Request processed successfully in 55ms
2026-06-15 19:23:13.908 [INFO] redis: Service restarted successfully
2026-06-15 19:23:14.408 [CRITICAL] payment-service: Out of memory error - process killed
2026-06-15 19:23:14.909 [DEBUG] user-service: Connection pool size 10
2026-06-15 19:23:15.409 [INFO] api-gateway: Request processed successfully in 89ms
2026-06-15 19:23:15.909 [ERROR] database: Query failed - relation 'orders' does not exist
2026-06-15 19:23:16.409 [WARNING] api-gateway: Memory usage 86%
2026-06-15 19:23:16.909 [DEBUG] payment-service: Connection pool size 8
2026-06-15 19:23:17.409 [INFO] user-service: Request processed successfully in 137ms
2026-06-15 19:23:17.909 [INFO] database: Health check passed
2026-06-15 19:23:18.409 [INFO] api-gateway: Health check passed
2026-06-15 19:23:18.909 [INFO] payment-service: Health check passed
2026-06-15 19:23:19.410 [INFO] user-service: Cache hit ratio 84%
2026-06-15 19:23:19.910 [DEBUG] nginx: Connection pool size 17
2026-06-15 19:23:20.410 [DEBUG] redis: Connection pool size 12
2026-06-15 19:23:20.910 [ERROR] database: Circuit breaker open for auth-service
2026-06-15 19:23:21.410 [INFO] payment-service: Health check passed
2026-06-15 19:23:21.910 [ERROR] database: Connection timeout after 3422ms
2026-06-15 19:23:22.410 [INFO] user-service: Cache hit ratio 88%
2026-06-15 19:23:22.910 [DEBUG] nginx: Connection pool size 6
2026-06-15 19:23:23.410 [INFO] payment-service: Request processed successfully in 166ms
2026-06-15 19:23:23.911 [DEBUG] payment-service: Connection pool size 13
2026-06-15 19:23:24.411 [DEBUG] user-service: Connection pool size 5
2026-06-15 19:23:24.911 [INFO] api-gateway: Health check passed
2026-06-15 19:23:25.411 [DEBUG] payment-service: Connection pool size 5
2026-06-15 19:23:25.911 [INFO] auth-service: Health check passed
2026-06-15 19:23:26.411 [ERROR] database: Query failed - relation 'orders' does not exist
2026-06-15 19:23:26.912 [CRITICAL] redis: Out of memory error - process killed
2026-06-15 19:23:27.412 [ERROR] api-gateway: Dependency failure from nginx
2026-06-15 19:23:27.912 [INFO] database: Cache hit ratio 90%
2026-06-15 19:23:28.412 [INFO] user-service: Cache hit ratio 99%
2026-06-15 19:23:28.912 [ERROR] database: Query failed - relation 'orders' does not exist
2026-06-15 19:23:29.412 [DEBUG] auth-service: Connection pool size 20
2026-06-15 19:23:29.912 [INFO] user-service: Cache hit ratio 82%
2026-06-15 19:23:30.413 [INFO] database: Request processed successfully in 132ms
2026-06-15 19:23:30.913 [ERROR] api-gateway: Request timeout after 47s
2026-06-15 19:23:31.413 [INFO] redis: Health check passed
2026-06-15 19:23:31.913 [DEBUG] user-service: Connection pool size 9
2026-06-15 19:23:32.413 [INFO] nginx: Cache hit ratio 81%
2026-06-15 19:23:32.913 [INFO] nginx: Health check passed
2026-06-15 19:23:33.414 [INFO] auth-service: Request processed successfully in 35ms
2026-06-15 19:23:33.914 [INFO] payment-service: Health check passed
2026-06-15 19:23:34.414 [DEBUG] api-gateway: Connection pool size 14
2026-06-15 19:23:34.914 [ERROR] user-service: Request timeout after 57s
2026-06-15 19:23:35.414 [INFO] auth-service: Cache hit ratio 93%
2026-06-15 19:23:35.914 [INFO] redis: Health check passed
2026-06-15 19:23:36.414 [INFO] payment-service: Request processed successfully in 58ms
2026-06-15 19:23:36.914 [CRITICAL] user-service: Out of memory error - process killed
2026-06-15 19:23:37.415 [DEBUG] user-service: Connection pool size 12
2026-06-15 19:23:37.915 [INFO] nginx: Health check passed
2026-06-15 19:23:38.415 [INFO] auth-service: Health check passed
2026-06-15 19:23:38.915 [INFO] database: Health check passed
2026-06-15 19:23:39.415 [INFO] nginx: Health check passed
2026-06-15 19:23:39.915 [INFO] payment-service: Request processed successfully in 151ms
2026-06-15 19:23:40.415 [INFO] api-gateway: Request processed successfully in 191ms
2026-06-15 19:23:40.915 [INFO] redis: Health check passed after recovery
2026-06-15 19:23:41.415 [INFO] auth-service: Health check passed
2026-06-15 19:23:41.915 [INFO] nginx: Request processed successfully in 183ms
2026-06-15 19:23:42.415 [ERROR] auth-service: Request timeout after 55s
2026-06-15 19:23:42.916 [INFO] nginx: Cache hit ratio 92%
2026-06-15 19:23:43.416 [INFO] api-gateway: Request processed successfully in 175ms
2026-06-15 19:23:43.916 [DEBUG] api-gateway: Connection pool size 5
2026-06-15 19:23:44.416 [INFO] user-service: Health check passed
2026-06-15 19:23:44.916 [INFO] redis: Health check passed
2026-06-15 19:23:45.416 [DEBUG] api-gateway: Connection pool size 15
2026-06-15 19:23:45.916 [INFO] auth-service: Request processed successfully in 38ms
2026-06-15 19:23:46.416 [INFO] redis: Health check passed after recovery
2026-06-15 19:23:46.916 [ERROR] payment-service: Dependency failure from user-service
2026-06-15 19:23:47.417 [INFO] auth-service: Health check passed
2026-06-15 19:23:47.917 [INFO] payment-service: Health check passed
2026-06-15 19:23:48.417 [DEBUG] payment-service: Connection pool size 15
2026-06-15 19:23:48.917 [INFO] user-service: Health check passed after recovery
2026-06-15 19:23:49.417 [INFO] api-gateway: Request processed successfully in 93ms
2026-06-15 19:23:49.917 [DEBUG] redis: Connection pool size 18
2026-06-15 19:23:50.417 [ERROR] database: Deadlock detected in transaction
2026-06-15 19:23:50.917 [INFO] api-gateway: Cache hit ratio 81%
2026-06-15 19:23:51.417 [INFO] auth-service: Request processed successfully in 188ms
2026-06-15 19:23:51.917 [INFO] payment-service: Health check passed
2026-06-15 19:23:52.418 [INFO] user-service: Health check passed
2026-06-15 19:23:52.918 [INFO] nginx: Health check passed
2026-06-15 19:23:53.418 [DEBUG] payment-service: Connection pool size 9
2026-06-15 19:23:53.918 [INFO] auth-service: Cache hit ratio 84%
2026-06-15 19:23:54.418 [INFO] redis: Health check passed
2026-06-15 19:23:54.918 [ERROR] database: Deadlock detected in transaction
2026-06-15 19:23:55.418 [INFO] redis: Health check passed
2026-06-15 19:23:55.919 [INFO] api-gateway: Cache hit ratio 84%
2026-06-15 19:23:56.419 [WARNING] database: Memory usage 95%
2026-06-15 19:23:56.919 [DEBUG] user-service: Connection pool size 9
2026-06-15 19:23:57.419 [ERROR] database: Query failed - relation 'orders' does not exist
2026-06-15 19:23:57.919 [DEBUG] auth-service: Connection pool size 9
2026-06-15 19:23:58.419 [WARNING] nginx: Slow query detected (27s)
2026-06-15 19:23:58.919 [INFO] database: Health check passed
2026-06-15 19:23:59.419 [INFO] auth-service: Request processed successfully in 41ms
2026-06-15 19:23:59.919 [INFO] nginx: Health check passed
2026-06-15 19:24:00.420 [DEBUG] database: Connection pool size 14
2026-06-15 19:24:00.920 [INFO] auth-service: Cache hit ratio 83%
2026-06-15 19:24:01.420 [INFO] api-gateway: Cache hit ratio 90%
2026-06-15 19:24:01.920 [ERROR] database: Query failed - relation 'orders' does not exist
2026-06-15 19:24:02.420 [DEBUG] auth-service: Connection pool size 20
2026-06-15 19:24:02.920 [INFO] database: Request processed successfully in 125ms
2026-06-15 19:24:03.420 [INFO] payment-service: Health check passed
2026-06-15 19:24:03.921 [INFO] user-service: Request processed successfully in 163ms
2026-06-15 19:24:04.421 [INFO] api-gateway: Request processed successfully in 80ms
2026-06-15 19:24:04.921 [INFO] nginx: Request processed successfully in 31ms
2026-06-15 19:24:05.421 [INFO] payment-service: Request processed successfully in 33ms
2026-06-15 19:24:05.921 [CRITICAL] database: Connection pool exhausted
2026-06-15 19:24:06.421 [INFO] api-gateway: Service restarted successfully
2026-06-15 19:24:06.921 [DEBUG] user-service: Connection pool size 18
2026-06-15 19:24:07.422 [INFO] payment-service: Cache hit ratio 81%
2026-06-15 19:24:07.922 [WARNING] user-service: GC overhead limit reached
2026-06-15 19:24:08.422 [WARNING] auth-service: GC overhead limit reached
2026-06-15 19:24:08.922 [DEBUG] nginx: Connection pool size 8
2026-06-15 19:24:09.422 [INFO] database: Health check passed
2026-06-15 19:24:09.922 [INFO] nginx: Cache hit ratio 89%
2026-06-15 19:24:10.422 [DEBUG] payment-service: Connection pool size 17
2026-06-15 19:24:10.922 [INFO] user-service: Cache hit ratio 83%
2026-06-15 19:24:11.422 [INFO] user-service: Cache hit ratio 87%
2026-06-15 19:24:11.922 [INFO] redis: Health check passed
2026-06-15 19:24:12.423 [DEBUG] database: Connection pool size 17
2026-06-15 19:24:12.923 [DEBUG] auth-service: Connection pool size 6
2026-06-15 19:24:13.423 [INFO] auth-service: Cache hit ratio 83%
2026-06-15 19:24:13.923 [INFO] payment-service: Request processed successfully in 144ms
2026-06-15 19:24:14.423 [INFO] user-service: Service restarted successfully
2026-06-15 19:24:14.923 [CRITICAL] auth-service: Out of memory error - process killed
2026-06-15 19:24:15.423 [INFO] user-service: Cache hit ratio 96%
2026-06-15 19:24:15.923 [INFO] database: Cache hit ratio 84%
2026-06-15 19:24:16.423 [CRITICAL] database: Connection pool exhausted
2026-06-15 19:24:16.924 [ERROR] database: Query failed - relation 'orders' does not exist
2026-06-15 19:24:17.424 [ERROR] database: Deadlock detected in transaction
2026-06-15 19:24:17.924 [DEBUG] nginx: Connection pool size 16
2026-06-15 19:24:18.424 [WARNING] api-gateway: Slow query detected (26s)
2026-06-15 19:24:18.924 [ERROR] database: Circuit breaker open for redis
2026-06-15 19:24:19.424 [DEBUG] database: Connection pool size 18
2026-06-15 19:24:19.924 [CRITICAL] database: Connection pool exhausted
2026-06-15 19:24:20.424 [ERROR] user-service: Dependency failure from redis
2026-06-15 19:24:20.925 [INFO] nginx: Cache hit ratio 96%
2026-06-15 19:24:21.425 [INFO] database: Cache hit ratio 83%
2026-06-15 19:24:21.925 [ERROR] database: Connection timeout after 3196ms
2026-06-15 19:24:22.425 [INFO] api-gateway: Request processed successfully in 186ms
2026-06-15 19:24:22.925 [INFO] user-service: Cache hit ratio 93%
2026-06-15 19:24:23.425 [INFO] auth-service: Service restarted successfully
2026-06-15 19:24:23.926 [INFO] nginx: Request processed successfully in 12ms
2026-06-15 19:24:24.426 [INFO] auth-service: Cache hit ratio 80%
2026-06-15 19:24:24.926 [ERROR] database: Request timeout after 42s
2026-06-15 19:24:25.426 [WARNING] api-gateway: Slow query detected (28s)
2026-06-15 19:24:25.926 [INFO] database: Health check passed
2026-06-15 19:24:26.426 [DEBUG] user-service: Connection pool size 14
2026-06-15 19:24:26.926 [DEBUG] api-gateway: Connection pool size 17
2026-06-15 19:24:27.426 [INFO] payment-service: Cache hit ratio 81%
2026-06-15 19:24:27.926 [INFO] auth-service: Health check passed
2026-06-15 19:24:28.427 [DEBUG] redis: Connection pool size 14
2026-06-15 19:24:28.927 [INFO] auth-service: Cache hit ratio 99%
2026-06-15 19:24:29.427 [WARNING] nginx: GC overhead limit reached
2026-06-15 19:24:29.927 [INFO] api-gateway: Health check passed
2026-06-15 19:24:30.427 [INFO] redis: Cache hit ratio 96%
2026-06-15 19:24:30.927 [DEBUG] api-gateway: Connection pool size 15
2026-06-15 19:24:31.428 [INFO] nginx: Health check passed after recovery
2026-06-15 19:24:31.928 [INFO] api-gateway: Connection pool restored
2026-06-15 19:24:32.428 [DEBUG] auth-service: Connection pool size 11
2026-06-15 19:24:32.928 [INFO] payment-service: Service restarted successfully
2026-06-15 19:24:33.428 [INFO] payment-service: Request processed successfully in 171ms
2026-06-15 19:24:33.928 [DEBUG] auth-service: Connection pool size 19
2026-06-15 19:24:34.428 [ERROR] database: Deadlock detected in transaction
2026-06-15 19:24:34.928 [INFO] redis: Health check passed
2026-06-15 19:24:35.428 [INFO] payment-service: Cache hit ratio 98%
2026-06-15 19:24:35.929 [CRITICAL] user-service: Out of memory error - process killed
2026-06-15 19:24:36.429 [INFO] payment-service: Health check passed
2026-06-15 19:24:36.929 [INFO] payment-service: Health check passed
2026-06-15 19:24:37.429 [INFO] api-gateway: Cache hit ratio 91%
2026-06-15 19:24:37.929 [WARNING] database: GC overhead limit reached
2026-06-15 19:24:38.429 [INFO] api-gateway: Request processed successfully in 111ms
2026-06-15 19:24:38.929 [INFO] user-service: Cache hit ratio 88%
2026-06-15 19:24:39.429 [INFO] auth-service: Request processed successfully in 174ms
2026-06-15 19:24:39.930 [INFO] database: Request processed successfully in 69ms
2026-06-15 19:24:40.430 [INFO] api-gateway: Cache hit ratio 89%
2026-06-15 19:24:40.930 [INFO] user-service: Request processed successfully in 72ms
2026-06-15 19:24:41.430 [INFO] database: Health check passed
2026-06-15 19:24:41.930 [INFO] api-gateway: Request processed successfully in 59ms
2026-06-15 19:24:42.430 [DEBUG] user-service: Connection pool size 15
2026-06-15 19:24:42.930 [INFO] payment-service: Request processed successfully in 194ms
2026-06-15 19:24:43.430 [ERROR] database: Deadlock detected in transaction
2026-06-15 19:24:43.931 [INFO] nginx: Service restarted successfully
2026-06-15 19:24:44.431 [CRITICAL] database: Connection pool exhausted
2026-06-15 19:24:44.931 [ERROR] database: Deadlock detected in transaction
2026-06-15 19:24:45.431 [DEBUG] api-gateway: Connection pool size 10
2026-06-15 19:24:45.931 [INFO] auth-service: Cache hit ratio 95%
2026-06-15 19:24:46.431 [ERROR] database: Connection timeout after 1103ms
2026-06-15 19:24:46.931 [INFO] payment-service: Request processed successfully in 25ms
2026-06-15 19:24:47.432 [INFO] redis: Cache hit ratio 92%
2026-06-15 19:24:47.932 [DEBUG] api-gateway: Connection pool size 7
2026-06-15 19:24:48.432 [INFO] nginx: Cache hit ratio 96%
2026-06-15 19:24:48.932 [INFO] payment-service: Request processed successfully in 34ms
2026-06-15 19:24:49.432 [DEBUG] database: Connection pool size 19
2026-06-15 19:24:49.932 [ERROR] payment-service: Circuit breaker open for database
2026-06-15 19:24:50.432 [INFO] user-service: Cache hit ratio 87%
2026-06-15 19:24:50.932 [INFO] database: Cache hit ratio 80%
2026-06-15 19:24:51.432 [INFO] auth-service: Health check passed
2026-06-15 19:24:51.933 [INFO] nginx: Health check passed after recovery
2026-06-15 19:24:52.433 [INFO] redis: Health check passed
2026-06-15 19:24:52.933 [INFO] api-gateway: Cache hit ratio 95%
2026-06-15 19:24:53.433 [INFO] user-service: Health check passed
2026-06-15 19:24:53.933 [INFO] redis: Request processed successfully in 128ms
2026-06-15 19:24:54.433 [INFO] auth-service: Cache hit ratio 99%
2026-06-15 19:24:54.933 [INFO] user-service: Request processed successfully in 69ms
2026-06-15 19:24:55.433 [INFO] api-gateway: Health check passed
2026-06-15 19:24:55.934 [INFO] payment-service: Connection pool restored
2026-06-15 19:24:56.434 [INFO] database: Request processed successfully in 85ms
2026-06-15 19:24:56.934 [INFO] database: Request processed successfully in 62ms
2026-06-15 19:24:57.434 [DEBUG] redis: Connection pool size 7
2026-06-15 19:24:57.934 [ERROR] api-gateway: Request timeout after 49s
2026-06-15 19:24:58.434 [ERROR] database: Deadlock detected in transaction
2026-06-15 19:24:58.934 [CRITICAL] database: Connection pool exhausted
2026-06-15 19:24:59.434 [INFO] payment-service: Cache hit ratio 84%
2026-06-15 19:24:59.934 [INFO] database: Cache hit ratio 83%
2026-06-15 19:25:00.434 [ERROR] database: Query failed - relation 'orders' does not exist
2026-06-15 19:25:00.935 [INFO] api-gateway: Cache hit ratio 97%
2026-06-15 19:25:01.435 [INFO] nginx: Request processed successfully in 115ms
2026-06-15 19:25:01.935 [INFO] nginx: Cache hit ratio 81%
2026-06-15 19:25:02.435 [INFO] payment-service: Request processed successfully in 105ms
2026-06-15 19:25:02.935 [INFO] database: Health check passed
2026-06-15 19:25:03.435 [INFO] user-service: Cache hit ratio 99%
2026-06-15 19:25:03.935 [DEBUG] redis: Connection pool size 7
2026-06-15 19:25:04.435 [ERROR] auth-service: Circuit breaker open for nginx
2026-06-15 19:25:04.936 [DEBUG] redis: Connection pool size 15
2026-06-15 19:25:05.436 [INFO] redis: Health check passed
2026-06-15 19:25:05.936 [INFO] redis: Cache hit ratio 83%
2026-06-15 19:25:06.436 [CRITICAL] auth-service: Out of memory error - process killed
2026-06-15 19:25:06.936 [CRITICAL] payment-service: Service crashed
2026-06-15 19:25:07.436 [INFO] payment-service: Request processed successfully in 112ms
2026-06-15 19:25:07.936 [INFO] api-gateway: Health check passed
2026-06-15 19:25:08.436 [INFO] redis: Cache hit ratio 91%
2026-06-15 19:25:08.936 [INFO] redis: Request processed successfully in 101ms
2026-06-15 19:25:09.436 [INFO] nginx: Cache hit ratio 96%
2026-06-15 19:25:09.937 [INFO] payment-service: Cache hit ratio 83%
2026-06-15 19:25:10.437 [INFO] auth-service: Health check passed
2026-06-15 19:25:10.937 [INFO] api-gateway: Health check passed
2026-06-15 19:25:11.437 [INFO] api-gateway: Cache hit ratio 90%
2026-06-15 19:25:11.937 [WARNING] redis: Slow query detected (27s)
2026-06-15 19:25:12.437 [INFO] api-gateway: Cache hit ratio 99%
2026-06-15 19:25:12.937 [INFO] user-service: Health check passed
2026-06-15 19:25:13.437 [ERROR] redis: Dependency failure from nginx
2026-06-15 19:25:13.937 [INFO] user-service: Request processed successfully in 124ms
2026-06-15 19:25:14.438 [INFO] auth-service: Health check passed
2026-06-15 19:25:14.938 [DEBUG] api-gateway: Connection pool size 18
2026-06-15 19:25:15.438 [ERROR] database: Deadlock detected in transaction
2026-06-15 19:25:15.938 [INFO] api-gateway: Cache hit ratio 93%
2026-06-15 19:25:16.438 [INFO] auth-service: Cache hit ratio 98%
2026-06-15 19:25:16.938 [INFO] api-gateway: Cache hit ratio 99%
2026-06-15 19:25:17.439 [INFO] database: Health check passed
2026-06-15 19:25:17.939 [INFO] api-gateway: Request processed successfully in 157ms
2026-06-15 19:25:18.439 [INFO] nginx: Health check passed
2026-06-15 19:25:18.939 [INFO] database: Health check passed
2026-06-15 19:25:19.439 [INFO] auth-service: Request processed successfully in 26ms
2026-06-15 19:25:19.939 [DEBUG] payment-service: Connection pool size 12
2026-06-15 19:25:20.440 [CRITICAL] api-gateway: Service crashed
2026-06-15 19:25:20.940 [INFO] redis: Connection pool restored
2026-06-15 19:25:21.440 [CRITICAL] api-gateway: Service crashed
2026-06-15 19:25:21.940 [INFO] api-gateway: Request processed successfully in 83ms
2026-06-15 19:25:22.440 [INFO] nginx: Request processed successfully in 123ms
2026-06-15 19:25:22.940 [DEBUG] redis: Connection pool size 18
2026-06-15 19:25:23.440 [INFO] user-service: Health check passed
2026-06-15 19:25:23.940 [DEBUG] redis: Connection pool size 5
2026-06-15 19:25:24.441 [WARNING] api-gateway: GC overhead limit reached
2026-06-15 19:25:24.941 [INFO] nginx: Health check passed
2026-06-15 19:25:25.441 [DEBUG] user-service: Connection pool size 8
2026-06-15 19:25:25.941 [INFO] nginx: Connection pool restored
2026-06-15 19:25:26.441 [DEBUG] database: Connection pool size 18
2026-06-15 19:25:26.941 [CRITICAL] database: Connection pool exhausted
2026-06-15 19:25:27.441 [INFO] user-service: Request processed successfully in 127ms
2026-06-15 19:25:27.941 [ERROR] payment-service: Circuit breaker open for api-gateway
2026-06-15 19:25:28.441 [INFO] api-gateway: Request processed successfully in 103ms
2026-06-15 19:25:28.942 [DEBUG] api-gateway: Connection pool size 6
2026-06-15 19:25:29.442 [ERROR] database: Deadlock detected in transaction
2026-06-15 19:25:29.942 [DEBUG] api-gateway: Connection pool size 6
2026-06-15 19:25:30.442 [ERROR] database: Query failed - relation 'orders' does not exist
2026-06-15 19:25:30.942 [INFO] user-service: Health check passed
2026-06-15 19:25:31.442 [INFO] nginx: Health check passed
2026-06-15 19:25:31.942 [INFO] api-gateway: Service restarted successfully
2026-06-15 19:25:32.442 [ERROR] database: Deadlock detected in transaction
2026-06-15 19:25:32.942 [INFO] user-service: Health check passed
2026-06-15 19:25:33.443 [DEBUG] auth-service: Connection pool size 10
2026-06-15 19:25:33.943 [INFO] payment-service: Request processed successfully in 116ms
2026-06-15 19:25:34.443 [INFO] api-gateway: Request processed successfully in 122ms
2026-06-15 19:25:34.943 [ERROR] api-gateway: Dependency failure from database
2026-06-15 19:25:35.443 [DEBUG] auth-service: Connection pool size 8
2026-06-15 19:25:35.943 [ERROR] database: Query failed - relation 'orders' does not exist
2026-06-15 19:25:36.443 [CRITICAL] database: Connection pool exhausted
2026-06-15 19:25:36.943 [ERROR] database: Query failed - relation 'orders' does not exist
2026-06-15 19:25:37.444 [WARNING] nginx: Slow query detected (5s)
2026-06-15 19:25:37.944 [CRITICAL] database: Connection pool exhausted
2026-06-15 19:25:38.444 [DEBUG] redis: Connection pool size 16
2026-06-15 19:25:38.944 [INFO] auth-service: Cache hit ratio 82%
2026-06-15 19:25:39.444 [INFO] nginx: Health check passed
2026-06-15 19:25:39.944 [INFO] nginx: Cache hit ratio 97%
2026-06-15 19:25:40.444 [INFO] database: Health check passed after recovery
2026-06-15 19:25:40.944 [INFO] user-service: Request processed successfully in 37ms
2026-06-15 19:25:41.444 [INFO] database: Request processed successfully in 54ms
2026-06-15 19:25:41.945 [INFO] redis: Health check passed
2026-06-15 19:25:42.445 [INFO] nginx: Request processed successfully in 107ms
2026-06-15 19:25:42.945 [INFO] database: Cache hit ratio 89%
2026-06-15 19:25:43.445 [INFO] redis: Request processed successfully in 67ms
2026-06-15 19:25:43.945 [CRITICAL] payment-service: Out of memory error - process killed
2026-06-15 19:25:44.445 [INFO] redis: Request processed successfully in 122ms
2026-06-15 19:25:44.945 [ERROR] nginx: Upstream service unavailable
2026-06-15 19:25:45.445 [INFO] nginx: Health check passed
2026-06-15 19:25:45.946 [INFO] user-service: Service restarted successfully
2026-06-15 19:25:46.446 [WARNING] redis: Slow query detected (8s)
2026-06-15 19:25:46.946 [INFO] auth-service: Health check passed after recovery
2026-06-15 19:25:47.446 [INFO] user-service: Cache hit ratio 90%
2026-06-15 19:25:47.946 [INFO] database: Health check passed
2026-06-15 19:25:48.446 [DEBUG] nginx: Connection pool size 8
2026-06-15 19:25:48.946 [INFO] redis: Request processed successfully in 94ms
2026-06-15 19:25:49.446 [INFO] redis: Cache hit ratio 90%
2026-06-15 19:25:49.947 [INFO] payment-service: Health check passed
2026-06-15 19:25:50.447 [INFO] nginx: Cache hit ratio 86%
2026-06-15 19:25:50.947 [INFO] nginx: Health check passed
2026-06-15 19:25:51.447 [INFO] nginx: Request processed successfully in 152ms
2026-06-15 19:25:51.947 [INFO] nginx: Cache hit ratio 90%
2026-06-15 19:25:52.447 [DEBUG] redis: Connection pool size 7
2026-06-15 19:25:52.948 [INFO] database: Health check passed
2026-06-15 19:25:53.448 [INFO] api-gateway: Cache hit ratio 99%
2026-06-15 19:25:53.948 [DEBUG] payment-service: Connection pool size 15
2026-06-15 19:25:54.448 [WARNING] auth-service: Slow query detected (28s)
2026-06-15 19:25:54.948 [DEBUG] user-service: Connection pool size 15
2026-06-15 19:25:55.448 [INFO] database: Health check passed
2026-06-15 19:25:55.948 [INFO] database: Cache hit ratio 99%
2026-06-15 19:25:56.449 [INFO] database: Health check passed
2026-06-15 19:25:56.949 [INFO] nginx: Cache hit ratio 95%
2026-06-15 19:25:57.449 [CRITICAL] api-gateway: Out of memory error - process killed
2026-06-15 19:25:57.949 [INFO] auth-service: Health check passed
2026-06-15 19:25:58.449 [ERROR] api-gateway: Upstream service unavailable
2026-06-15 19:25:58.949 [INFO] api-gateway: Cache hit ratio 85%
2026-06-15 19:25:59.449 [INFO] nginx: Request processed successfully in 159ms
2026-06-15 19:25:59.949 [ERROR] database: Request timeout after 45s
2026-06-15 19:26:00.449 [DEBUG] database: Connection pool size 20
2026-06-15 19:26:00.950 [DEBUG] payment-service: Connection pool size 13
2026-06-15 19:26:01.450 [CRITICAL] database: Connection pool exhausted
2026-06-15 19:26:01.950 [INFO] database: Request processed successfully in 85ms
2026-06-15 19:26:02.450 [WARNING] payment-service: Memory usage 85%
2026-06-15 19:26:02.950 [INFO] auth-service: Health check passed
2026-06-15 19:26:03.450 [CRITICAL] nginx: Out of memory error - process killed
2026-06-15 19:26:03.950 [INFO] user-service: Cache hit ratio 97%
2026-06-15 19:26:04.450 [ERROR] database: Connection timeout after 4373ms
2026-06-15 19:26:04.950 [INFO] database: Health check passed
2026-06-15 19:26:05.451 [INFO] auth-service: Cache hit ratio 83%
2026-06-15 19:26:05.951 [CRITICAL] database: Connection pool exhausted
2026-06-15 19:26:06.451 [ERROR] database: Query failed - relation 'orders' does not exist
2026-06-15 19:26:06.951 [INFO] nginx: Cache hit ratio 94%
2026-06-15 19:26:07.451 [DEBUG] redis: Connection pool size 18
2026-06-15 19:26:07.951 [INFO] redis: Request processed successfully in 102ms
2026-06-15 19:26:08.451 [INFO] database: Cache hit ratio 98%
2026-06-15 19:26:08.951 [INFO] user-service: Cache hit ratio 99%
2026-06-15 19:26:09.451 [INFO] api-gateway: Request processed successfully in 138ms
2026-06-15 19:26:09.952 [CRITICAL] database: Connection pool exhausted
2026-06-15 19:26:10.452 [DEBUG] redis: Connection pool size 18
2026-06-15 19:26:10.952 [INFO] auth-service: Request processed successfully in 154ms
2026-06-15 19:26:11.452 [ERROR] database: Connection timeout after 1298ms
2026-06-15 19:26:11.952 [INFO] nginx: Cache hit ratio 81%
2026-06-15 19:26:12.452 [INFO] payment-service: Request processed successfully in 164ms
2026-06-15 19:26:12.952 [INFO] payment-service: Request processed successfully in 149ms
2026-06-15 19:26:13.452 [INFO] database: Cache hit ratio 92%
2026-06-15 19:26:13.952 [INFO] user-service: Request processed successfully in 19ms
2026-06-15 19:26:14.453 [DEBUG] nginx: Connection pool size 7
2026-06-15 19:26:14.953 [CRITICAL] database: Connection pool exhausted
2026-06-15 19:26:15.453 [ERROR] payment-service: Dependency failure from api-gateway
2026-06-15 19:26:15.953 [ERROR] database: Deadlock detected in transaction
2026-06-15 19:26:16.453 [DEBUG] nginx: Connection pool size 13
2026-06-15 19:26:16.953 [INFO] nginx: Cache hit ratio 81%
2026-06-15 19:26:17.453 [WARNING] user-service: Memory usage 93%
2026-06-15 19:26:17.953 [ERROR] user-service: Upstream service unavailable
2026-06-15 19:26:18.454 [ERROR] database: Circuit breaker open for auth-service
2026-06-15 19:26:18.954 [INFO] auth-service: Health check passed
2026-06-15 19:26:19.454 [CRITICAL] database: Connection pool exhausted
2026-06-15 19:26:19.954 [CRITICAL] database: Connection pool exhausted
2026-06-15 19:26:20.454 [INFO] payment-service: Health check passed
2026-06-15 19:26:20.954 [INFO] redis: Cache hit ratio 94%
2026-06-15 19:26:21.454 [ERROR] database: Query failed - relation 'orders' does not exist
2026-06-15 19:26:21.954 [INFO] nginx: Cache hit ratio 88%
2026-06-15 19:26:22.454 [INFO] auth-service: Health check passed
2026-06-15 19:26:22.955 [DEBUG] auth-service: Connection pool size 11
2026-06-15 19:26:23.455 [ERROR] database: Query failed - relation 'orders' does not exist
2026-06-15 19:26:23.955 [INFO] payment-service: Health check passed after recovery
2026-06-15 19:26:24.455 [INFO] database: Cache hit ratio 90%
2026-06-15 19:26:24.955 [WARNING] user-service: GC overhead limit reached
2026-06-15 19:26:25.455 [ERROR] database: Circuit breaker open for user-service
2026-06-15 19:26:25.955 [INFO] payment-service: Health check passed
2026-06-15 19:26:26.456 [WARNING] api-gateway: Memory usage 91%
2026-06-15 19:26:26.956 [DEBUG] database: Connection pool size 14
2026-06-15 19:26:27.456 [INFO] api-gateway: Service restarted successfully
2026-06-15 19:26:27.956 [INFO] nginx: Request processed successfully in 117ms
2026-06-15 19:26:28.456 [INFO] api-gateway: Connection pool restored
2026-06-15 19:26:28.956 [DEBUG] user-service: Connection pool size 10
2026-06-15 19:26:29.457 [ERROR] database: Connection timeout after 2670ms
2026-06-15 19:26:29.957 [ERROR] database: Connection timeout after 4726ms
2026-06-15 19:26:30.457 [INFO] auth-service: Cache hit ratio 87%
2026-06-15 19:26:30.957 [DEBUG] user-service: Connection pool size 15
2026-06-15 19:26:31.457 [DEBUG] nginx: Connection pool size 12
2026-06-15 19:26:31.958 [INFO] api-gateway: Service restarted successfully
2026-06-15 19:26:32.458 [INFO] redis: Cache hit ratio 95%
2026-06-15 19:26:32.958 [INFO] user-service: Health check passed
2026-06-15 19:26:33.458 [INFO] auth-service: Request processed successfully in 180ms
2026-06-15 19:26:33.958 [ERROR] database: Connection timeout after 2867ms
2026-06-15 19:26:34.458 [ERROR] redis: Circuit breaker open for payment-service
2026-06-15 19:26:34.959 [CRITICAL] redis: Service crashed
2026-06-15 19:26:35.459 [INFO] api-gateway: Service restarted successfully
2026-06-15 19:26:35.959 [INFO] auth-service: Cache hit ratio 81%
2026-06-15 19:26:36.459 [INFO] api-gateway: Health check passed
2026-06-15 19:26:36.959 [INFO] payment-service: Request processed successfully in 185ms
2026-06-15 19:26:37.459 [INFO] auth-service: Cache hit ratio 87%
2026-06-15 19:26:37.959 [WARNING] payment-service: Memory usage 89%
2026-06-15 19:26:38.459 [DEBUG] user-service: Connection pool size 9
2026-06-15 19:26:38.960 [INFO] redis: Service restarted successfully
2026-06-15 19:26:39.460 [INFO] api-gateway: Cache hit ratio 97%
2026-06-15 19:26:39.960 [INFO] api-gateway: Health check passed
2026-06-15 19:26:40.460 [ERROR] auth-service: Circuit breaker open for redis
2026-06-15 19:26:40.960 [DEBUG] payment-service: Connection pool size 14
2026-06-15 19:26:41.460 [INFO] redis: Health check passed
2026-06-15 19:26:41.960 [DEBUG] redis: Connection pool size 17
2026-06-15 19:26:42.461 [INFO] api-gateway: Health check passed
2026-06-15 19:26:42.961 [INFO] auth-service: Request processed successfully in 143ms
2026-06-15 19:26:43.461 [INFO] nginx: Health check passed after recovery
2026-06-15 19:26:43.961 [INFO] redis: Health check passed
2026-06-15 19:26:44.461 [INFO] nginx: Health check passed
2026-06-15 19:26:44.961 [CRITICAL] database: Connection pool exhausted
2026-06-15 19:26:45.461 [CRITICAL] database: Connection pool exhausted
2026-06-15 19:26:45.962 [INFO] auth-service: Cache hit ratio 96%
2026-06-15 19:26:46.462 [ERROR] user-service: Request timeout after 44s
2026-06-15 19:26:46.962 [INFO] payment-service: Request processed successfully in 194ms
2026-06-15 19:26:47.462 [INFO] database: Health check passed
2026-06-15 19:26:47.962 [DEBUG] user-service: Connection pool size 5
2026-06-15 19:26:48.462 [DEBUG] nginx: Connection pool size 11
2026-06-15 19:26:48.962 [WARNING] nginx: Slow query detected (12s)
2026-06-15 19:26:49.463 [INFO] auth-service: Health check passed
2026-06-15 19:26:49.963 [DEBUG] redis: Connection pool size 6
2026-06-15 19:26:50.463 [WARNING] database: Slow query detected (23s)
2026-06-15 19:26:50.963 [INFO] redis: Cache hit ratio 99%
2026-06-15 19:26:51.463 [DEBUG] auth-service: Connection pool size 15
2026-06-15 19:26:51.963 [INFO] redis: Cache hit ratio 86%
2026-06-15 19:26:52.463 [INFO] auth-service: Health check passed
2026-06-15 19:26:52.963 [INFO] redis: Cache hit ratio 91%
2026-06-15 19:26:53.463 [ERROR] user-service: Request timeout after 50s
2026-06-15 19:26:53.964 [INFO] user-service: Service restarted successfully
2026-06-15 19:26:54.464 [DEBUG] auth-service: Connection pool size 9
2026-06-15 19:26:54.964 [INFO] database: Request processed successfully in 170ms
2026-06-15 19:26:55.464 [INFO] auth-service: Service restarted successfully
2026-06-15 19:26:55.964 [INFO] redis: Request processed successfully in 19ms
2026-06-15 19:26:56.464 [INFO] auth-service: Health check passed
2026-06-15 19:26:56.965 [DEBUG] user-service: Connection pool size 15
2026-06-15 19:26:57.465 [INFO] nginx: Health check passed after recovery
2026-06-15 19:26:57.965 [INFO] nginx: Health check passed
2026-06-15 19:26:58.465 [DEBUG] payment-service: Connection pool size 8
2026-06-15 19:26:58.965 [DEBUG] redis: Connection pool size 8
2026-06-15 19:26:59.465 [INFO] redis: Health check passed
2026-06-15 19:26:59.965 [INFO] payment-service: Cache hit ratio 80%
2026-06-15 19:27:00.465 [ERROR] database: Connection timeout after 3558ms
2026-06-15 19:27:00.965 [INFO] database: Request processed successfully in 166ms
2026-06-15 19:27:01.466 [WARNING] nginx: Slow query detected (6s)
2026-06-15 19:27:01.966 [ERROR] payment-service: Circuit breaker open for api-gateway
2026-06-15 19:27:02.466 [ERROR] database: Deadlock detected in transaction
2026-06-15 19:27:02.966 [DEBUG] user-service: Connection pool size 5
2026-06-15 19:27:03.466 [INFO] nginx: Request processed successfully in 164ms
2026-06-15 19:27:03.966 [INFO] api-gateway: Cache hit ratio 87%
2026-06-15 19:27:04.466 [INFO] redis: Health check passed
2026-06-15 19:27:04.967 [INFO] api-gateway: Cache hit ratio 82%
2026-06-15 19:27:05.467 [INFO] api-gateway: Request processed successfully in 179ms
2026-06-15 19:27:05.967 [DEBUG] nginx: Connection pool size 19
2026-06-15 19:27:06.467 [ERROR] database: Deadlock detected in transaction
2026-06-15 19:27:06.967 [INFO] api-gateway: Cache hit ratio 98%
2026-06-15 19:27:07.467 [DEBUG] redis: Connection pool size 14
2026-06-15 19:27:07.968 [INFO] redis: Cache hit ratio 87%
2026-06-15 19:27:08.468 [INFO] user-service: Health check passed
2026-06-15 19:27:08.968 [DEBUG] database: Connection pool size 5
2026-06-15 19:27:09.468 [ERROR] database: Query failed - relation 'orders' does not exist
2026-06-15 19:27:09.968 [INFO] auth-service: Cache hit ratio 84%
2026-06-15 19:27:10.468 [INFO] api-gateway: Service restarted successfully
2026-06-15 19:27:10.968 [INFO] payment-service: Service restarted successfully
2026-06-15 19:27:11.468 [INFO] api-gateway: Service restarted successfully
2026-06-15 19:27:11.968 [DEBUG] api-gateway: Connection pool size 18
2026-06-15 19:27:12.469 [INFO] database: Health check passed
2026-06-15 19:27:12.969 [DEBUG] database: Connection pool size 16
2026-06-15 19:27:13.469 [DEBUG] payment-service: Connection pool size 19
2026-06-15 19:27:13.969 [INFO] database: Cache hit ratio 90%
2026-06-15 19:27:14.469 [DEBUG] api-gateway: Connection pool size 9
2026-06-15 19:27:14.969 [INFO] payment-service: Request processed successfully in 176ms
2026-06-15 19:27:15.469 [INFO] payment-service: Cache hit ratio 93%
2026-06-15 19:27:15.969 [ERROR] auth-service: Circuit breaker open for api-gateway
2026-06-15 19:27:16.469 [INFO] auth-service: Health check passed
2026-06-15 19:27:16.970 [INFO] nginx: Health check passed
2026-06-15 19:27:17.470 [INFO] nginx: Cache hit ratio 89%
2026-06-15 19:27:17.970 [INFO] nginx: Cache hit ratio 89%
2026-06-15 19:27:18.470 [INFO] nginx: Service restarted successfully
2026-06-15 19:27:18.970 [DEBUG] database: Connection pool size 19
2026-06-15 19:27:19.470 [ERROR] auth-service: Request timeout after 35s
2026-06-15 19:27:19.970 [INFO] api-gateway: Cache hit ratio 97%
2026-06-15 19:27:20.470 [ERROR] database: Deadlock detected in transaction
2026-06-15 19:27:20.970 [INFO] auth-service: Health check passed
2026-06-15 19:27:21.470 [INFO] redis: Health check passed
2026-06-15 19:27:21.971 [CRITICAL] database: Connection pool exhausted
2026-06-15 19:27:22.471 [DEBUG] payment-service: Connection pool size 12
2026-06-15 19:27:22.971 [INFO] user-service: Cache hit ratio 93%
2026-06-15 19:27:23.471 [INFO] user-service: Request processed successfully in 158ms
2026-06-15 19:27:23.971 [INFO] user-service: Cache hit ratio 89%
2026-06-15 19:27:24.471 [INFO] database: Request processed successfully in 17ms
2026-06-15 19:27:24.971 [INFO] nginx: Health check passed
2026-06-15 19:27:25.471 [INFO] nginx: Service restarted successfully
2026-06-15 19:27:25.971 [INFO] nginx: Health check passed
2026-06-15 19:27:26.472 [INFO] nginx: Request processed successfully in 27ms
2026-06-15 19:27:26.972 [ERROR] database: Deadlock detected in transaction
2026-06-15 19:27:27.472 [DEBUG] user-service: Connection pool size 16
2026-06-15 19:27:27.972 [DEBUG] payment-service: Connection pool size 11
2026-06-15 19:27:28.472 [WARNING] nginx: GC overhead limit reached
2026-06-15 19:27:28.972 [INFO] user-service: Cache hit ratio 95%
2026-06-15 19:27:29.473 [INFO] auth-service: Health check passed
2026-06-15 19:27:29.973 [INFO] redis: Health check passed
2026-06-15 19:27:30.473 [INFO] api-gateway: Cache hit ratio 94%
2026-06-15 19:27:30.973 [DEBUG] redis: Connection pool size 16
2026-06-15 19:27:31.473 [INFO] payment-service: Request processed successfully in 125ms
2026-06-15 19:27:31.973 [DEBUG] nginx: Connection pool size 5
2026-06-15 19:27:32.473 [INFO] payment-service: Cache hit ratio 83%
2026-06-15 19:27:32.973 [ERROR] database: Upstream service unavailable
2026-06-15 19:27:33.474 [DEBUG] nginx: Connection pool size 17
2026-06-15 19:27:33.974 [ERROR] redis: Request timeout after 58s
2026-06-15 19:27:34.474 [DEBUG] redis: Connection pool size 13
2026-06-15 19:27:34.974 [INFO] nginx: Cache hit ratio 83%
2026-06-15 19:27:35.474 [DEBUG] database: Connection pool size 16
2026-06-15 19:27:35.974 [DEBUG] auth-service: Connection pool size 7
2026-06-15 19:27:36.474 [DEBUG] redis: Connection pool size 9
2026-06-15 19:27:36.974 [INFO] api-gateway: Cache hit ratio 90%
2026-06-15 19:27:37.475 [INFO] database: Request processed successfully in 22ms
2026-06-15 19:27:37.975 [INFO] redis: Request processed successfully in 51ms
2026-06-15 19:27:38.475 [DEBUG] redis: Connection pool size 8
2026-06-15 19:27:38.975 [INFO] nginx: Request processed successfully in 113ms
2026-06-15 19:27:39.475 [INFO] payment-service: Request processed successfully in 27ms
2026-06-15 19:27:39.975 [INFO] nginx: Health check passed
2026-06-15 19:27:40.476 [DEBUG] user-service: Connection pool size 17
2026-06-15 19:27:40.976 [DEBUG] auth-service: Connection pool size 18
2026-06-15 19:27:41.476 [INFO] payment-service: Cache hit ratio 91%
2026-06-15 19:27:41.976 [INFO] api-gateway: Connection pool restored
2026-06-15 19:27:42.476 [INFO] payment-service: Health check passed
2026-06-15 19:27:42.976 [INFO] user-service: Request processed successfully in 128ms
2026-06-15 19:27:43.476 [DEBUG] redis: Connection pool size 17
2026-06-15 19:27:43.977 [INFO] user-service: Request processed successfully in 90ms
2026-06-15 19:27:44.477 [DEBUG] nginx: Connection pool size 7
2026-06-15 19:27:44.977 [DEBUG] redis: Connection pool size 5
2026-06-15 19:27:45.477 [DEBUG] user-service: Connection pool size 14
2026-06-15 19:27:45.977 [ERROR] nginx: Dependency failure from auth-service
2026-06-15 19:27:46.477 [ERROR] database: Connection timeout after 1813ms
2026-06-15 19:27:46.978 [WARNING] redis: GC overhead limit reached
2026-06-15 19:27:47.478 [DEBUG] payment-service: Connection pool size 14
2026-06-15 19:27:47.978 [INFO] payment-service: Cache hit ratio 86%
2026-06-15 19:27:48.478 [INFO] auth-service: Request processed successfully in 73ms
2026-06-15 19:27:48.978 [INFO] auth-service: Cache hit ratio 89%
2026-06-15 19:27:49.478 [DEBUG] database: Connection pool size 17
2026-06-15 19:27:49.978 [INFO] redis: Cache hit ratio 88%
2026-06-15 19:27:50.478 [INFO] payment-service: Request processed successfully in 191ms
2026-06-15 19:27:50.979 [DEBUG] auth-service: Connection pool size 19
2026-06-15 19:27:51.479 [INFO] database: Request processed successfully in 120ms
2026-06-15 19:27:51.979 [INFO] nginx: Health check passed
2026-06-15 19:27:52.479 [INFO] redis: Request processed successfully in 97ms
2026-06-15 19:27:52.979 [WARNING] nginx: Memory usage 87%
2026-06-15 19:27:53.479 [INFO] payment-service: Connection pool restored
2026-06-15 19:27:53.980 [DEBUG] user-service: Connection pool size 10
2026-06-15 19:27:54.480 [CRITICAL] nginx: Out of memory error - process killed
2026-06-15 19:27:54.980 [ERROR] database: Deadlock detected in transaction
2026-06-15 19:27:55.480 [INFO] database: Request processed successfully in 166ms
2026-06-15 19:27:55.980 [INFO] payment-service: Request processed successfully in 117ms
2026-06-15 19:27:56.480 [INFO] api-gateway: Request processed successfully in 87ms
2026-06-15 19:27:56.980 [WARNING] user-service: GC overhead limit reached
2026-06-15 19:27:57.480 [ERROR] auth-service: Dependency failure from database
2026-06-15 19:27:57.980 [DEBUG] user-service: Connection pool size 5
2026-06-15 19:27:58.481 [INFO] payment-service: Request processed successfully in 167ms
2026-06-15 19:27:58.981 [INFO] auth-service: Request processed successfully in 55ms
2026-06-15 19:27:59.481 [DEBUG] user-service: Connection pool size 12
2026-06-15 19:27:59.981 [INFO] api-gateway: Request processed successfully in 167ms
2026-06-15 19:28:00.481 [DEBUG] nginx: Connection pool size 6
2026-06-15 19:28:00.981 [INFO] api-gateway: Cache hit ratio 93%
2026-06-15 19:28:01.481 [DEBUG] nginx: Connection pool size 10
2026-06-15 19:28:01.981 [DEBUG] redis: Connection pool size 17
2026-06-15 19:28:02.481 [ERROR] database: Deadlock detected in transaction
2026-06-15 19:28:02.981 [INFO] api-gateway: Health check passed
2026-06-15 19:28:03.482 [INFO] payment-service: Health check passed
2026-06-15 19:28:03.982 [INFO] auth-service: Cache hit ratio 99%
2026-06-15 19:28:04.482 [INFO] database: Health check passed
2026-06-15 19:28:04.982 [CRITICAL] database: Connection pool exhausted
2026-06-15 19:28:05.482 [INFO] nginx: Request processed successfully in 139ms
2026-06-15 19:28:05.982 [INFO] api-gateway: Cache hit ratio 87%
2026-06-15 19:28:06.482 [INFO] payment-service: Cache hit ratio 99%
2026-06-15 19:28:06.983 [INFO] database: Cache hit ratio 94%
2026-06-15 19:28:07.483 [CRITICAL] auth-service: Out of memory error - process killed
2026-06-15 19:28:07.983 [INFO] user-service: Request processed successfully in 42ms
2026-06-15 19:28:08.483 [DEBUG] user-service: Connection pool size 11
2026-06-15 19:28:08.983 [INFO] redis: Cache hit ratio 92%
2026-06-15 19:28:09.483 [INFO] auth-service: Request processed successfully in 139ms
2026-06-15 19:28:09.983 [INFO] api-gateway: Request processed successfully in 174ms
2026-06-15 19:28:10.484 [INFO] payment-service: Health check passed
2026-06-15 19:28:10.984 [INFO] user-service: Health check passed
2026-06-15 19:28:11.484 [DEBUG] payment-service: Connection pool size 5
2026-06-15 19:28:11.984 [DEBUG] api-gateway: Connection pool size 13
2026-06-15 19:28:12.484 [DEBUG] redis: Connection pool size 13
2026-06-15 19:28:12.984 [INFO] database: Service restarted successfully
2026-06-15 19:28:13.484 [INFO] database: Cache hit ratio 89%
2026-06-15 19:28:13.984 [INFO] user-service: Health check passed
2026-06-15 19:28:14.485 [INFO] database: Cache hit ratio 90%
2026-06-15 19:28:14.985 [INFO] redis: Request processed successfully in 157ms
2026-06-15 19:28:15.485 [DEBUG] database: Connection pool size 7
2026-06-15 19:28:15.985 [INFO] api-gateway: Request processed successfully in 29ms
2026-06-15 19:28:16.485 [INFO] payment-service: Health check passed
2026-06-15 19:28:16.985 [WARNING] nginx: GC overhead limit reached
2026-06-15 19:28:17.486 [INFO] api-gateway: Cache hit ratio 83%
2026-06-15 19:28:17.986 [ERROR] auth-service: Request timeout after 46s
2026-06-15 19:28:18.486 [INFO] user-service: Cache hit ratio 91%
2026-06-15 19:28:18.986 [CRITICAL] auth-service: Out of memory error - process killed
2026-06-15 19:28:19.486 [DEBUG] api-gateway: Connection pool size 8
2026-06-15 19:28:19.986 [WARNING] user-service: GC overhead limit reached
2026-06-15 19:28:20.486 [WARNING] auth-service: Memory usage 92%
2026-06-15 19:28:20.986 [INFO] nginx: Cache hit ratio 82%
2026-06-15 19:28:21.486 [WARNING] payment-service: Slow query detected (9s)
2026-06-15 19:28:21.986 [INFO] api-gateway: Request processed successfully in 120ms
2026-06-15 19:28:22.486 [INFO] redis: Connection pool restored
2026-06-15 19:28:22.987 [INFO] user-service: Health check passed
2026-06-15 19:28:23.487 [INFO] payment-service: Request processed successfully in 72ms
2026-06-15 19:28:23.987 [INFO] payment-service: Cache hit ratio 81%
2026-06-15 19:28:24.487 [DEBUG] api-gateway: Connection pool size 17
2026-06-15 19:28:24.987 [INFO] user-service: Request processed successfully in 151ms
2026-06-15 19:28:25.487 [WARNING] auth-service: Memory usage 90%
2026-06-15 19:28:25.987 [DEBUG] payment-service: Connection pool size 9
2026-06-15 19:28:26.488 [DEBUG] payment-service: Connection pool size 11
2026-06-15 19:28:26.988 [INFO] api-gateway: Health check passed
2026-06-15 19:28:27.488 [INFO] nginx: Cache hit ratio 82%
2026-06-15 19:28:27.988 [INFO] redis: Cache hit ratio 85%
2026-06-15 19:28:28.488 [DEBUG] auth-service: Connection pool size 20
2026-06-15 19:28:28.988 [INFO] user-service: Connection pool restored
2026-06-15 19:28:29.488 [DEBUG] auth-service: Connection pool size 15
2026-06-15 19:28:29.988 [ERROR] database: Deadlock detected in transaction
2026-06-15 19:28:30.489 [INFO] payment-service: Request processed successfully in 29ms
2026-06-15 19:28:30.989 [ERROR] database: Deadlock detected in transaction
2026-06-15 19:28:31.489 [INFO] api-gateway: Cache hit ratio 83%
2026-06-15 19:28:31.989 [DEBUG] auth-service: Connection pool size 14
2026-06-15 19:28:32.489 [WARNING] nginx: Memory usage 86%
2026-06-15 19:28:32.989 [INFO] payment-service: Cache hit ratio 94%
2026-06-15 19:28:33.489 [INFO] redis: Request processed successfully in 197ms
2026-06-15 19:28:33.990 [INFO] nginx: Request processed successfully in 11ms
2026-06-15 19:28:34.490 [ERROR] nginx: Request timeout after 34s
2026-06-15 19:28:34.990 [DEBUG] api-gateway: Connection pool size 10
2026-06-15 19:28:35.490 [DEBUG] payment-service: Connection pool size 17
2026-06-15 19:28:35.990 [INFO] user-service: Request processed successfully in 129ms
2026-06-15 19:28:36.491 [INFO] database: Health check passed after recovery
2026-06-15 19:28:36.991 [INFO] redis: Cache hit ratio 82%
2026-06-15 19:28:37.491 [INFO] auth-service: Cache hit ratio 89%
2026-06-15 19:28:37.991 [INFO] nginx: Health check passed after recovery
2026-06-15 19:28:38.491 [DEBUG] redis: Connection pool size 16
2026-06-15 19:28:38.991 [WARNING] database: GC overhead limit reached
2026-06-15 19:28:39.491 [WARNING] user-service: Slow query detected (14s)
2026-06-15 19:28:39.991 [DEBUG] payment-service: Connection pool size 18
2026-06-15 19:28:40.491 [WARNING] database: Memory usage 86%
2026-06-15 19:28:40.991 [INFO] user-service: Health check passed
2026-06-15 19:28:41.492 [CRITICAL] api-gateway: Out of memory error - process killed
2026-06-15 19:28:41.992 [INFO] nginx: Health check passed
2026-06-15 19:28:42.492 [WARNING] user-service: GC overhead limit reached
2026-06-15 19:28:42.992 [DEBUG] database: Connection pool size 20
2026-06-15 19:28:43.492 [DEBUG] database: Connection pool size 11
2026-06-15 19:28:43.992 [INFO] payment-service: Health check passed
2026-06-15 19:28:44.492 [DEBUG] user-service: Connection pool size 9
2026-06-15 19:28:44.993 [INFO] auth-service: Request processed successfully in 35ms
2026-06-15 19:28:45.493 [INFO] database: Cache hit ratio 84%
2026-06-15 19:28:45.993 [INFO] api-gateway: Request processed successfully in 105ms
2026-06-15 19:28:46.493 [WARNING] payment-service: Memory usage 89%
2026-06-15 19:28:46.993 [INFO] api-gateway: Cache hit ratio 86%
2026-06-15 19:28:47.493 [ERROR] database: Deadlock detected in transaction
2026-06-15 19:28:47.993 [INFO] database: Request processed successfully in 192ms
2026-06-15 19:28:48.493 [DEBUG] redis: Connection pool size 16
2026-06-15 19:28:48.993 [INFO] redis: Request processed successfully in 96ms
2026-06-15 19:28:49.494 [DEBUG] api-gateway: Connection pool size 13
2026-06-15 19:28:49.994 [DEBUG] redis: Connection pool size 16
2026-06-15 19:28:50.494 [INFO] payment-service: Health check passed
2026-06-15 19:28:50.994 [DEBUG] auth-service: Connection pool size 16
2026-06-15 19:28:51.494 [INFO] user-service: Request processed successfully in 55ms
2026-06-15 19:28:51.994 [INFO] redis: Cache hit ratio 94%
2026-06-15 19:28:52.494 [ERROR] database: Connection timeout after 3137ms
2026-06-15 19:28:52.994 [ERROR] database: Query failed - relation 'orders' does not exist
2026-06-15 19:28:53.494 [DEBUG] nginx: Connection pool size 12
2026-06-15 19:28:53.995 [INFO] database: Health check passed
2026-06-15 19:28:54.495 [INFO] nginx: Health check passed
2026-06-15 19:28:54.995 [INFO] nginx: Cache hit ratio 85%
2026-06-15 19:28:55.495 [INFO] payment-service: Health check passed
2026-06-15 19:28:55.995 [INFO] redis: Request processed successfully in 12ms
2026-06-15 19:28:56.495 [CRITICAL] user-service: Service crashed
2026-06-15 19:28:56.995 [DEBUG] auth-service: Connection pool size 20
2026-06-15 19:28:57.495 [ERROR] nginx: Upstream service unavailable
2026-06-15 19:28:57.996 [INFO] auth-service: Cache hit ratio 97%
2026-06-15 19:28:58.496 [INFO] nginx: Health check passed
2026-06-15 19:28:58.996 [INFO] api-gateway: Request processed successfully in 123ms
2026-06-15 19:28:59.496 [INFO] database: Health check passed
2026-06-15 19:28:59.996 [INFO] payment-service: Health check passed
2026-06-15 19:29:00.496 [ERROR] database: Deadlock detected in transaction
2026-06-15 19:29:00.996 [INFO] api-gateway: Request processed successfully in 13ms
2026-06-15 19:29:01.496 [ERROR] database: Circuit breaker open for nginx
2026-06-15 19:29:01.996 [INFO] user-service: Request processed successfully in 74ms
2026-06-15 19:29:02.496 [INFO] nginx: Health check passed after recovery
2026-06-15 19:29:02.997 [DEBUG] auth-service: Connection pool size 16
2026-06-15 19:29:03.497 [INFO] api-gateway: Connection pool restored
2026-06-15 19:29:03.997 [INFO] auth-service: Service restarted successfully
2026-06-15 19:29:04.497 [CRITICAL] database: Connection pool exhausted
2026-06-15 19:29:04.997 [DEBUG] auth-service: Connection pool size 8
2026-06-15 19:29:05.497 [DEBUG] api-gateway: Connection pool size 9
2026-06-15 19:29:05.997 [INFO] nginx: Cache hit ratio 84%
2026-06-15 19:29:06.498 [DEBUG] api-gateway: Connection pool size 9
2026-06-15 19:29:06.998 [INFO] payment-service: Cache hit ratio 97%
2026-06-15 19:29:07.498 [WARNING] api-gateway: Slow query detected (19s)
2026-06-15 19:29:07.998 [INFO] redis: Request processed successfully in 181ms
2026-06-15 19:29:08.498 [INFO] nginx: Request processed successfully in 58ms
2026-06-15 19:29:08.998 [ERROR] database: Deadlock detected in transaction
2026-06-15 19:29:09.498 [WARNING] payment-service: GC overhead limit reached
2026-06-15 19:29:09.998 [WARNING] nginx: Memory usage 94%
2026-06-15 19:29:10.499 [DEBUG] payment-service: Connection pool size 8
2026-06-15 19:29:10.999 [INFO] api-gateway: Request processed successfully in 71ms
2026-06-15 19:29:11.499 [INFO] payment-service: Cache hit ratio 90%
2026-06-15 19:29:11.999 [INFO] user-service: Request processed successfully in 97ms
2026-06-15 19:29:12.499 [DEBUG] user-service: Connection pool size 11
2026-06-15 19:29:12.999 [INFO] database: Health check passed
2026-06-15 19:29:13.499 [WARNING] redis: GC overhead limit reached
2026-06-15 19:29:13.999 [WARNING] redis: Memory usage 90%
2026-06-15 19:29:14.500 [INFO] api-gateway: Service restarted successfully
2026-06-15 19:29:15.000 [ERROR] database: Query failed - relation 'orders' does not exist
2026-06-15 19:29:15.500 [DEBUG] api-gateway: Connection pool size 20
2026-06-15 19:29:16.000 [INFO] payment-service: Cache hit ratio 91%
2026-06-15 19:29:16.500 [ERROR] database: Connection timeout after 4196ms
2026-06-15 19:29:17.000 [DEBUG] database: Connection pool size 20
2026-06-15 19:29:17.500 [ERROR] user-service: Dependency failure from api-gateway
2026-06-15 19:29:18.001 [DEBUG] redis: Connection pool size 10
2026-06-15 19:29:18.501 [INFO] nginx: Cache hit ratio 95%
2026-06-15 19:29:19.001 [INFO] nginx: Cache hit ratio 88%
2026-06-15 19:29:19.501 [DEBUG] api-gateway: Connection pool size 6
2026-06-15 19:29:20.001 [INFO] auth-service: Health check passed
2026-06-15 19:29:20.501 [CRITICAL] database: Connection pool exhausted
2026-06-15 19:29:21.001 [ERROR] database: Deadlock detected in transaction
2026-06-15 19:29:21.501 [ERROR] auth-service: Circuit breaker open for api-gateway
2026-06-15 19:29:22.002 [INFO] user-service: Cache hit ratio 94%
2026-06-15 19:29:22.502 [INFO] payment-service: Cache hit ratio 90%
2026-06-15 19:29:23.002 [INFO] api-gateway: Health check passed
2026-06-15 19:29:23.502 [INFO] redis: Connection pool restored
2026-06-15 19:29:24.002 [INFO] user-service: Cache hit ratio 90%
2026-06-15 19:29:24.502 [INFO] database: Health check passed after recovery
2026-06-15 19:29:25.002 [INFO] auth-service: Cache hit ratio 97%
2026-06-15 19:29:25.502 [INFO] redis: Connection pool restored
2026-06-15 19:29:26.003 [INFO] nginx: Connection pool restored
2026-06-15 19:29:26.503 [INFO] redis: Request processed successfully in 13ms
2026-06-15 19:29:27.003 [INFO] auth-service: Cache hit ratio 88%
2026-06-15 19:29:27.503 [ERROR] database: Deadlock detected in transaction
2026-06-15 19:29:28.003 [ERROR] database: Deadlock detected in transaction
2026-06-15 19:29:28.503 [DEBUG] api-gateway: Connection pool size 5
2026-06-15 19:29:29.003 [INFO] redis: Connection pool restored
2026-06-15 19:29:29.503 [ERROR] database: Deadlock detected in transaction
2026-06-15 19:29:30.004 [DEBUG] auth-service: Connection pool size 7
2026-06-15 19:29:30.504 [INFO] payment-service: Service restarted successfully
2026-06-15 19:29:31.004 [CRITICAL] database: Connection pool exhausted
2026-06-15 19:29:31.504 [INFO] api-gateway: Request processed successfully in 56ms
2026-06-15 19:29:32.004 [WARNING] user-service: Memory usage 87%
2026-06-15 19:29:32.505 [INFO] api-gateway: Health check passed
2026-06-15 19:29:33.005 [INFO] nginx: Request processed successfully in 76ms
2026-06-15 19:29:33.505 [INFO] user-service: Request processed successfully in 153ms
2026-06-15 19:29:34.005 [INFO] nginx: Service restarted successfully
2026-06-15 19:29:34.505 [INFO] nginx: Service restarted successfully
2026-06-15 19:29:35.005 [ERROR] database: Connection timeout after 2394ms
2026-06-15 19:29:35.505 [CRITICAL] database: Service crashed
2026-06-15 19:29:36.006 [INFO] user-service: Connection pool restored
2026-06-15 19:29:36.506 [INFO] database: Cache hit ratio 95%
2026-06-15 19:29:37.006 [INFO] database: Request processed successfully in 49ms
2026-06-15 19:29:37.506 [INFO] payment-service: Cache hit ratio 82%
2026-06-15 19:29:38.006 [INFO] database: Health check passed
2026-06-15 19:29:38.506 [INFO] api-gateway: Health check passed
2026-06-15 19:29:39.006 [INFO] redis: Cache hit ratio 95%
2026-06-15 19:29:39.507 [INFO] nginx: Connection pool restored
2026-06-15 19:29:40.007 [INFO] database: Cache hit ratio 87%
2026-06-15 19:29:40.507 [ERROR] database: Connection timeout after 2339ms
2026-06-15 19:29:41.007 [INFO] payment-service: Health check passed
2026-06-15 19:29:41.507 [INFO] api-gateway: Request processed successfully in 152ms
2026-06-15 19:29:42.007 [INFO] user-service: Cache hit ratio 96%
2026-06-15 19:29:42.507 [INFO] auth-service: Health check passed after recovery
2026-06-15 19:29:43.008 [WARNING] nginx: Slow query detected (20s)
2026-06-15 19:29:43.508 [INFO] user-service: Health check passed
2026-06-15 19:29:44.008 [INFO] user-service: Health check passed
2026-06-15 19:29:44.508 [DEBUG] redis: Connection pool size 13
2026-06-15 19:29:45.008 [INFO] redis: Health check passed after recovery
2026-06-15 19:29:45.508 [ERROR] payment-service: Circuit breaker open for nginx
2026-06-15 19:29:46.008 [INFO] nginx: Request processed successfully in 182ms
2026-06-15 19:29:46.508 [ERROR] database: Query failed - relation 'orders' does not exist
2026-06-15 19:29:47.009 [ERROR] api-gateway: Upstream service unavailable
2026-06-15 19:29:47.509 [INFO] nginx: Health check passed
2026-06-15 19:29:48.009 [INFO] api-gateway: Health check passed
2026-06-15 19:29:48.509 [INFO] api-gateway: Cache hit ratio 81%
2026-06-15 19:29:49.009 [CRITICAL] payment-service: Service crashed
2026-06-15 19:29:49.509 [ERROR] auth-service: Dependency failure from user-service
2026-06-15 19:29:50.009 [ERROR] api-gateway: Upstream service unavailable
2026-06-15 19:29:50.509 [CRITICAL] nginx: Service crashed
2026-06-15 19:29:51.009 [INFO] api-gateway: Health check passed
2026-06-15 19:29:51.509 [INFO] api-gateway: Request processed successfully in 118ms
2026-06-15 19:29:52.009 [ERROR] api-gateway: Request timeout after 38s
2026-06-15 19:29:52.510 [WARNING] payment-service: GC overhead limit reached
2026-06-15 19:29:53.010 [ERROR] redis: Request timeout after 32s
2026-06-15 19:29:53.510 [WARNING] nginx: Memory usage 90%
2026-06-15 19:29:54.010 [ERROR] database: Deadlock detected in transaction
2026-06-15 19:29:54.510 [INFO] payment-service: Cache hit ratio 83%
2026-06-15 19:29:55.010 [INFO] auth-service: Cache hit ratio 81%
2026-06-15 19:29:55.510 [INFO] payment-service: Request processed successfully in 114ms
2026-06-15 19:29:56.010 [WARNING] user-service: Slow query detected (20s)
2026-06-15 19:29:56.510 [INFO] api-gateway: Cache hit ratio 97%
2026-06-15 19:29:57.011 [INFO] nginx: Cache hit ratio 95%
2026-06-15 19:29:57.511 [INFO] api-gateway: Cache hit ratio 81%
2026-06-15 19:29:58.011 [INFO] api-gateway: Cache hit ratio 91%
2026-06-15 19:29:58.511 [CRITICAL] database: Connection pool exhausted
2026-06-15 19:29:59.011 [ERROR] database: Connection timeout after 4528ms
2026-06-15 19:29:59.511 [INFO] database: Request processed successfully in 37ms
2026-06-15 19:30:00.011 [DEBUG] nginx: Connection pool size 8
2026-06-15 19:30:00.511 [INFO] payment-service: Request processed successfully in 56ms
2026-06-15 19:30:01.011 [INFO] nginx: Health check passed
2026-06-15 19:30:01.511 [DEBUG] user-service: Connection pool size 11
2026-06-15 19:30:02.011 [INFO] api-gateway: Cache hit ratio 86%
2026-06-15 19:30:02.512 [INFO] auth-service: Health check passed
2026-06-15 19:30:03.012 [DEBUG] database: Connection pool size 14
2026-06-15 19:30:03.512 [DEBUG] database: Connection pool size 20
2026-06-15 19:30:04.012 [WARNING] database: Slow query detected (29s)
2026-06-15 19:30:04.513 [DEBUG] user-service: Connection pool size 8
2026-06-15 19:30:05.013 [ERROR] database: Connection timeout after 4949ms
2026-06-15 19:30:05.513 [INFO] api-gateway: Request processed successfully in 34ms
2026-06-15 19:30:06.013 [INFO] payment-service: Cache hit ratio 91%
2026-06-15 19:30:06.513 [INFO] database: Service restarted successfully
2026-06-15 19:30:07.013 [ERROR] database: Deadlock detected in transaction
2026-06-15 19:30:07.513 [DEBUG] redis: Connection pool size 5
2026-06-15 19:30:08.013 [ERROR] auth-service: Request timeout after 56s
2026-06-15 19:30:08.514 [CRITICAL] database: Out of memory error - process killed
2026-06-15 19:30:09.014 [CRITICAL] database: Out of memory error - process killed
2026-06-15 19:30:09.514 [INFO] user-service: Cache hit ratio 96%
2026-06-15 19:30:10.014 [WARNING] api-gateway: GC overhead limit reached
2026-06-15 19:30:10.514 [DEBUG] nginx: Connection pool size 5
2026-06-15 19:30:11.014 [INFO] payment-service: Health check passed
2026-06-15 19:30:11.514 [INFO] auth-service: Cache hit ratio 87%
2026-06-15 19:30:12.014 [ERROR] payment-service: Circuit breaker open for database
2026-06-15 19:30:12.515 [INFO] redis: Request processed successfully in 71ms
2026-06-15 19:30:13.015 [CRITICAL] database: Connection pool exhausted
2026-06-15 19:30:13.515 [INFO] database: Health check passed
2026-06-15 19:30:14.015 [DEBUG] user-service: Connection pool size 18
2026-06-15 19:30:14.515 [DEBUG] auth-service: Connection pool size 18
2026-06-15 19:30:15.015 [DEBUG] payment-service: Connection pool size 7
2026-06-15 19:30:15.515 [INFO] nginx: Health check passed after recovery
2026-06-15 19:30:16.015 [INFO] payment-service: Request processed successfully in 110ms
2026-06-15 19:30:16.516 [INFO] redis: Health check passed
2026-06-15 19:30:17.016 [DEBUG] redis: Connection pool size 18
2026-06-15 19:30:17.516 [INFO] nginx: Cache hit ratio 89%
2026-06-15 19:30:18.016 [INFO] redis: Request processed successfully in 15ms
2026-06-15 19:30:18.516 [CRITICAL] database: Connection pool exhausted
2026-06-15 19:30:19.016 [WARNING] nginx: GC overhead limit reached
2026-06-15 19:30:19.516 [INFO] database: Service restarted successfully
2026-06-15 19:30:20.016 [INFO] payment-service: Connection pool restored
2026-06-15 19:30:20.516 [INFO] user-service: Connection pool restored
2026-06-15 19:30:21.017 [INFO] payment-service: Health check passed
2026-06-15 19:30:21.517 [INFO] user-service: Cache hit ratio 99%
2026-06-15 19:30:22.017 [INFO] nginx: Request processed successfully in 48ms
2026-06-15 19:30:22.517 [INFO] redis: Request processed successfully in 156ms
2026-06-15 19:30:23.017 [ERROR] user-service: Upstream service unavailable
2026-06-15 19:30:23.517 [INFO] user-service: Request processed successfully in 23ms
2026-06-15 19:30:24.017 [INFO] database: Health check passed
2026-06-15 19:30:24.518 [INFO] api-gateway: Health check passed
2026-06-15 19:30:25.018 [INFO] auth-service: Service restarted successfully
2026-06-15 19:30:25.518 [DEBUG] database: Connection pool size 20
2026-06-15 19:30:26.018 [INFO] redis: Cache hit ratio 81%
2026-06-15 19:30:26.518 [ERROR] user-service: Upstream service unavailable
2026-06-15 19:30:27.018 [INFO] nginx: Health check passed
2026-06-15 19:30:27.518 [INFO] nginx: Health check passed after recovery
2026-06-15 19:30:28.018 [INFO] payment-service: Cache hit ratio 82%
2026-06-15 19:30:28.519 [INFO] payment-service: Cache hit ratio 88%
2026-06-15 19:30:29.019 [DEBUG] api-gateway: Connection pool size 17
2026-06-15 19:30:29.519 [INFO] redis: Request processed successfully in 187ms
2026-06-15 19:30:30.019 [INFO] redis: Request processed successfully in 192ms
2026-06-15 19:30:30.519 [INFO] database: Request processed successfully in 120ms
2026-06-15 19:30:31.019 [INFO] redis: Health check passed
2026-06-15 19:30:31.519 [DEBUG] nginx: Connection pool size 20
2026-06-15 19:30:32.019 [INFO] api-gateway: Health check passed
2026-06-15 19:30:32.520 [INFO] nginx: Request processed successfully in 134ms
2026-06-15 19:30:33.020 [INFO] database: Health check passed
2026-06-15 19:30:33.520 [INFO] auth-service: Cache hit ratio 93%
2026-06-15 19:30:34.020 [INFO] auth-service: Request processed successfully in 120ms
2026-06-15 19:30:34.520 [INFO] nginx: Request processed successfully in 166ms
2026-06-15 19:30:35.020 [INFO] payment-service: Request processed successfully in 27ms
2026-06-15 19:30:35.520 [ERROR] nginx: Upstream service unavailable
2026-06-15 19:30:36.020 [DEBUG] database: Connection pool size 15
2026-06-15 19:30:36.521 [INFO] auth-service: Health check passed
2026-06-15 19:30:37.021 [INFO] api-gateway: Cache hit ratio 90%
2026-06-15 19:30:37.521 [INFO] database: Request processed successfully in 53ms
2026-06-15 19:30:38.021 [INFO] redis: Health check passed
2026-06-15 19:30:38.521 [ERROR] database: Deadlock detected in transaction
2026-06-15 19:30:39.021 [DEBUG] nginx: Connection pool size 5
2026-06-15 19:30:39.521 [DEBUG] database: Connection pool size 13
2026-06-15 19:30:40.021 [INFO] api-gateway: Health check passed
2026-06-15 19:30:40.521 [INFO] redis: Request processed successfully in 153ms
2026-06-15 19:30:41.022 [INFO] auth-service: Cache hit ratio 81%
2026-06-15 19:30:41.522 [INFO] nginx: Health check passed
2026-06-15 19:30:42.022 [DEBUG] nginx: Connection pool size 13
2026-06-15 19:30:42.522 [INFO] database: Health check passed
2026-06-15 19:30:43.022 [INFO] nginx: Cache hit ratio 95%
2026-06-15 19:30:43.522 [INFO] auth-service: Cache hit ratio 98%
2026-06-15 19:30:44.022 [ERROR] database: Deadlock detected in transaction
2026-06-15 19:30:44.523 [INFO] auth-service: Request processed successfully in 37ms
2026-06-15 19:30:45.023 [INFO] api-gateway: Cache hit ratio 93%
2026-06-15 19:30:45.523 [INFO] nginx: Connection pool restored
2026-06-15 19:30:46.023 [DEBUG] database: Connection pool size 13
2026-06-15 19:30:46.523 [INFO] auth-service: Request processed successfully in 195ms
2026-06-15 19:30:47.023 [INFO] user-service: Cache hit ratio 92%
2026-06-15 19:30:47.523 [DEBUG] database: Connection pool size 12
2026-06-15 19:30:48.023 [ERROR] database: Query failed - relation 'orders' does not exist
2026-06-15 19:30:48.524 [INFO] redis: Request processed successfully in 147ms
2026-06-15 19:30:49.024 [INFO] redis: Cache hit ratio 87%
2026-06-15 19:30:49.524 [INFO] auth-service: Request processed successfully in 198ms
2026-06-15 19:30:50.024 [DEBUG] database: Connection pool size 16
2026-06-15 19:30:50.524 [DEBUG] payment-service: Connection pool size 9
2026-06-15 19:30:51.024 [INFO] payment-service: Cache hit ratio 96%
2026-06-15 19:30:51.524 [DEBUG] nginx: Connection pool size 7
2026-06-15 19:30:52.024 [CRITICAL] database: Connection pool exhausted
2026-06-15 19:30:52.525 [CRITICAL] database: Connection pool exhausted
2026-06-15 19:30:53.025 [INFO] payment-service: Cache hit ratio 93%
2026-06-15 19:30:53.525 [INFO] api-gateway: Request processed successfully in 193ms
2026-06-15 19:30:54.025 [INFO] user-service: Cache hit ratio 83%
2026-06-15 19:30:54.525 [ERROR] payment-service: Upstream service unavailable
2026-06-15 19:30:55.025 [DEBUG] user-service: Connection pool size 10
2026-06-15 19:30:55.525 [INFO] api-gateway: Health check passed after recovery
2026-06-15 19:30:56.026 [INFO] auth-service: Connection pool restored
2026-06-15 19:30:56.526 [INFO] api-gateway: Cache hit ratio 86%
2026-06-15 19:30:57.026 [ERROR] database: Deadlock detected in transaction
2026-06-15 19:30:57.526 [DEBUG] payment-service: Connection pool size 7
2026-06-15 19:30:58.026 [INFO] user-service: Request processed successfully in 69ms
2026-06-15 19:30:58.526 [INFO] payment-service: Health check passed
2026-06-15 19:30:59.027 [INFO] database: Health check passed
2026-06-15 19:30:59.527 [DEBUG] database: Connection pool size 9
2026-06-15 19:31:00.027 [DEBUG] user-service: Connection pool size 5
2026-06-15 19:31:00.527 [WARNING] auth-service: Slow query detected (11s)
2026-06-15 19:31:01.027 [INFO] redis: Health check passed
2026-06-15 19:31:01.527 [INFO] api-gateway: Health check passed
2026-06-15 19:31:02.028 [INFO] payment-service: Service restarted successfully
2026-06-15 19:31:02.528 [ERROR] nginx: Circuit breaker open for payment-service
2026-06-15 19:31:03.028 [ERROR] database: Deadlock detected in transaction
2026-06-15 19:31:03.528 [INFO] redis: Cache hit ratio 93%
2026-06-15 19:31:04.028 [DEBUG] auth-service: Connection pool size 15
2026-06-15 19:31:04.528 [INFO] auth-service: Request processed successfully in 97ms
2026-06-15 19:31:05.029 [INFO] database: Service restarted successfully
2026-06-15 19:31:05.529 [INFO] payment-service: Service restarted successfully
2026-06-15 19:31:06.029 [DEBUG] payment-service: Connection pool size 20
2026-06-15 19:31:06.529 [INFO] api-gateway: Health check passed
2026-06-15 19:31:07.029 [WARNING] api-gateway: GC overhead limit reached
2026-06-15 19:31:07.529 [INFO] payment-service: Health check passed
2026-06-15 19:31:08.029 [INFO] auth-service: Request processed successfully in 144ms
2026-06-15 19:31:08.529 [INFO] payment-service: Health check passed
2026-06-15 19:31:09.030 [INFO] payment-service: Cache hit ratio 99%
2026-06-15 19:31:09.530 [INFO] auth-service: Health check passed
2026-06-15 19:31:10.030 [WARNING] nginx: Slow query detected (27s)
2026-06-15 19:31:10.530 [WARNING] redis: Slow query detected (17s)
2026-06-15 19:31:11.030 [INFO] payment-service: Health check passed
2026-06-15 19:31:11.530 [CRITICAL] database: Connection pool exhausted
2026-06-15 19:31:12.030 [DEBUG] user-service: Connection pool size 17
2026-06-15 19:31:12.530 [DEBUG] auth-service: Connection pool size 10
2026-06-15 19:31:13.031 [DEBUG] redis: Connection pool size 20
2026-06-15 19:31:13.531 [INFO] redis: Request processed successfully in 158ms
2026-06-15 19:31:14.031 [INFO] redis: Health check passed
2026-06-15 19:31:14.531 [ERROR] database: Connection timeout after 3329ms
2026-06-15 19:31:15.031 [INFO] database: Request processed successfully in 40ms
2026-06-15 19:31:15.531 [INFO] user-service: Request processed successfully in 94ms
2026-06-15 19:31:16.032 [INFO] redis: Cache hit ratio 86%
2026-06-15 19:31:16.532 [DEBUG] api-gateway: Connection pool size 10
2026-06-15 19:31:17.032 [INFO] nginx: Cache hit ratio 82%
2026-06-15 19:31:17.532 [INFO] auth-service: Cache hit ratio 96%
2026-06-15 19:31:18.032 [INFO] user-service: Connection pool restored
2026-06-15 19:31:18.532 [INFO] nginx: Cache hit ratio 86%
2026-06-15 19:31:19.033 [INFO] auth-service: Health check passed after recovery
2026-06-15 19:31:19.533 [INFO] api-gateway: Cache hit ratio 83%
2026-06-15 19:31:20.033 [DEBUG] redis: Connection pool size 12
2026-06-15 19:31:20.533 [INFO] nginx: Health check passed
2026-06-15 19:31:21.033 [INFO] database: Health check passed
2026-06-15 19:31:21.533 [DEBUG] api-gateway: Connection pool size 5
2026-06-15 19:31:22.034 [INFO] payment-service: Request processed successfully in 49ms
2026-06-15 19:31:22.534 [INFO] api-gateway: Health check passed
2026-06-15 19:31:23.034 [ERROR] database: Upstream service unavailable
2026-06-15 19:31:23.534 [INFO] auth-service: Cache hit ratio 82%
2026-06-15 19:31:24.034 [INFO] nginx: Request processed successfully in 97ms
2026-06-15 19:31:24.534 [INFO] api-gateway: Health check passed
2026-06-15 19:31:25.034 [INFO] user-service: Cache hit ratio 83%
2026-06-15 19:31:25.535 [ERROR] user-service: Request timeout after 50s
2026-06-15 19:31:26.035 [INFO] auth-service: Health check passed
2026-06-15 19:31:26.535 [INFO] auth-service: Request processed successfully in 159ms
2026-06-15 19:31:27.035 [DEBUG] redis: Connection pool size 6
2026-06-15 19:31:27.535 [ERROR] database: Query failed - relation 'orders' does not exist
2026-06-15 19:31:28.035 [ERROR] database: Connection timeout after 4905ms
2026-06-15 19:31:28.535 [INFO] auth-service: Request processed successfully in 96ms
2026-06-15 19:31:29.035 [INFO] api-gateway: Cache hit ratio 95%
2026-06-15 19:31:29.536 [WARNING] api-gateway: Memory usage 85%
2026-06-15 19:31:30.036 [INFO] database: Health check passed
2026-06-15 19:31:30.536 [DEBUG] nginx: Connection pool size 7
2026-06-15 19:31:31.036 [DEBUG] payment-service: Connection pool size 6
2026-06-15 19:31:31.536 [INFO] user-service: Health check passed after recovery
2026-06-15 19:31:32.036 [INFO] redis: Cache hit ratio 83%
2026-06-15 19:31:32.536 [ERROR] auth-service: Request timeout after 41s
2026-06-15 19:31:33.037 [DEBUG] api-gateway: Connection pool size 12
2026-06-15 19:31:33.537 [DEBUG] database: Connection pool size 13
2026-06-15 19:31:34.037 [DEBUG] redis: Connection pool size 9
2026-06-15 19:31:34.537 [INFO] nginx: Request processed successfully in 73ms
2026-06-15 19:31:35.037 [INFO] payment-service: Request processed successfully in 182ms
2026-06-15 19:31:35.537 [INFO] api-gateway: Health check passed
2026-06-15 19:31:36.037 [INFO] payment-service: Health check passed
2026-06-15 19:31:36.537 [ERROR] database: Query failed - relation 'orders' does not exist
2026-06-15 19:31:37.038 [ERROR] database: Deadlock detected in transaction
2026-06-15 19:31:37.538 [ERROR] payment-service: Request timeout after 50s
2026-06-15 19:31:38.038 [INFO] database: Health check passed
2026-06-15 19:31:38.538 [WARNING] database: Slow query detected (14s)
2026-06-15 19:31:39.038 [INFO] api-gateway: Cache hit ratio 91%
2026-06-15 19:31:39.538 [CRITICAL] nginx: Out of memory error - process killed
2026-06-15 19:31:40.038 [DEBUG] auth-service: Connection pool size 5
2026-06-15 19:31:40.538 [INFO] user-service: Cache hit ratio 80%
2026-06-15 19:31:41.039 [CRITICAL] database: Connection pool exhausted
2026-06-15 19:31:41.539 [WARNING] api-gateway: Memory usage 87%
2026-06-15 19:31:42.039 [DEBUG] nginx: Connection pool size 8
2026-06-15 19:31:42.539 [DEBUG] redis: Connection pool size 14
2026-06-15 19:31:43.039 [CRITICAL] database: Connection pool exhausted
2026-06-15 19:31:43.539 [INFO] redis: Request processed successfully in 120ms
2026-06-15 19:31:44.039 [INFO] payment-service: Health check passed
2026-06-15 19:31:44.540 [INFO] api-gateway: Connection pool restored
2026-06-15 19:31:45.040 [DEBUG] payment-service: Connection pool size 9
2026-06-15 19:31:45.540 [INFO] payment-service: Health check passed
2026-06-15 19:31:46.040 [INFO] user-service: Cache hit ratio 88%
2026-06-15 19:31:46.540 [INFO] database: Cache hit ratio 88%
2026-06-15 19:31:47.040 [DEBUG] database: Connection pool size 8
2026-06-15 19:31:47.540 [INFO] user-service: Health check passed after recovery
2026-06-15 19:31:48.041 [INFO] database: Cache hit ratio 85%
2026-06-15 19:31:48.541 [WARNING] nginx: GC overhead limit reached
2026-06-15 19:31:49.041 [INFO] database: Cache hit ratio 89%
2026-06-15 19:31:49.541 [INFO] nginx: Request processed successfully in 10ms
2026-06-15 19:31:50.041 [INFO] user-service: Cache hit ratio 96%
2026-06-15 19:31:50.541 [INFO] redis: Cache hit ratio 87%
2026-06-15 19:31:51.042 [DEBUG] api-gateway: Connection pool size 17
2026-06-15 19:31:51.542 [INFO] nginx: Request processed successfully in 133ms
2026-06-15 19:31:52.042 [WARNING] api-gateway: Slow query detected (10s)
2026-06-15 19:31:52.542 [CRITICAL] database: Connection pool exhausted
2026-06-15 19:31:53.042 [CRITICAL] payment-service: Out of memory error - process killed
2026-06-15 19:31:53.542 [WARNING] database: Memory usage 93%
2026-06-15 19:31:54.042 [DEBUG] user-service: Connection pool size 18
2026-06-15 19:31:54.543 [INFO] database: Cache hit ratio 97%
2026-06-15 19:31:55.043 [INFO] user-service: Health check passed
2026-06-15 19:31:55.543 [CRITICAL] auth-service: Service crashed
2026-06-15 19:31:56.043 [DEBUG] payment-service: Connection pool size 16
2026-06-15 19:31:56.543 [INFO] database: Cache hit ratio 83%
2026-06-15 19:31:57.043 [INFO] nginx: Cache hit ratio 94%
2026-06-15 19:31:57.544 [CRITICAL] database: Connection pool exhausted
2026-06-15 19:31:58.044 [INFO] user-service: Request processed successfully in 28ms
2026-06-15 19:31:58.544 [INFO] api-gateway: Cache hit ratio 87%
2026-06-15 19:31:59.044 [ERROR] database: Request timeout after 34s
2026-06-15 19:31:59.544 [DEBUG] user-service: Connection pool size 16
2026-06-15 19:32:00.044 [INFO] auth-service: Health check passed
2026-06-15 19:32:00.544 [INFO] user-service: Cache hit ratio 83%
2026-06-15 19:32:01.044 [INFO] auth-service: Cache hit ratio 89%
2026-06-15 19:32:01.544 [INFO] user-service: Cache hit ratio 84%
2026-06-15 19:32:02.044 [INFO] api-gateway: Request processed successfully in 16ms
2026-06-15 19:32:02.545 [CRITICAL] database: Connection pool exhausted
2026-06-15 19:32:03.045 [INFO] payment-service: Request processed successfully in 185ms
2026-06-15 19:32:03.545 [INFO] redis: Request processed successfully in 198ms
2026-06-15 19:32:04.045 [WARNING] api-gateway: Slow query detected (25s)
2026-06-15 19:32:04.545 [INFO] nginx: Health check passed
2026-06-15 19:32:05.045 [ERROR] database: Query failed - relation 'orders' does not exist
2026-06-15 19:32:05.545 [DEBUG] api-gateway: Connection pool size 10
2026-06-15 19:32:06.045 [INFO] api-gateway: Health check passed
2026-06-15 19:32:06.545 [INFO] user-service: Health check passed
2026-06-15 19:32:07.045 [INFO] database: Cache hit ratio 89%
2026-06-15 19:32:07.546 [INFO] payment-service: Request processed successfully in 35ms
2026-06-15 19:32:08.046 [DEBUG] redis: Connection pool size 6
2026-06-15 19:32:08.546 [DEBUG] user-service: Connection pool size 13
2026-06-15 19:32:09.046 [INFO] nginx: Health check passed
2026-06-15 19:32:09.546 [INFO] auth-service: Request processed successfully in 38ms
2026-06-15 19:32:10.046 [INFO] redis: Cache hit ratio 84%
2026-06-15 19:32:10.546 [WARNING] payment-service: GC overhead limit reached
2026-06-15 19:32:11.046 [INFO] auth-service: Cache hit ratio 95%
2026-06-15 19:32:11.546 [CRITICAL] nginx: Service crashed
2026-06-15 19:32:12.047 [ERROR] database: Deadlock detected in transaction
2026-06-15 19:32:12.547 [INFO] api-gateway: Service restarted successfully
2026-06-15 19:32:13.047 [INFO] auth-service: Connection pool restored
2026-06-15 19:32:13.547 [CRITICAL] database: Connection pool exhausted
2026-06-15 19:32:14.047 [DEBUG] user-service: Connection pool size 15
2026-06-15 19:32:14.547 [DEBUG] payment-service: Connection pool size 8
2026-06-15 19:32:15.047 [INFO] user-service: Request processed successfully in 89ms
2026-06-15 19:32:15.548 [INFO] user-service: Request processed successfully in 177ms
2026-06-15 19:32:16.048 [INFO] database: Health check passed
2026-06-15 19:32:16.548 [INFO] payment-service: Health check passed
2026-06-15 19:32:17.048 [ERROR] database: Deadlock detected in transaction
2026-06-15 19:32:17.548 [ERROR] database: Query failed - relation 'orders' does not exist
2026-06-15 19:32:18.048 [DEBUG] api-gateway: Connection pool size 17
2026-06-15 19:32:18.548 [DEBUG] nginx: Connection pool size 12
2026-06-15 19:32:19.048 [INFO] api-gateway: Request processed successfully in 24ms
2026-06-15 19:32:19.548 [INFO] nginx: Cache hit ratio 83%
2026-06-15 19:32:20.049 [INFO] payment-service: Cache hit ratio 80%
2026-06-15 19:32:20.549 [CRITICAL] auth-service: Out of memory error - process killed
2026-06-15 19:32:21.049 [INFO] user-service: Health check passed
2026-06-15 19:32:21.549 [INFO] auth-service: Request processed successfully in 69ms
2026-06-15 19:32:22.049 [CRITICAL] database: Connection pool exhausted
2026-06-15 19:32:22.549 [INFO] api-gateway: Request processed successfully in 191ms
2026-06-15 19:32:23.049 [WARNING] redis: Memory usage 94%
2026-06-15 19:32:23.550 [ERROR] database: Connection timeout after 3014ms
2026-06-15 19:32:24.050 [DEBUG] auth-service: Connection pool size 19
2026-06-15 19:32:24.550 [INFO] auth-service: Request processed successfully in 193ms
2026-06-15 19:32:25.050 [ERROR] database: Query failed - relation 'orders' does not exist
2026-06-15 19:32:25.550 [INFO] database: Cache hit ratio 89%
2026-06-15 19:32:26.050 [INFO] redis: Health check passed
2026-06-15 19:32:26.550 [ERROR] api-gateway: Request timeout after 32s
2026-06-15 19:32:27.050 [INFO] payment-service: Request processed successfully in 23ms
2026-06-15 19:32:27.551 [WARNING] auth-service: Slow query detected (11s)
2026-06-15 19:32:28.051 [INFO] payment-service: Service restarted successfully
2026-06-15 19:32:28.551 [INFO] api-gateway: Cache hit ratio 91%
2026-06-15 19:32:29.051 [DEBUG] redis: Connection pool size 10
2026-06-15 19:32:29.551 [INFO] nginx: Connection pool restored
2026-06-15 19:32:30.051 [INFO] user-service: Health check passed
2026-06-15 19:32:30.551 [INFO] auth-service: Cache hit ratio 82%
2026-06-15 19:32:31.051 [DEBUG] nginx: Connection pool size 18
2026-06-15 19:32:31.552 [DEBUG] payment-service: Connection pool size 8
2026-06-15 19:32:32.052 [INFO] api-gateway: Request processed successfully in 23ms
2026-06-15 19:32:32.552 [CRITICAL] database: Connection pool exhausted
2026-06-15 19:32:33.052 [INFO] api-gateway: Service restarted successfully
2026-06-15 19:32:33.552 [INFO] nginx: Health check passed
2026-06-15 19:32:34.052 [DEBUG] payment-service: Connection pool size 19
2026-06-15 19:32:34.552 [INFO] payment-service: Request processed successfully in 25ms
2026-06-15 19:32:35.052 [DEBUG] nginx: Connection pool size 11
2026-06-15 19:32:35.553 [ERROR] database: Query failed - relation 'orders' does not exist
2026-06-15 19:32:36.053 [INFO] database: Cache hit ratio 86%
2026-06-15 19:32:36.553 [INFO] payment-service: Request processed successfully in 173ms
2026-06-15 19:32:37.053 [CRITICAL] database: Connection pool exhausted
2026-06-15 19:32:37.553 [INFO] api-gateway: Request processed successfully in 114ms
2026-06-15 19:32:38.053 [DEBUG] auth-service: Connection pool size 17
2026-06-15 19:32:38.553 [ERROR] user-service: Upstream service unavailable
2026-06-15 19:32:39.053 [INFO] payment-service: Health check passed
2026-06-15 19:32:39.554 [INFO] api-gateway: Request processed successfully in 41ms
2026-06-15 19:32:40.054 [INFO] user-service: Cache hit ratio 91%
2026-06-15 19:32:40.554 [INFO] redis: Health check passed
2026-06-15 19:32:41.054 [INFO] redis: Health check passed
2026-06-15 19:32:41.554 [ERROR] database: Deadlock detected in transaction
2026-06-15 19:32:42.054 [WARNING] redis: Slow query detected (20s)
2026-06-15 19:32:42.554 [INFO] api-gateway: Health check passed
2026-06-15 19:32:43.054 [DEBUG] api-gateway: Connection pool size 20
2026-06-15 19:32:43.554 [INFO] redis: Request processed successfully in 146ms
2026-06-15 19:32:44.054 [INFO] redis: Cache hit ratio 95%
2026-06-15 19:32:44.555 [DEBUG] nginx: Connection pool size 15
2026-06-15 19:32:45.055 [INFO] api-gateway: Health check passed
2026-06-15 19:32:45.555 [INFO] database: Request processed successfully in 45ms
2026-06-15 19:32:46.055 [INFO] database: Cache hit ratio 91%
2026-06-15 19:32:46.555 [INFO] database: Cache hit ratio 88%
2026-06-15 19:32:47.055 [INFO] redis: Cache hit ratio 92%
2026-06-15 19:32:47.555 [DEBUG] redis: Connection pool size 13
2026-06-15 19:32:48.055 [INFO] api-gateway: Request processed successfully in 108ms
2026-06-15 19:32:48.556 [WARNING] redis: Memory usage 95%
2026-06-15 19:32:49.056 [INFO] api-gateway: Health check passed
2026-06-15 19:32:49.556 [INFO] redis: Health check passed
2026-06-15 19:32:50.056 [INFO] api-gateway: Cache hit ratio 88%
2026-06-15 19:32:50.556 [ERROR] database: Query failed - relation 'orders' does not exist
2026-06-15 19:32:51.056 [INFO] payment-service: Cache hit ratio 97%
2026-06-15 19:32:51.556 [INFO] user-service: Cache hit ratio 85%
2026-06-15 19:32:52.056 [DEBUG] auth-service: Connection pool size 14
2026-06-15 19:32:52.556 [INFO] payment-service: Request processed successfully in 52ms
2026-06-15 19:32:53.056 [INFO] user-service: Health check passed
2026-06-15 19:32:53.557 [INFO] api-gateway: Service restarted successfully
2026-06-15 19:32:54.057 [CRITICAL] database: Connection pool exhausted
2026-06-15 19:32:54.557 [CRITICAL] database: Connection pool exhausted
2026-06-15 19:32:55.057 [INFO] redis: Cache hit ratio 84%
2026-06-15 19:32:55.557 [INFO] api-gateway: Health check passed
2026-06-15 19:32:56.057 [INFO] redis: Request processed successfully in 175ms
2026-06-15 19:32:56.557 [ERROR] database: Connection timeout after 4476ms
2026-06-15 19:32:57.057 [INFO] redis: Cache hit ratio 92%
2026-06-15 19:32:57.557 [INFO] database: Cache hit ratio 86%
2026-06-15 19:32:58.058 [INFO] payment-service: Cache hit ratio 95%
2026-06-15 19:32:58.558 [DEBUG] user-service: Connection pool size 12
2026-06-15 19:32:59.058 [INFO] auth-service: Cache hit ratio 92%
2026-06-15 19:32:59.558 [ERROR] nginx: Request timeout after 32s
2026-06-15 19:33:00.058 [INFO] api-gateway: Health check passed
2026-06-15 19:33:00.558 [INFO] payment-service: Health check passed
2026-06-15 19:33:01.058 [CRITICAL] database: Out of memory error - process killed
2026-06-15 19:33:01.558 [INFO] redis: Request processed successfully in 74ms
2026-06-15 19:33:02.058 [WARNING] auth-service: Slow query detected (25s)
2026-06-15 19:33:02.558 [INFO] nginx: Connection pool restored
2026-06-15 19:33:03.059 [INFO] redis: Request processed successfully in 68ms
2026-06-15 19:33:03.559 [ERROR] database: Query failed - relation 'orders' does not exist
2026-06-15 19:33:04.059 [INFO] payment-service: Request processed successfully in 49ms
2026-06-15 19:33:04.559 [INFO] api-gateway: Request processed successfully in 86ms
2026-06-15 19:33:05.059 [INFO] payment-service: Cache hit ratio 99%
2026-06-15 19:33:05.559 [INFO] redis: Request processed successfully in 73ms
2026-06-15 19:33:06.059 [INFO] api-gateway: Cache hit ratio 87%
2026-06-15 19:33:06.559 [INFO] api-gateway: Health check passed
2026-06-15 19:33:07.060 [INFO] api-gateway: Service restarted successfully
2026-06-15 19:33:07.560 [INFO] api-gateway: Cache hit ratio 80%
2026-06-15 19:33:08.060 [INFO] redis: Health check passed
2026-06-15 19:33:08.560 [WARNING] user-service: Slow query detected (26s)
2026-06-15 19:33:09.060 [INFO] redis: Request processed successfully in 72ms
2026-06-15 19:33:09.560 [ERROR] database: Query failed - relation 'orders' does not exist
2026-06-15 19:33:10.060 [ERROR] database: Query failed - relation 'orders' does not exist
2026-06-15 19:33:10.560 [INFO] database: Health check passed
2026-06-15 19:33:11.060 [INFO] database: Request processed successfully in 200ms
2026-06-15 19:33:11.560 [DEBUG] api-gateway: Connection pool size 17
2026-06-15 19:33:12.061 [INFO] api-gateway: Cache hit ratio 87%
2026-06-15 19:33:12.561 [INFO] redis: Cache hit ratio 85%
2026-06-15 19:33:13.061 [INFO] api-gateway: Request processed successfully in 139ms
2026-06-15 19:33:13.561 [CRITICAL] database: Connection pool exhausted
2026-06-15 19:33:14.061 [ERROR] database: Connection timeout after 1650ms
2026-06-15 19:33:14.561 [DEBUG] database: Connection pool size 13
2026-06-15 19:33:15.061 [DEBUG] nginx: Connection pool size 12
2026-06-15 19:33:15.561 [INFO] nginx: Health check passed
2026-06-15 19:33:16.062 [INFO] user-service: Health check passed
2026-06-15 19:33:16.562 [INFO] database: Request processed successfully in 14ms
2026-06-15 19:33:17.062 [INFO] user-service: Health check passed
2026-06-15 19:33:17.562 [DEBUG] user-service: Connection pool size 17
2026-06-15 19:33:18.062 [DEBUG] nginx: Connection pool size 8
2026-06-15 19:33:18.562 [WARNING] api-gateway: GC overhead limit reached
2026-06-15 19:33:19.062 [INFO] auth-service: Cache hit ratio 99%
2026-06-15 19:33:19.562 [CRITICAL] payment-service: Out of memory error - process killed
2026-06-15 19:33:20.062 [DEBUG] user-service: Connection pool size 19
2026-06-15 19:33:20.562 [INFO] payment-service: Service restarted successfully
2026-06-15 19:33:21.063 [INFO] auth-service: Health check passed
2026-06-15 19:33:21.563 [INFO] api-gateway: Health check passed
2026-06-15 19:33:22.063 [DEBUG] auth-service: Connection pool size 20
2026-06-15 19:33:22.563 [DEBUG] api-gateway: Connection pool size 14
2026-06-15 19:33:23.063 [INFO] nginx: Cache hit ratio 91%
2026-06-15 19:33:23.563 [INFO] redis: Service restarted successfully
2026-06-15 19:33:24.063 [INFO] database: Health check passed
2026-06-15 19:33:24.563 [INFO] user-service: Cache hit ratio 98%
2026-06-15 19:33:25.063 [INFO] api-gateway: Request processed successfully in 166ms
2026-06-15 19:33:25.564 [INFO] payment-service: Request processed successfully in 13ms
2026-06-15 19:33:26.064 [INFO] redis: Request processed successfully in 87ms
2026-06-15 19:33:26.564 [INFO] user-service: Request processed successfully in 160ms
2026-06-15 19:33:27.064 [INFO] database: Health check passed
2026-06-15 19:33:27.564 [INFO] nginx: Request processed successfully in 88ms
2026-06-15 19:33:28.064 [INFO] api-gateway: Health check passed
2026-06-15 19:33:28.564 [CRITICAL] database: Connection pool exhausted
2026-06-15 19:33:29.064 [INFO] auth-service: Service restarted successfully
2026-06-15 19:33:29.564 [ERROR] api-gateway: Upstream service unavailable
2026-06-15 19:33:30.064 [INFO] nginx: Health check passed
2026-06-15 19:33:30.565 [DEBUG] redis: Connection pool size 8
2026-06-15 19:33:31.065 [WARNING] user-service: GC overhead limit reached
2026-06-15 19:33:31.565 [INFO] auth-service: Cache hit ratio 94%
2026-06-15 19:33:32.065 [INFO] user-service: Request processed successfully in 111ms
2026-06-15 19:33:32.565 [INFO] database: Cache hit ratio 93%
2026-06-15 19:33:33.065 [INFO] database: Health check passed
2026-06-15 19:33:33.565 [INFO] api-gateway: Cache hit ratio 83%
2026-06-15 19:33:34.065 [DEBUG] user-service: Connection pool size 13
2026-06-15 19:33:34.566 [INFO] auth-service: Health check passed
2026-06-15 19:33:35.066 [WARNING] auth-service: Slow query detected (19s)
2026-06-15 19:33:35.566 [INFO] payment-service: Health check passed
2026-06-15 19:33:36.066 [CRITICAL] database: Connection pool exhausted
2026-06-15 19:33:36.566 [INFO] api-gateway: Request processed successfully in 98ms
2026-06-15 19:33:37.066 [ERROR] database: Deadlock detected in transaction
2026-06-15 19:33:37.566 [INFO] redis: Request processed successfully in 128ms
2026-06-15 19:33:38.066 [INFO] nginx: Cache hit ratio 93%
2026-06-15 19:33:38.567 [INFO] database: Cache hit ratio 88%
2026-06-15 19:33:39.067 [ERROR] database: Query failed - relation 'orders' does not exist
2026-06-15 19:33:39.567 [DEBUG] database: Connection pool size 5
2026-06-15 19:33:40.067 [DEBUG] payment-service: Connection pool size 17
2026-06-15 19:33:40.567 [DEBUG] redis: Connection pool size 10
2026-06-15 19:33:41.067 [INFO] auth-service: Request processed successfully in 153ms
2026-06-15 19:33:41.567 [INFO] user-service: Cache hit ratio 94%
2026-06-15 19:33:42.067 [ERROR] database: Connection timeout after 1503ms
2026-06-15 19:33:42.567 [INFO] auth-service: Request processed successfully in 160ms
2026-06-15 19:33:43.067 [INFO] database: Health check passed
2026-06-15 19:33:43.568 [ERROR] database: Deadlock detected in transaction
2026-06-15 19:33:44.068 [DEBUG] payment-service: Connection pool size 20
2026-06-15 19:33:44.568 [DEBUG] user-service: Connection pool size 19
2026-06-15 19:33:45.068 [DEBUG] redis: Connection pool size 11
2026-06-15 19:33:45.568 [INFO] nginx: Request processed successfully in 139ms
2026-06-15 19:33:46.069 [INFO] database: Request processed successfully in 134ms
2026-06-15 19:33:46.569 [INFO] nginx: Request processed successfully in 72ms
2026-06-15 19:33:47.069 [INFO] auth-service: Cache hit ratio 81%
2026-06-15 19:33:47.569 [DEBUG] auth-service: Connection pool size 16
2026-06-15 19:33:48.069 [INFO] api-gateway: Request processed successfully in 147ms
2026-06-15 19:33:48.569 [INFO] user-service: Cache hit ratio 89%
2026-06-15 19:33:49.070 [DEBUG] redis: Connection pool size 8
2026-06-15 19:33:49.570 [INFO] redis: Health check passed
2026-06-15 19:33:50.070 [INFO] database: Health check passed
2026-06-15 19:33:50.570 [INFO] payment-service: Service restarted successfully
2026-06-15 19:33:51.070 [INFO] database: Health check passed
2026-06-15 19:33:51.570 [INFO] payment-service: Service restarted successfully
2026-06-15 19:33:52.070 [DEBUG] nginx: Connection pool size 14
2026-06-15 19:33:52.570 [INFO] api-gateway: Request processed successfully in 21ms
2026-06-15 19:33:53.071 [DEBUG] nginx: Connection pool size 12
2026-06-15 19:33:53.571 [WARNING] payment-service: Slow query detected (21s)
2026-06-15 19:33:54.071 [INFO] api-gateway: Cache hit ratio 80%
2026-06-15 19:33:54.571 [INFO] database: Health check passed after recovery
2026-06-15 19:33:55.071 [INFO] redis: Health check passed
2026-06-15 19:33:55.571 [INFO] auth-service: Request processed successfully in 56ms
2026-06-15 19:33:56.071 [DEBUG] payment-service: Connection pool size 14
2026-06-15 19:33:56.572 [DEBUG] auth-service: Connection pool size 15
2026-06-15 19:33:57.072 [INFO] payment-service: Health check passed
2026-06-15 19:33:57.572 [INFO] redis: Request processed successfully in 72ms
2026-06-15 19:33:58.072 [CRITICAL] database: Connection pool exhausted
2026-06-15 19:33:58.572 [ERROR] database: Connection timeout after 1235ms
2026-06-15 19:33:59.072 [INFO] auth-service: Request processed successfully in 33ms
2026-06-15 19:33:59.572 [WARNING] api-gateway: GC overhead limit reached
2026-06-15 19:34:00.072 [INFO] auth-service: Request processed successfully in 154ms
2026-06-15 19:34:00.573 [INFO] database: Request processed successfully in 138ms
2026-06-15 19:34:01.073 [INFO] user-service: Cache hit ratio 86%
2026-06-15 19:34:01.573 [CRITICAL] database: Connection pool exhausted
2026-06-15 19:34:02.073 [INFO] auth-service: Cache hit ratio 93%
2026-06-15 19:34:02.573 [INFO] nginx: Request processed successfully in 30ms
2026-06-15 19:34:03.073 [INFO] user-service: Request processed successfully in 176ms
2026-06-15 19:34:03.573 [DEBUG] database: Connection pool size 11
2026-06-15 19:34:04.073 [DEBUG] database: Connection pool size 13
2026-06-15 19:34:04.573 [WARNING] nginx: Memory usage 86%
2026-06-15 19:34:05.074 [INFO] database: Health check passed
2026-06-15 19:34:05.574 [ERROR] payment-service: Dependency failure from nginx
2026-06-15 19:34:06.074 [INFO] api-gateway: Request processed successfully in 56ms
2026-06-15 19:34:06.574 [ERROR] api-gateway: Request timeout after 55s
2026-06-15 19:34:07.074 [INFO] auth-service: Cache hit ratio 95%
2026-06-15 19:34:07.574 [INFO] payment-service: Health check passed after recovery
2026-06-15 19:34:08.075 [ERROR] auth-service: Dependency failure from payment-service
2026-06-15 19:34:08.575 [WARNING] user-service: Slow query detected (10s)
2026-06-15 19:34:09.075 [INFO] api-gateway: Cache hit ratio 92%
2026-06-15 19:34:09.575 [INFO] nginx: Request processed successfully in 118ms
2026-06-15 19:34:10.075 [INFO] payment-service: Request processed successfully in 76ms
2026-06-15 19:34:10.575 [INFO] nginx: Health check passed
2026-06-15 19:34:11.076 [DEBUG] nginx: Connection pool size 17
2026-06-15 19:34:11.576 [CRITICAL] database: Out of memory error - process killed
2026-06-15 19:34:12.076 [ERROR] api-gateway: Request timeout after 43s
2026-06-15 19:34:12.576 [CRITICAL] database: Connection pool exhausted
2026-06-15 19:34:13.076 [INFO] user-service: Service restarted successfully
2026-06-15 19:34:13.576 [ERROR] database: Query failed - relation 'orders' does not exist
2026-06-15 19:34:14.076 [CRITICAL] database: Connection pool exhausted
2026-06-15 19:34:14.577 [INFO] database: Cache hit ratio 98%
2026-06-15 19:34:15.077 [INFO] nginx: Health check passed
2026-06-15 19:34:15.577 [INFO] database: Cache hit ratio 88%
2026-06-15 19:34:16.077 [ERROR] user-service: Circuit breaker open for redis
2026-06-15 19:34:16.577 [INFO] user-service: Request processed successfully in 178ms
2026-06-15 19:34:17.077 [INFO] payment-service: Cache hit ratio 98%
2026-06-15 19:34:17.577 [ERROR] redis: Request timeout after 42s
2026-06-15 19:34:18.078 [DEBUG] database: Connection pool size 8
2026-06-15 19:34:18.578 [DEBUG] redis: Connection pool size 9
2026-06-15 19:34:19.078 [ERROR] auth-service: Dependency failure from payment-service
2026-06-15 19:34:19.578 [INFO] database: Cache hit ratio 99%
2026-06-15 19:34:20.078 [INFO] nginx: Cache hit ratio 89%
2026-06-15 19:34:20.578 [INFO] payment-service: Cache hit ratio 84%
2026-06-15 19:34:21.078 [INFO] api-gateway: Cache hit ratio 94%
2026-06-15 19:34:21.578 [INFO] database: Health check passed
2026-06-15 19:34:22.078 [INFO] nginx: Cache hit ratio 81%
2026-06-15 19:34:22.578 [INFO] user-service: Health check passed
2026-06-15 19:34:23.079 [INFO] payment-service: Service restarted successfully
2026-06-15 19:34:23.579 [DEBUG] auth-service: Connection pool size 12
2026-06-15 19:34:24.079 [WARNING] nginx: GC overhead limit reached
2026-06-15 19:34:24.579 [ERROR] database: Request timeout after 36s
2026-06-15 19:34:25.079 [INFO] user-service: Cache hit ratio 85%
2026-06-15 19:34:25.579 [INFO] api-gateway: Health check passed
2026-06-15 19:34:26.079 [INFO] nginx: Request processed successfully in 100ms
2026-06-15 19:34:26.579 [INFO] payment-service: Cache hit ratio 99%
2026-06-15 19:34:27.079 [DEBUG] payment-service: Connection pool size 14
2026-06-15 19:34:27.579 [INFO] database: Health check passed
2026-06-15 19:34:28.080 [INFO] nginx: Request processed successfully in 119ms
2026-06-15 19:34:28.580 [DEBUG] api-gateway: Connection pool size 16
2026-06-15 19:34:29.080 [INFO] nginx: Health check passed after recovery
2026-06-15 19:34:29.580 [INFO] payment-service: Health check passed
2026-06-15 19:34:30.080 [INFO] payment-service: Health check passed
2026-06-15 19:34:30.580 [INFO] user-service: Health check passed after recovery
2026-06-15 19:34:31.080 [CRITICAL] database: Connection pool exhausted
2026-06-15 19:34:31.580 [INFO] auth-service: Health check passed
2026-06-15 19:34:32.080 [INFO] user-service: Cache hit ratio 80%
2026-06-15 19:34:32.580 [INFO] redis: Request processed successfully in 83ms
2026-06-15 19:34:33.080 [INFO] payment-service: Health check passed
2026-06-15 19:34:33.581 [CRITICAL] database: Out of memory error - process killed
2026-06-15 19:34:34.081 [INFO] user-service: Health check passed
2026-06-15 19:34:34.581 [INFO] user-service: Health check passed
2026-06-15 19:34:35.081 [ERROR] database: Deadlock detected in transaction
2026-06-15 19:34:35.581 [INFO] redis: Cache hit ratio 80%
2026-06-15 19:34:36.081 [INFO] api-gateway: Request processed successfully in 17ms
2026-06-15 19:34:36.581 [INFO] auth-service: Cache hit ratio 95%
2026-06-15 19:34:37.081 [DEBUG] payment-service: Connection pool size 7
2026-06-15 19:34:37.582 [DEBUG] database: Connection pool size 20
2026-06-15 19:34:38.082 [INFO] api-gateway: Request processed successfully in 95ms
2026-06-15 19:34:38.582 [INFO] redis: Health check passed
2026-06-15 19:34:39.082 [INFO] payment-service: Health check passed after recovery
2026-06-15 19:34:39.582 [INFO] payment-service: Cache hit ratio 92%
2026-06-15 19:34:40.082 [CRITICAL] nginx: Service crashed
2026-06-15 19:34:40.582 [CRITICAL] database: Connection pool exhausted
2026-06-15 19:34:41.082 [ERROR] database: Query failed - relation 'orders' does not exist
2026-06-15 19:34:41.582 [INFO] nginx: Cache hit ratio 83%
2026-06-15 19:34:42.082 [INFO] redis: Cache hit ratio 83%
2026-06-15 19:34:42.583 [ERROR] database: Connection timeout after 4697ms
2026-06-15 19:34:43.083 [ERROR] database: Connection timeout after 1647ms
2026-06-15 19:34:43.583 [INFO] api-gateway: Request processed successfully in 60ms
2026-06-15 19:34:44.083 [CRITICAL] database: Connection pool exhausted
2026-06-15 19:34:44.583 [INFO] user-service: Cache hit ratio 86%
2026-06-15 19:34:45.083 [INFO] payment-service: Request processed successfully in 23ms
2026-06-15 19:34:45.583 [INFO] api-gateway: Health check passed
2026-06-15 19:34:46.084 [INFO] payment-service: Connection pool restored
2026-06-15 19:34:46.584 [WARNING] payment-service: Memory usage 85%
2026-06-15 19:34:47.084 [ERROR] database: Query failed - relation 'orders' does not exist
2026-06-15 19:34:47.584 [ERROR] api-gateway: Request timeout after 48s
2026-06-15 19:34:48.084 [CRITICAL] user-service: Out of memory error - process killed
2026-06-15 19:34:48.584 [INFO] api-gateway: Connection pool restored
2026-06-15 19:34:49.084 [INFO] nginx: Request processed successfully in 79ms
2026-06-15 19:34:49.584 [INFO] payment-service: Cache hit ratio 90%
2026-06-15 19:34:50.084 [INFO] auth-service: Cache hit ratio 97%
2026-06-15 19:34:50.585 [INFO] auth-service: Request processed successfully in 55ms
2026-06-15 19:34:51.085 [INFO] api-gateway: Cache hit ratio 99%
2026-06-15 19:34:51.585 [INFO] redis: Cache hit ratio 99%
2026-06-15 19:34:52.085 [INFO] database: Request processed successfully in 41ms
2026-06-15 19:34:52.585 [INFO] user-service: Cache hit ratio 85%
2026-06-15 19:34:53.086 [DEBUG] user-service: Connection pool size 14
2026-06-15 19:34:53.586 [CRITICAL] database: Out of memory error - process killed
2026-06-15 19:34:54.086 [DEBUG] api-gateway: Connection pool size 18
2026-06-15 19:34:54.586 [DEBUG] payment-service: Connection pool size 12
2026-06-15 19:34:55.086 [INFO] redis: Cache hit ratio 99%
2026-06-15 19:34:55.586 [INFO] user-service: Cache hit ratio 86%
2026-06-15 19:34:56.087 [ERROR] database: Query failed - relation 'orders' does not exist
2026-06-15 19:34:56.587 [WARNING] api-gateway: GC overhead limit reached
2026-06-15 19:34:57.087 [ERROR] database: Connection timeout after 4295ms
2026-06-15 19:34:57.587 [INFO] database: Cache hit ratio 81%
2026-06-15 19:34:58.087 [INFO] user-service: Request processed successfully in 125ms
2026-06-15 19:34:58.587 [DEBUG] database: Connection pool size 14
2026-06-15 19:34:59.087 [INFO] payment-service: Health check passed
2026-06-15 19:34:59.587 [DEBUG] database: Connection pool size 12
2026-06-15 19:35:00.088 [INFO] database: Service restarted successfully
2026-06-15 19:35:00.588 [CRITICAL] payment-service: Service crashed
2026-06-15 19:35:01.088 [ERROR] redis: Upstream service unavailable
2026-06-15 19:35:01.588 [INFO] auth-service: Request processed successfully in 195ms
2026-06-15 19:35:02.088 [INFO] api-gateway: Health check passed
2026-06-15 19:35:02.588 [DEBUG] database: Connection pool size 17
2026-06-15 19:35:03.088 [INFO] payment-service: Request processed successfully in 190ms
2026-06-15 19:35:03.589 [INFO] database: Request processed successfully in 149ms
2026-06-15 19:35:04.089 [DEBUG] redis: Connection pool size 17
2026-06-15 19:35:04.589 [ERROR] database: Connection timeout after 4742ms
2026-06-15 19:35:05.089 [INFO] payment-service: Health check passed
2026-06-15 19:35:05.589 [INFO] database: Cache hit ratio 98%
2026-06-15 19:35:06.089 [CRITICAL] auth-service: Service crashed
2026-06-15 19:35:06.590 [INFO] nginx: Request processed successfully in 164ms
2026-06-15 19:35:07.090 [INFO] payment-service: Request processed successfully in 122ms
2026-06-15 19:35:07.590 [INFO] nginx: Health check passed
2026-06-15 19:35:08.090 [INFO] database: Request processed successfully in 27ms
2026-06-15 19:35:08.590 [INFO] database: Health check passed
2026-06-15 19:35:09.090 [INFO] database: Request processed successfully in 168ms
2026-06-15 19:35:09.590 [WARNING] redis: GC overhead limit reached
2026-06-15 19:35:10.091 [INFO] user-service: Request processed successfully in 87ms
2026-06-15 19:35:10.591 [INFO] auth-service: Request processed successfully in 20ms
2026-06-15 19:35:11.091 [INFO] database: Health check passed
2026-06-15 19:35:11.591 [INFO] nginx: Health check passed after recovery
2026-06-15 19:35:12.091 [INFO] redis: Connection pool restored
2026-06-15 19:35:12.591 [DEBUG] nginx: Connection pool size 15
2026-06-15 19:35:13.091 [DEBUG] database: Connection pool size 20
2026-06-15 19:35:13.591 [INFO] nginx: Cache hit ratio 96%
2026-06-15 19:35:14.091 [INFO] payment-service: Cache hit ratio 96%
2026-06-15 19:35:14.592 [DEBUG] database: Connection pool size 6
2026-06-15 19:35:15.092 [INFO] nginx: Connection pool restored
2026-06-15 19:35:15.592 [INFO] auth-service: Cache hit ratio 80%
2026-06-15 19:35:16.092 [INFO] nginx: Request processed successfully in 143ms
2026-06-15 19:35:16.592 [INFO] redis: Cache hit ratio 84%
2026-06-15 19:35:17.092 [INFO] api-gateway: Health check passed
2026-06-15 19:35:17.592 [WARNING] redis: Slow query detected (23s)
2026-06-15 19:35:18.092 [DEBUG] payment-service: Connection pool size 10
2026-06-15 19:35:18.592 [INFO] auth-service: Health check passed
2026-06-15 19:35:19.092 [ERROR] database: Deadlock detected in transaction
2026-06-15 19:35:19.593 [INFO] user-service: Cache hit ratio 98%
2026-06-15 19:35:20.093 [INFO] api-gateway: Cache hit ratio 98%
2026-06-15 19:35:20.593 [ERROR] database: Connection timeout after 1526ms
2026-06-15 19:35:21.093 [INFO] api-gateway: Request processed successfully in 152ms
2026-06-15 19:35:21.593 [INFO] payment-service: Health check passed
2026-06-15 19:35:22.093 [INFO] auth-service: Cache hit ratio 88%
2026-06-15 19:35:22.594 [DEBUG] user-service: Connection pool size 17
2026-06-15 19:35:23.094 [CRITICAL] redis: Out of memory error - process killed
2026-06-15 19:35:23.594 [ERROR] database: Connection timeout after 4283ms
2026-06-15 19:35:24.094 [DEBUG] payment-service: Connection pool size 18
2026-06-15 19:35:24.594 [INFO] database: Service restarted successfully
2026-06-15 19:35:25.095 [DEBUG] nginx: Connection pool size 7
2026-06-15 19:35:25.595 [CRITICAL] redis: Out of memory error - process killed
2026-06-15 19:35:26.095 [INFO] database: Health check passed after recovery
2026-06-15 19:35:26.595 [DEBUG] nginx: Connection pool size 20
2026-06-15 19:35:27.095 [INFO] redis: Request processed successfully in 175ms
2026-06-15 19:35:27.596 [INFO] api-gateway: Health check passed
2026-06-15 19:35:28.096 [INFO] nginx: Cache hit ratio 91%
2026-06-15 19:35:28.596 [INFO] payment-service: Request processed successfully in 137ms
2026-06-15 19:35:29.096 [INFO] user-service: Request processed successfully in 198ms
2026-06-15 19:35:29.596 [ERROR] api-gateway: Dependency failure from database
2026-06-15 19:35:30.096 [INFO] redis: Health check passed
2026-06-15 19:35:30.597 [ERROR] database: Query failed - relation 'orders' does not exist
2026-06-15 19:35:31.097 [ERROR] user-service: Request timeout after 40s
2026-06-15 19:35:31.597 [ERROR] database: Connection timeout after 3156ms
2026-06-15 19:35:32.097 [DEBUG] auth-service: Connection pool size 14
2026-06-15 19:35:32.597 [INFO] auth-service: Request processed successfully in 62ms
2026-06-15 19:35:33.097 [ERROR] user-service: Request timeout after 51s
2026-06-15 19:35:33.598 [ERROR] database: Query failed - relation 'orders' does not exist
2026-06-15 19:35:34.098 [WARNING] auth-service: Slow query detected (24s)
2026-06-15 19:35:34.598 [WARNING] user-service: Memory usage 90%
2026-06-15 19:35:35.098 [INFO] database: Service restarted successfully
2026-06-15 19:35:35.598 [INFO] auth-service: Health check passed
2026-06-15 19:35:36.099 [DEBUG] api-gateway: Connection pool size 9
2026-06-15 19:35:36.599 [DEBUG] user-service: Connection pool size 5
2026-06-15 19:35:37.099 [INFO] nginx: Cache hit ratio 94%
2026-06-15 19:35:37.599 [WARNING] api-gateway: GC overhead limit reached
2026-06-15 19:35:38.099 [INFO] user-service: Health check passed
2026-06-15 19:35:38.599 [DEBUG] payment-service: Connection pool size 14
2026-06-15 19:35:39.100 [INFO] nginx: Request processed successfully in 123ms
2026-06-15 19:35:39.600 [DEBUG] payment-service: Connection pool size 9
2026-06-15 19:35:40.100 [INFO] payment-service: Health check passed
2026-06-15 19:35:40.600 [WARNING] api-gateway: GC overhead limit reached
2026-06-15 19:35:41.100 [INFO] user-service: Cache hit ratio 91%
2026-06-15 19:35:41.600 [INFO] api-gateway: Health check passed
2026-06-15 19:35:42.100 [INFO] user-service: Cache hit ratio 96%
2026-06-15 19:35:42.601 [INFO] redis: Health check passed
2026-06-15 19:35:43.101 [ERROR] user-service: Upstream service unavailable
2026-06-15 19:35:43.601 [INFO] redis: Request processed successfully in 127ms
2026-06-15 19:35:44.101 [INFO] database: Health check passed
2026-06-15 19:35:44.601 [INFO] auth-service: Health check passed
2026-06-15 19:35:45.101 [INFO] redis: Cache hit ratio 91%
2026-06-15 19:35:45.601 [DEBUG] auth-service: Connection pool size 20
2026-06-15 19:35:46.101 [DEBUG] payment-service: Connection pool size 18
2026-06-15 19:35:46.602 [INFO] auth-service: Cache hit ratio 83%
2026-06-15 19:35:47.102 [INFO] auth-service: Cache hit ratio 88%
2026-06-15 19:35:47.602 [INFO] api-gateway: Cache hit ratio 97%
2026-06-15 19:35:48.102 [ERROR] database: Query failed - relation 'orders' does not exist
2026-06-15 19:35:48.602 [INFO] api-gateway: Connection pool restored
2026-06-15 19:35:49.102 [INFO] database: Request processed successfully in 198ms
2026-06-15 19:35:49.602 [WARNING] api-gateway: GC overhead limit reached
2026-06-15 19:35:50.103 [INFO] redis: Request processed successfully in 175ms
2026-06-15 19:35:50.603 [INFO] auth-service: Health check passed
2026-06-15 19:35:51.103 [INFO] database: Cache hit ratio 90%
2026-06-15 19:35:51.603 [INFO] user-service: Request processed successfully in 108ms
2026-06-15 19:35:52.103 [INFO] user-service: Request processed successfully in 124ms
2026-06-15 19:35:52.603 [INFO] database: Health check passed after recovery
2026-06-15 19:35:53.103 [ERROR] database: Query failed - relation 'orders' does not exist
2026-06-15 19:35:53.603 [INFO] database: Health check passed
2026-06-15 19:35:54.104 [INFO] payment-service: Connection pool restored
2026-06-15 19:35:54.604 [ERROR] database: Connection timeout after 2052ms
2026-06-15 19:35:55.104 [DEBUG] redis: Connection pool size 18
2026-06-15 19:35:55.604 [INFO] redis: Connection pool restored
2026-06-15 19:35:56.104 [WARNING] api-gateway: GC overhead limit reached
2026-06-15 19:35:56.604 [INFO] auth-service: Cache hit ratio 95%
2026-06-15 19:35:57.104 [CRITICAL] database: Connection pool exhausted
2026-06-15 19:35:57.605 [WARNING] user-service: GC overhead limit reached
2026-06-15 19:35:58.105 [DEBUG] redis: Connection pool size 10
2026-06-15 19:35:58.605 [INFO] redis: Health check passed after recovery
2026-06-15 19:35:59.105 [INFO] payment-service: Health check passed after recovery
2026-06-15 19:35:59.605 [DEBUG] user-service: Connection pool size 17
2026-06-15 19:36:00.105 [INFO] database: Connection pool restored
2026-06-15 19:36:00.605 [INFO] nginx: Request processed successfully in 160ms
2026-06-15 19:36:01.105 [INFO] redis: Health check passed after recovery
2026-06-15 19:36:01.605 [DEBUG] api-gateway: Connection pool size 5
2026-06-15 19:36:02.106 [DEBUG] payment-service: Connection pool size 14
2026-06-15 19:36:02.606 [ERROR] database: Deadlock detected in transaction
2026-06-15 19:36:03.106 [INFO] auth-service: Health check passed
2026-06-15 19:36:03.606 [ERROR] database: Query failed - relation 'orders' does not exist
2026-06-15 19:36:04.106 [INFO] payment-service: Cache hit ratio 98%
2026-06-15 19:36:04.606 [ERROR] database: Connection timeout after 4286ms
2026-06-15 19:36:05.106 [DEBUG] payment-service: Connection pool size 11
2026-06-15 19:36:05.607 [INFO] redis: Request processed successfully in 18ms
2026-06-15 19:36:06.107 [INFO] nginx: Request processed successfully in 62ms
2026-06-15 19:36:06.607 [CRITICAL] database: Connection pool exhausted
2026-06-15 19:36:07.107 [DEBUG] api-gateway: Connection pool size 12
2026-06-15 19:36:07.607 [INFO] user-service: Cache hit ratio 98%
2026-06-15 19:36:08.107 [INFO] auth-service: Request processed successfully in 136ms
2026-06-15 19:36:08.607 [INFO] nginx: Cache hit ratio 89%
2026-06-15 19:36:09.107 [INFO] auth-service: Health check passed
2026-06-15 19:36:09.608 [ERROR] nginx: Upstream service unavailable
2026-06-15 19:36:10.108 [INFO] redis: Cache hit ratio 94%
2026-06-15 19:36:10.608 [INFO] user-service: Cache hit ratio 93%
2026-06-15 19:36:11.108 [ERROR] database: Deadlock detected in transaction
2026-06-15 19:36:11.608 [DEBUG] redis: Connection pool size 20
2026-06-15 19:36:12.108 [INFO] payment-service: Request processed successfully in 179ms
2026-06-15 19:36:12.608 [ERROR] database: Deadlock detected in transaction
2026-06-15 19:36:13.108 [DEBUG] api-gateway: Connection pool size 20
2026-06-15 19:36:13.608 [INFO] database: Request processed successfully in 103ms
2026-06-15 19:36:14.108 [INFO] payment-service: Cache hit ratio 86%
2026-06-15 19:36:14.609 [CRITICAL] database: Connection pool exhausted
2026-06-15 19:36:15.109 [INFO] api-gateway: Cache hit ratio 83%
2026-06-15 19:36:15.609 [INFO] payment-service: Health check passed
2026-06-15 19:36:16.109 [INFO] api-gateway: Health check passed
2026-06-15 19:36:16.609 [CRITICAL] database: Connection pool exhausted
2026-06-15 19:36:17.109 [DEBUG] payment-service: Connection pool size 8
2026-06-15 19:36:17.609 [INFO] payment-service: Request processed successfully in 117ms
2026-06-15 19:36:18.109 [ERROR] payment-service: Upstream service unavailable
2026-06-15 19:36:18.609 [ERROR] database: Query failed - relation 'orders' does not exist
2026-06-15 19:36:19.109 [INFO] auth-service: Health check passed
2026-06-15 19:36:19.610 [INFO] redis: Request processed successfully in 198ms
2026-06-15 19:36:20.110 [ERROR] nginx: Upstream service unavailable
2026-06-15 19:36:20.610 [INFO] nginx: Health check passed
2026-06-15 19:36:21.110 [CRITICAL] redis: Out of memory error - process killed
2026-06-15 19:36:21.610 [INFO] api-gateway: Service restarted successfully
2026-06-15 19:36:22.110 [INFO] redis: Request processed successfully in 107ms
2026-06-15 19:36:22.610 [INFO] api-gateway: Health check passed
2026-06-15 19:36:23.111 [ERROR] nginx: Upstream service unavailable
2026-06-15 19:36:23.611 [INFO] database: Request processed successfully in 65ms
2026-06-15 19:36:24.111 [INFO] user-service: Health check passed
2026-06-15 19:36:24.611 [INFO] nginx: Health check passed
2026-06-15 19:36:25.111 [INFO] auth-service: Cache hit ratio 93%
2026-06-15 19:36:25.611 [INFO] payment-service: Request processed successfully in 135ms
2026-06-15 19:36:26.111 [ERROR] database: Query failed - relation 'orders' does not exist
2026-06-15 19:36:26.611 [INFO] redis: Request processed successfully in 102ms
2026-06-15 19:36:27.111 [INFO] user-service: Health check passed
2026-06-15 19:36:27.612 [INFO] auth-service: Request processed successfully in 180ms
2026-06-15 19:36:28.112 [INFO] nginx: Health check passed
2026-06-15 19:36:28.612 [ERROR] database: Deadlock detected in transaction
2026-06-15 19:36:29.112 [INFO] nginx: Cache hit ratio 88%
2026-06-15 19:36:29.612 [INFO] database: Request processed successfully in 78ms
2026-06-15 19:36:30.112 [INFO] redis: Health check passed
2026-06-15 19:36:30.612 [INFO] redis: Service restarted successfully
2026-06-15 19:36:31.112 [INFO] auth-service: Cache hit ratio 95%
2026-06-15 19:36:31.612 [INFO] api-gateway: Cache hit ratio 98%
2026-06-15 19:36:32.112 [INFO] auth-service: Health check passed after recovery
2026-06-15 19:36:32.613 [CRITICAL] redis: Service crashed
2026-06-15 19:36:33.113 [DEBUG] payment-service: Connection pool size 8
2026-06-15 19:36:33.613 [INFO] auth-service: Health check passed
2026-06-15 19:36:34.113 [INFO] database: Request processed successfully in 15ms
2026-06-15 19:36:34.613 [INFO] auth-service: Health check passed
2026-06-15 19:36:35.113 [CRITICAL] database: Connection pool exhausted
2026-06-15 19:36:35.614 [INFO] database: Health check passed
2026-06-15 19:36:36.114 [INFO] redis: Request processed successfully in 56ms
2026-06-15 19:36:36.614 [INFO] user-service: Health check passed
2026-06-15 19:36:37.114 [INFO] user-service: Request processed successfully in 127ms
2026-06-15 19:36:37.614 [ERROR] database: Query failed - relation 'orders' does not exist
2026-06-15 19:36:38.114 [INFO] user-service: Request processed successfully in 46ms
2026-06-15 19:36:38.614 [INFO] redis: Health check passed after recovery
2026-06-15 19:36:39.114 [INFO] user-service: Health check passed
2026-06-15 19:36:39.614 [INFO] auth-service: Request processed successfully in 186ms
2026-06-15 19:36:40.115 [DEBUG] redis: Connection pool size 11
2026-06-15 19:36:40.615 [DEBUG] database: Connection pool size 10
2026-06-15 19:36:41.115 [INFO] database: Cache hit ratio 87%
2026-06-15 19:36:41.615 [ERROR] database: Upstream service unavailable
2026-06-15 19:36:42.115 [DEBUG] user-service: Connection pool size 9
2026-06-15 19:36:42.615 [CRITICAL] database: Connection pool exhausted
2026-06-15 19:36:43.115 [ERROR] nginx: Request timeout after 50s
2026-06-15 19:36:43.615 [DEBUG] redis: Connection pool size 10
2026-06-15 19:36:44.115 [DEBUG] payment-service: Connection pool size 19
2026-06-15 19:36:44.616 [INFO] redis: Health check passed
2026-06-15 19:36:45.116 [INFO] database: Request processed successfully in 117ms
2026-06-15 19:36:45.616 [DEBUG] auth-service: Connection pool size 5
2026-06-15 19:36:46.116 [CRITICAL] database: Connection pool exhausted
2026-06-15 19:36:46.616 [INFO] nginx: Health check passed
2026-06-15 19:36:47.116 [INFO] auth-service: Service restarted successfully
2026-06-15 19:36:47.616 [ERROR] database: Query failed - relation 'orders' does not exist
2026-06-15 19:36:48.116 [DEBUG] api-gateway: Connection pool size 11
2026-06-15 19:36:48.617 [INFO] nginx: Health check passed
2026-06-15 19:36:49.117 [DEBUG] auth-service: Connection pool size 10
2026-06-15 19:36:49.617 [ERROR] database: Connection timeout after 2110ms
2026-06-15 19:36:50.117 [DEBUG] auth-service: Connection pool size 12
2026-06-15 19:36:50.617 [INFO] api-gateway: Health check passed
2026-06-15 19:36:51.117 [INFO] nginx: Health check passed
2026-06-15 19:36:51.617 [INFO] redis: Cache hit ratio 90%
2026-06-15 19:36:52.117 [INFO] user-service: Cache hit ratio 84%
2026-06-15 19:36:52.617 [ERROR] database: Deadlock detected in transaction
2026-06-15 19:36:53.117 [INFO] database: Health check passed
2026-06-15 19:36:53.618 [INFO] nginx: Cache hit ratio 98%
2026-06-15 19:36:54.118 [INFO] api-gateway: Request processed successfully in 47ms
2026-06-15 19:36:54.618 [WARNING] auth-service: GC overhead limit reached
2026-06-15 19:36:55.118 [WARNING] redis: Memory usage 91%
2026-06-15 19:36:55.618 [DEBUG] auth-service: Connection pool size 10
2026-06-15 19:36:56.118 [INFO] database: Health check passed
2026-06-15 19:36:56.618 [DEBUG] user-service: Connection pool size 6
2026-06-15 19:36:57.119 [WARNING] redis: GC overhead limit reached
2026-06-15 19:36:57.619 [ERROR] database: Deadlock detected in transaction
2026-06-15 19:36:58.119 [INFO] database: Health check passed
2026-06-15 19:36:58.619 [INFO] database: Health check passed after recovery
2026-06-15 19:36:59.119 [INFO] nginx: Cache hit ratio 99%
2026-06-15 19:36:59.619 [INFO] nginx: Service restarted successfully
2026-06-15 19:37:00.119 [INFO] auth-service: Health check passed
2026-06-15 19:37:00.619 [DEBUG] redis: Connection pool size 18
2026-06-15 19:37:01.119 [INFO] redis: Request processed successfully in 97ms
2026-06-15 19:37:01.620 [INFO] auth-service: Cache hit ratio 81%
2026-06-15 19:37:02.120 [WARNING] user-service: Slow query detected (8s)
2026-06-15 19:37:02.620 [INFO] user-service: Request processed successfully in 182ms
2026-06-15 19:37:03.120 [INFO] nginx: Health check passed after recovery
2026-06-15 19:37:03.620 [INFO] user-service: Request processed successfully in 57ms
2026-06-15 19:37:04.120 [INFO] nginx: Request processed successfully in 69ms
2026-06-15 19:37:04.620 [ERROR] database: Connection timeout after 4565ms
2026-06-15 19:37:05.120 [INFO] user-service: Health check passed
2026-06-15 19:37:05.621 [INFO] user-service: Request processed successfully in 115ms
2026-06-15 19:37:06.121 [INFO] payment-service: Health check passed
2026-06-15 19:37:06.621 [INFO] api-gateway: Cache hit ratio 88%
2026-06-15 19:37:07.121 [DEBUG] user-service: Connection pool size 16
2026-06-15 19:37:07.621 [INFO] auth-service: Request processed successfully in 29ms
2026-06-15 19:37:08.121 [INFO] api-gateway: Request processed successfully in 47ms
2026-06-15 19:37:08.621 [DEBUG] redis: Connection pool size 14
2026-06-15 19:37:09.121 [ERROR] payment-service: Upstream service unavailable
2026-06-15 19:37:09.621 [ERROR] database: Query failed - relation 'orders' does not exist
2026-06-15 19:37:10.122 [INFO] api-gateway: Cache hit ratio 81%
2026-06-15 19:37:10.622 [INFO] user-service: Request processed successfully in 104ms
2026-06-15 19:37:11.122 [WARNING] nginx: Slow query detected (18s)
2026-06-15 19:37:11.622 [INFO] redis: Request processed successfully in 121ms
2026-06-15 19:37:12.122 [DEBUG] payment-service: Connection pool size 19
2026-06-15 19:37:12.622 [INFO] redis: Service restarted successfully
2026-06-15 19:37:13.122 [INFO] api-gateway: Health check passed
2026-06-15 19:37:13.622 [INFO] api-gateway: Request processed successfully in 35ms
2026-06-15 19:37:14.122 [INFO] api-gateway: Request processed successfully in 45ms
2026-06-15 19:37:14.623 [INFO] nginx: Health check passed
2026-06-15 19:37:15.123 [INFO] redis: Health check passed
2026-06-15 19:37:15.623 [ERROR] payment-service: Upstream service unavailable
2026-06-15 19:37:16.123 [INFO] user-service: Health check passed
2026-06-15 19:37:16.623 [WARNING] redis: Slow query detected (6s)
2026-06-15 19:37:17.123 [INFO] nginx: Health check passed
2026-06-15 19:37:17.623 [INFO] database: Health check passed
2026-06-15 19:37:18.124 [CRITICAL] api-gateway: Out of memory error - process killed
2026-06-15 19:37:18.624 [DEBUG] auth-service: Connection pool size 19
2026-06-15 19:37:19.124 [ERROR] database: Deadlock detected in transaction
2026-06-15 19:37:19.624 [INFO] auth-service: Health check passed
2026-06-15 19:37:20.124 [DEBUG] database: Connection pool size 11
2026-06-15 19:37:20.624 [INFO] payment-service: Health check passed
2026-06-15 19:37:21.124 [DEBUG] api-gateway: Connection pool size 19
2026-06-15 19:37:21.625 [INFO] auth-service: Service restarted successfully
2026-06-15 19:37:22.125 [ERROR] database: Deadlock detected in transaction
2026-06-15 19:37:22.625 [CRITICAL] database: Connection pool exhausted
2026-06-15 19:37:23.125 [DEBUG] user-service: Connection pool size 6
2026-06-15 19:37:23.625 [INFO] redis: Cache hit ratio 86%
2026-06-15 19:37:24.125 [CRITICAL] database: Connection pool exhausted
2026-06-15 19:37:24.625 [INFO] api-gateway: Health check passed
2026-06-15 19:37:25.125 [INFO] database: Request processed successfully in 179ms
2026-06-15 19:37:25.625 [INFO] database: Cache hit ratio 96%
2026-06-15 19:37:26.126 [INFO] user-service: Cache hit ratio 97%
2026-06-15 19:37:26.626 [DEBUG] payment-service: Connection pool size 5
2026-06-15 19:37:27.126 [INFO] user-service: Request processed successfully in 150ms
2026-06-15 19:37:27.626 [INFO] database: Cache hit ratio 82%
2026-06-15 19:37:28.126 [ERROR] database: Connection timeout after 2751ms
2026-06-15 19:37:28.626 [INFO] auth-service: Connection pool restored
2026-06-15 19:37:29.126 [INFO] auth-service: Health check passed
2026-06-15 19:37:29.627 [INFO] database: Health check passed
2026-06-15 19:37:30.127 [ERROR] database: Query failed - relation 'orders' does not exist
2026-06-15 19:37:30.627 [ERROR] database: Connection timeout after 1312ms
2026-06-15 19:37:31.127 [INFO] user-service: Health check passed
2026-06-15 19:37:31.627 [ERROR] database: Query failed - relation 'orders' does not exist
2026-06-15 19:37:32.127 [DEBUG] nginx: Connection pool size 20
2026-06-15 19:37:32.627 [INFO] payment-service: Request processed successfully in 128ms
2026-06-15 19:37:33.127 [INFO] payment-service: Request processed successfully in 25ms
2026-06-15 19:37:33.628 [WARNING] auth-service: Slow query detected (8s)
2026-06-15 19:37:34.128 [CRITICAL] auth-service: Service crashed
2026-06-15 19:37:34.628 [INFO] nginx: Connection pool restored
2026-06-15 19:37:35.128 [INFO] auth-service: Health check passed
2026-06-15 19:37:35.628 [WARNING] user-service: GC overhead limit reached
2026-06-15 19:37:36.128 [DEBUG] payment-service: Connection pool size 9
2026-06-15 19:37:36.628 [INFO] auth-service: Request processed successfully in 12ms
2026-06-15 19:37:37.129 [INFO] auth-service: Cache hit ratio 96%
2026-06-15 19:37:37.629 [INFO] database: Request processed successfully in 26ms
2026-06-15 19:37:38.129 [INFO] api-gateway: Health check passed
2026-06-15 19:37:38.629 [INFO] api-gateway: Connection pool restored
2026-06-15 19:37:39.129 [INFO] redis: Cache hit ratio 82%
2026-06-15 19:37:39.629 [INFO] user-service: Health check passed
2026-06-15 19:37:40.129 [INFO] redis: Request processed successfully in 157ms
2026-06-15 19:37:40.629 [DEBUG] api-gateway: Connection pool size 12
2026-06-15 19:37:41.129 [INFO] redis: Cache hit ratio 98%
2026-06-15 19:37:41.629 [INFO] user-service: Cache hit ratio 96%
2026-06-15 19:37:42.130 [INFO] api-gateway: Cache hit ratio 91%
2026-06-15 19:37:42.630 [INFO] auth-service: Connection pool restored
2026-06-15 19:37:43.130 [INFO] user-service: Health check passed
2026-06-15 19:37:43.630 [INFO] auth-service: Request processed successfully in 26ms
2026-06-15 19:37:44.130 [DEBUG] redis: Connection pool size 20
2026-06-15 19:37:44.630 [INFO] payment-service: Health check passed
2026-06-15 19:37:45.130 [INFO] redis: Request processed successfully in 173ms
2026-06-15 19:37:45.631 [DEBUG] user-service: Connection pool size 14
2026-06-15 19:37:46.131 [INFO] database: Cache hit ratio 92%
2026-06-15 19:37:46.631 [INFO] user-service: Health check passed
2026-06-15 19:37:47.131 [INFO] api-gateway: Health check passed
2026-06-15 19:37:47.631 [ERROR] database: Deadlock detected in transaction
2026-06-15 19:37:48.131 [INFO] database: Cache hit ratio 93%
2026-06-15 19:37:48.631 [DEBUG] user-service: Connection pool size 10
2026-06-15 19:37:49.131 [INFO] user-service: Connection pool restored
2026-06-15 19:37:49.631 [DEBUG] redis: Connection pool size 16
2026-06-15 19:37:50.132 [DEBUG] payment-service: Connection pool size 14
2026-06-15 19:37:50.632 [INFO] user-service: Health check passed after recovery
2026-06-15 19:37:51.132 [INFO] api-gateway: Request processed successfully in 118ms
2026-06-15 19:37:51.632 [WARNING] nginx: Memory usage 93%
2026-06-15 19:37:52.132 [INFO] auth-service: Cache hit ratio 82%
2026-06-15 19:37:52.632 [DEBUG] database: Connection pool size 8
2026-06-15 19:37:53.132 [INFO] database: Request processed successfully in 86ms
2026-06-15 19:37:53.633 [INFO] nginx: Health check passed
2026-06-15 19:37:54.133 [CRITICAL] database: Connection pool exhausted
2026-06-15 19:37:54.633 [INFO] nginx: Cache hit ratio 94%
2026-06-15 19:37:55.133 [INFO] redis: Cache hit ratio 81%
2026-06-15 19:37:55.633 [INFO] auth-service: Connection pool restored
2026-06-15 19:37:56.133 [INFO] redis: Request processed successfully in 47ms
2026-06-15 19:37:56.633 [INFO] redis: Health check passed
2026-06-15 19:37:57.133 [INFO] user-service: Request processed successfully in 31ms
2026-06-15 19:37:57.633 [INFO] redis: Connection pool restored
2026-06-15 19:37:58.133 [INFO] database: Health check passed
2026-06-15 19:37:58.634 [CRITICAL] database: Connection pool exhausted
2026-06-15 19:37:59.134 [CRITICAL] database: Service crashed
2026-06-15 19:37:59.634 [DEBUG] payment-service: Connection pool size 5
2026-06-15 19:38:00.134 [CRITICAL] database: Connection pool exhausted
2026-06-15 19:38:00.634 [ERROR] database: Deadlock detected in transaction
2026-06-15 19:38:01.134 [DEBUG] api-gateway: Connection pool size 19
2026-06-15 19:38:01.634 [INFO] user-service: Health check passed
2026-06-15 19:38:02.134 [INFO] auth-service: Request processed successfully in 78ms
2026-06-15 19:38:02.634 [DEBUG] payment-service: Connection pool size 8
2026-06-15 19:38:03.135 [DEBUG] auth-service: Connection pool size 20
2026-06-15 19:38:03.635 [INFO] nginx: Health check passed after recovery
2026-06-15 19:38:04.135 [INFO] auth-service: Cache hit ratio 85%
2026-06-15 19:38:04.635 [CRITICAL] redis: Out of memory error - process killed
2026-06-15 19:38:05.135 [INFO] database: Request processed successfully in 193ms
2026-06-15 19:38:05.635 [INFO] payment-service: Service restarted successfully
2026-06-15 19:38:06.135 [INFO] user-service: Health check passed after recovery
2026-06-15 19:38:06.635 [INFO] redis: Request processed successfully in 191ms
2026-06-15 19:38:07.136 [DEBUG] user-service: Connection pool size 5
2026-06-15 19:38:07.636 [INFO] payment-service: Request processed successfully in 45ms
2026-06-15 19:38:08.136 [INFO] database: Connection pool restored
2026-06-15 19:38:08.636 [CRITICAL] database: Connection pool exhausted
2026-06-15 19:38:09.136 [WARNING] nginx: Memory usage 86%
2026-06-15 19:38:09.636 [CRITICAL] database: Connection pool exhausted
2026-06-15 19:38:10.136 [ERROR] database: Query failed - relation 'orders' does not exist
2026-06-15 19:38:10.636 [DEBUG] payment-service: Connection pool size 13
2026-06-15 19:38:11.137 [INFO] redis: Cache hit ratio 81%
2026-06-15 19:38:11.637 [INFO] auth-service: Cache hit ratio 80%
2026-06-15 19:38:12.137 [ERROR] user-service: Dependency failure from database
2026-06-15 19:38:12.637 [INFO] redis: Request processed successfully in 112ms
2026-06-15 19:38:13.137 [CRITICAL] database: Connection pool exhausted
2026-06-15 19:38:13.637 [INFO] nginx: Health check passed
2026-06-15 19:38:14.138 [INFO] database: Cache hit ratio 85%
2026-06-15 19:38:14.638 [INFO] database: Cache hit ratio 84%
2026-06-15 19:38:15.138 [WARNING] auth-service: GC overhead limit reached
2026-06-15 19:38:15.638 [ERROR] payment-service: Dependency failure from auth-service
2026-06-15 19:38:16.138 [INFO] auth-service: Request processed successfully in 72ms
2026-06-15 19:38:16.638 [DEBUG] redis: Connection pool size 11
2026-06-15 19:38:17.138 [INFO] user-service: Request processed successfully in 168ms
2026-06-15 19:38:17.639 [INFO] api-gateway: Request processed successfully in 16ms
2026-06-15 19:38:18.139 [DEBUG] nginx: Connection pool size 18
2026-06-15 19:38:18.639 [INFO] nginx: Request processed successfully in 120ms
2026-06-15 19:38:19.139 [ERROR] database: Query failed - relation 'orders' does not exist
2026-06-15 19:38:19.639 [DEBUG] database: Connection pool size 11
2026-06-15 19:38:20.139 [CRITICAL] nginx: Out of memory error - process killed
2026-06-15 19:38:20.639 [INFO] api-gateway: Request processed successfully in 169ms
2026-06-15 19:38:21.139 [INFO] redis: Connection pool restored
2026-06-15 19:38:21.640 [INFO] api-gateway: Cache hit ratio 85%
2026-06-15 19:38:22.140 [INFO] redis: Health check passed
2026-06-15 19:38:22.640 [DEBUG] payment-service: Connection pool size 9
2026-06-15 19:38:23.140 [INFO] redis: Service restarted successfully
2026-06-15 19:38:23.640 [WARNING] redis: Memory usage 92%
2026-06-15 19:38:24.140 [INFO] auth-service: Service restarted successfully
2026-06-15 19:38:24.640 [CRITICAL] api-gateway: Service crashed
2026-06-15 19:38:25.140 [ERROR] database: Upstream service unavailable
2026-06-15 19:38:25.641 [INFO] api-gateway: Request processed successfully in 90ms
2026-06-15 19:38:26.141 [INFO] database: Cache hit ratio 90%
2026-06-15 19:38:26.641 [INFO] nginx: Health check passed
2026-06-15 19:38:27.141 [CRITICAL] database: Connection pool exhausted
2026-06-15 19:38:27.641 [DEBUG] payment-service: Connection pool size 7
2026-06-15 19:38:28.141 [INFO] redis: Cache hit ratio 80%
2026-06-15 19:38:28.641 [INFO] database: Health check passed
2026-06-15 19:38:29.141 [INFO] api-gateway: Request processed successfully in 17ms
2026-06-15 19:38:29.642 [INFO] nginx: Health check passed after recovery
2026-06-15 19:38:30.142 [INFO] payment-service: Request processed successfully in 68ms
2026-06-15 19:38:30.642 [INFO] payment-service: Health check passed
2026-06-15 19:38:31.142 [ERROR] database: Deadlock detected in transaction
2026-06-15 19:38:31.642 [INFO] api-gateway: Request processed successfully in 48ms
2026-06-15 19:38:32.142 [ERROR] user-service: Upstream service unavailable
2026-06-15 19:38:32.643 [WARNING] api-gateway: GC overhead limit reached
2026-06-15 19:38:33.143 [ERROR] database: Deadlock detected in transaction
2026-06-15 19:38:33.643 [INFO] auth-service: Health check passed
2026-06-15 19:38:34.143 [INFO] auth-service: Health check passed
2026-06-15 19:38:34.643 [DEBUG] auth-service: Connection pool size 12
2026-06-15 19:38:35.143 [INFO] auth-service: Request processed successfully in 62ms
2026-06-15 19:38:35.643 [INFO] redis: Health check passed
2026-06-15 19:38:36.144 [INFO] database: Service restarted successfully
2026-06-15 19:38:36.644 [INFO] api-gateway: Request processed successfully in 101ms
2026-06-15 19:38:37.144 [ERROR] database: Connection timeout after 1897ms
2026-06-15 19:38:37.644 [INFO] database: Health check passed
2026-06-15 19:38:38.144 [INFO] user-service: Request processed successfully in 57ms
2026-06-15 19:38:38.644 [INFO] nginx: Cache hit ratio 91%
2026-06-15 19:38:39.144 [INFO] nginx: Cache hit ratio 84%
2026-06-15 19:38:39.645 [INFO] user-service: Cache hit ratio 87%
2026-06-15 19:38:40.145 [DEBUG] database: Connection pool size 5
2026-06-15 19:38:40.645 [INFO] api-gateway: Cache hit ratio 87%
2026-06-15 19:38:41.145 [DEBUG] user-service: Connection pool size 5
2026-06-15 19:38:41.645 [INFO] user-service: Request processed successfully in 154ms
2026-06-15 19:38:42.146 [DEBUG] database: Connection pool size 11
2026-06-15 19:38:42.646 [DEBUG] database: Connection pool size 11
2026-06-15 19:38:43.146 [CRITICAL] auth-service: Out of memory error - process killed
2026-06-15 19:38:43.646 [INFO] nginx: Request processed successfully in 125ms
2026-06-15 19:38:44.146 [INFO] nginx: Cache hit ratio 80%
2026-06-15 19:38:44.646 [INFO] auth-service: Health check passed
2026-06-15 19:38:45.146 [INFO] auth-service: Service restarted successfully
2026-06-15 19:38:45.647 [DEBUG] payment-service: Connection pool size 6
2026-06-15 19:38:46.147 [WARNING] user-service: Memory usage 87%
2026-06-15 19:38:46.647 [ERROR] database: Connection timeout after 4565ms
2026-06-15 19:38:47.147 [INFO] auth-service: Cache hit ratio 99%
2026-06-15 19:38:47.647 [DEBUG] auth-service: Connection pool size 8
2026-06-15 19:38:48.147 [INFO] database: Health check passed after recovery
2026-06-15 19:38:48.647 [DEBUG] user-service: Connection pool size 12
2026-06-15 19:38:49.148 [INFO] api-gateway: Cache hit ratio 99%
2026-06-15 19:38:49.648 [ERROR] nginx: Request timeout after 54s
2026-06-15 19:38:50.148 [CRITICAL] database: Connection pool exhausted
2026-06-15 19:38:50.648 [ERROR] database: Circuit breaker open for auth-service
2026-06-15 19:38:51.148 [INFO] user-service: Health check passed
2026-06-15 19:38:51.648 [INFO] auth-service: Cache hit ratio 88%
2026-06-15 19:38:52.148 [INFO] user-service: Health check passed
2026-06-15 19:38:52.648 [ERROR] database: Deadlock detected in transaction
2026-06-15 19:38:53.148 [ERROR] database: Query failed - relation 'orders' does not exist
2026-06-15 19:38:53.649 [INFO] database: Cache hit ratio 98%
2026-06-15 19:38:54.149 [INFO] payment-service: Connection pool restored
2026-06-15 19:38:54.649 [INFO] nginx: Cache hit ratio 84%
2026-06-15 19:38:55.149 [INFO] database: Cache hit ratio 80%
2026-06-15 19:38:55.649 [INFO] user-service: Request processed successfully in 168ms
2026-06-15 19:38:56.149 [INFO] database: Request processed successfully in 67ms
2026-06-15 19:38:56.649 [WARNING] database: Slow query detected (25s)
2026-06-15 19:38:57.150 [INFO] redis: Request processed successfully in 119ms
2026-06-15 19:38:57.650 [DEBUG] nginx: Connection pool size 5
2026-06-15 19:38:58.150 [INFO] auth-service: Cache hit ratio 86%
2026-06-15 19:38:58.650 [DEBUG] api-gateway: Connection pool size 7
2026-06-15 19:38:59.150 [INFO] user-service: Cache hit ratio 88%
2026-06-15 19:38:59.650 [INFO] redis: Cache hit ratio 81%
2026-06-15 19:39:00.150 [INFO] nginx: Health check passed
2026-06-15 19:39:00.650 [ERROR] database: Deadlock detected in transaction
2026-06-15 19:39:01.150 [DEBUG] redis: Connection pool size 10
2026-06-15 19:39:01.651 [INFO] payment-service: Health check passed
2026-06-15 19:39:02.151 [INFO] api-gateway: Request processed successfully in 126ms
2026-06-15 19:39:02.651 [INFO] nginx: Health check passed
2026-06-15 19:39:03.151 [DEBUG] auth-service: Connection pool size 15
2026-06-15 19:39:03.651 [INFO] user-service: Cache hit ratio 96%
2026-06-15 19:39:04.151 [DEBUG] nginx: Connection pool size 11
2026-06-15 19:39:04.651 [INFO] redis: Request processed successfully in 55ms
2026-06-15 19:39:05.152 [INFO] payment-service: Cache hit ratio 82%
2026-06-15 19:39:05.652 [DEBUG] user-service: Connection pool size 14
2026-06-15 19:39:06.152 [INFO] payment-service: Request processed successfully in 167ms
2026-06-15 19:39:06.652 [INFO] payment-service: Cache hit ratio 97%
2026-06-15 19:39:07.152 [CRITICAL] database: Connection pool exhausted
2026-06-15 19:39:07.652 [INFO] user-service: Health check passed
2026-06-15 19:39:08.153 [INFO] redis: Health check passed
2026-06-15 19:39:08.653 [INFO] payment-service: Health check passed
2026-06-15 19:39:09.153 [INFO] redis: Cache hit ratio 96%
2026-06-15 19:39:09.653 [DEBUG] payment-service: Connection pool size 7
2026-06-15 19:39:10.153 [INFO] redis: Health check passed
2026-06-15 19:39:10.653 [DEBUG] payment-service: Connection pool size 18
2026-06-15 19:39:11.154 [ERROR] auth-service: Circuit breaker open for database
2026-06-15 19:39:11.654 [INFO] api-gateway: Health check passed
2026-06-15 19:39:12.154 [INFO] database: Health check passed
2026-06-15 19:39:12.654 [DEBUG] user-service: Connection pool size 11
2026-06-15 19:39:13.154 [INFO] payment-service: Request processed successfully in 28ms
2026-06-15 19:39:13.654 [INFO] user-service: Request processed successfully in 166ms
2026-06-15 19:39:14.154 [INFO] auth-service: Health check passed
2026-06-15 19:39:14.655 [WARNING] api-gateway: GC overhead limit reached
2026-06-15 19:39:15.155 [ERROR] database: Connection timeout after 4381ms
2026-06-15 19:39:15.655 [DEBUG] auth-service: Connection pool size 9
2026-06-15 19:39:16.155 [DEBUG] redis: Connection pool size 19
2026-06-15 19:39:16.655 [INFO] database: Health check passed
2026-06-15 19:39:17.155 [INFO] redis: Request processed successfully in 41ms
2026-06-15 19:39:17.655 [INFO] redis: Cache hit ratio 80%
2026-06-15 19:39:18.155 [INFO] database: Health check passed
2026-06-15 19:39:18.655 [INFO] user-service: Health check passed
2026-06-15 19:39:19.156 [ERROR] database: Query failed - relation 'orders' does not exist
2026-06-15 19:39:19.656 [INFO] database: Connection pool restored
2026-06-15 19:39:20.156 [INFO] api-gateway: Request processed successfully in 81ms
2026-06-15 19:39:20.656 [INFO] api-gateway: Request processed successfully in 100ms
2026-06-15 19:39:21.156 [ERROR] redis: Upstream service unavailable
2026-06-15 19:39:21.656 [INFO] payment-service: Health check passed
2026-06-15 19:39:22.156 [INFO] auth-service: Request processed successfully in 131ms
2026-06-15 19:39:22.657 [DEBUG] database: Connection pool size 19
2026-06-15 19:39:23.157 [INFO] user-service: Health check passed
2026-06-15 19:39:23.657 [INFO] auth-service: Connection pool restored
2026-06-15 19:39:24.157 [INFO] user-service: Request processed successfully in 72ms
2026-06-15 19:39:24.657 [INFO] auth-service: Request processed successfully in 119ms
2026-06-15 19:39:25.157 [INFO] nginx: Request processed successfully in 181ms
2026-06-15 19:39:25.657 [ERROR] database: Connection timeout after 3067ms
2026-06-15 19:39:26.158 [INFO] database: Cache hit ratio 81%
2026-06-15 19:39:26.658 [INFO] api-gateway: Cache hit ratio 84%
2026-06-15 19:39:27.158 [DEBUG] user-service: Connection pool size 18
2026-06-15 19:39:27.658 [INFO] user-service: Cache hit ratio 80%
2026-06-15 19:39:28.158 [DEBUG] auth-service: Connection pool size 13
2026-06-15 19:39:28.658 [DEBUG] database: Connection pool size 17
2026-06-15 19:39:29.158 [INFO] database: Request processed successfully in 137ms
2026-06-15 19:39:29.658 [WARNING] auth-service: Slow query detected (24s)
2026-06-15 19:39:30.159 [DEBUG] database: Connection pool size 16
2026-06-15 19:39:30.659 [INFO] user-service: Connection pool restored
2026-06-15 19:39:31.159 [ERROR] database: Connection timeout after 4249ms
2026-06-15 19:39:31.659 [ERROR] database: Deadlock detected in transaction
2026-06-15 19:39:32.159 [CRITICAL] database: Connection pool exhausted
2026-06-15 19:39:32.659 [INFO] database: Health check passed
2026-06-15 19:39:33.159 [INFO] database: Request processed successfully in 15ms
2026-06-15 19:39:33.659 [WARNING] payment-service: Slow query detected (24s)
2026-06-15 19:39:34.159 [CRITICAL] payment-service: Out of memory error - process killed
2026-06-15 19:39:34.660 [INFO] redis: Service restarted successfully
2026-06-15 19:39:35.160 [INFO] auth-service: Cache hit ratio 89%
2026-06-15 19:39:35.660 [WARNING] nginx: GC overhead limit reached
2026-06-15 19:39:36.160 [DEBUG] redis: Connection pool size 19
2026-06-15 19:39:36.660 [INFO] nginx: Health check passed
2026-06-15 19:39:37.160 [INFO] payment-service: Health check passed
2026-06-15 19:39:37.661 [DEBUG] user-service: Connection pool size 20
2026-06-15 19:39:38.161 [DEBUG] redis: Connection pool size 16
2026-06-15 19:39:38.661 [INFO] nginx: Cache hit ratio 99%
2026-06-15 19:39:39.161 [INFO] nginx: Health check passed
2026-06-15 19:39:39.661 [WARNING] database: Memory usage 95%
2026-06-15 19:39:40.162 [INFO] user-service: Cache hit ratio 96%
2026-06-15 19:39:40.662 [INFO] auth-service: Service restarted successfully
2026-06-15 19:39:41.162 [INFO] user-service: Cache hit ratio 96%
2026-06-15 19:39:41.662 [INFO] payment-service: Health check passed
2026-06-15 19:39:42.162 [ERROR] database: Connection timeout after 3463ms
2026-06-15 19:39:42.662 [CRITICAL] database: Connection pool exhausted
2026-06-15 19:39:43.162 [INFO] user-service: Request processed successfully in 70ms
2026-06-15 19:39:43.662 [DEBUG] database: Connection pool size 8
2026-06-15 19:39:44.163 [INFO] nginx: Request processed successfully in 30ms
2026-06-15 19:39:44.663 [DEBUG] redis: Connection pool size 8
2026-06-15 19:39:45.163 [DEBUG] payment-service: Connection pool size 18
2026-06-15 19:39:45.663 [INFO] database: Health check passed
2026-06-15 19:39:46.163 [ERROR] database: Deadlock detected in transaction
2026-06-15 19:39:46.663 [INFO] user-service: Health check passed
2026-06-15 19:39:47.163 [WARNING] redis: GC overhead limit reached
2026-06-15 19:39:47.664 [ERROR] database: Query failed - relation 'orders' does not exist
2026-06-15 19:39:48.164 [INFO] database: Service restarted successfully
2026-06-15 19:39:48.664 [INFO] payment-service: Request processed successfully in 165ms
2026-06-15 19:39:49.164 [ERROR] redis: Circuit breaker open for nginx
2026-06-15 19:39:49.664 [INFO] payment-service: Request processed successfully in 197ms
2026-06-15 19:39:50.164 [INFO] api-gateway: Cache hit ratio 84%
2026-06-15 19:39:50.665 [ERROR] nginx: Request timeout after 38s
2026-06-15 19:39:51.165 [DEBUG] user-service: Connection pool size 13
2026-06-15 19:39:51.665 [INFO] redis: Request processed successfully in 108ms
2026-06-15 19:39:52.165 [INFO] redis: Cache hit ratio 90%
2026-06-15 19:39:52.665 [INFO] nginx: Cache hit ratio 89%
2026-06-15 19:39:53.165 [DEBUG] user-service: Connection pool size 20
2026-06-15 19:39:53.665 [INFO] nginx: Health check passed
2026-06-15 19:39:54.166 [INFO] database: Cache hit ratio 92%
2026-06-15 19:39:54.666 [DEBUG] auth-service: Connection pool size 14
2026-06-15 19:39:55.166 [ERROR] api-gateway: Upstream service unavailable
2026-06-15 19:39:55.666 [DEBUG] redis: Connection pool size 10
2026-06-15 19:39:56.166 [WARNING] nginx: GC overhead limit reached
2026-06-15 19:39:56.666 [INFO] auth-service: Cache hit ratio 95%
2026-06-15 19:39:57.166 [INFO] api-gateway: Health check passed
2026-06-15 19:39:57.666 [INFO] auth-service: Cache hit ratio 93%
2026-06-15 19:39:58.167 [ERROR] database: Connection timeout after 1042ms
2026-06-15 19:39:58.667 [INFO] database: Connection pool restored
2026-06-15 19:39:59.167 [DEBUG] payment-service: Connection pool size 6
2026-06-15 19:39:59.667 [INFO] user-service: Request processed successfully in 185ms
2026-06-15 19:40:00.167 [DEBUG] api-gateway: Connection pool size 17
2026-06-15 19:40:00.667 [INFO] redis: Request processed successfully in 137ms
2026-06-15 19:40:01.167 [INFO] auth-service: Connection pool restored
2026-06-15 19:40:01.667 [DEBUG] user-service: Connection pool size 12
2026-06-15 19:40:02.167 [ERROR] redis: Dependency failure from api-gateway
2026-06-15 19:40:02.668 [DEBUG] payment-service: Connection pool size 7
2026-06-15 19:40:03.168 [INFO] nginx: Health check passed
2026-06-15 19:40:03.668 [INFO] api-gateway: Health check passed
2026-06-15 19:40:04.168 [ERROR] database: Query failed - relation 'orders' does not exist
2026-06-15 19:40:04.668 [DEBUG] payment-service: Connection pool size 15
2026-06-15 19:40:05.168 [INFO] redis: Request processed successfully in 99ms
2026-06-15 19:40:05.668 [INFO] nginx: Cache hit ratio 93%
2026-06-15 19:40:06.168 [DEBUG] payment-service: Connection pool size 8
2026-06-15 19:40:06.668 [INFO] api-gateway: Cache hit ratio 89%
2026-06-15 19:40:07.169 [WARNING] api-gateway: Slow query detected (25s)
2026-06-15 19:40:07.669 [INFO] database: Connection pool restored
2026-06-15 19:40:08.169 [WARNING] user-service: GC overhead limit reached
2026-06-15 19:40:08.669 [INFO] auth-service: Cache hit ratio 98%
2026-06-15 19:40:09.169 [INFO] redis: Service restarted successfully
2026-06-15 19:40:09.669 [DEBUG] api-gateway: Connection pool size 10
2026-06-15 19:40:10.169 [INFO] user-service: Cache hit ratio 94%
2026-06-15 19:40:10.669 [ERROR] database: Deadlock detected in transaction
2026-06-15 19:40:11.170 [INFO] database: Health check passed
2026-06-15 19:40:11.670 [WARNING] payment-service: Memory usage 87%
2026-06-15 19:40:12.170 [DEBUG] api-gateway: Connection pool size 17
2026-06-15 19:40:12.670 [INFO] nginx: Request processed successfully in 20ms
2026-06-15 19:40:13.170 [INFO] redis: Cache hit ratio 99%
2026-06-15 19:40:13.670 [ERROR] database: Deadlock detected in transaction
2026-06-15 19:40:14.170 [INFO] nginx: Cache hit ratio 92%
2026-06-15 19:40:14.670 [INFO] nginx: Cache hit ratio 82%
2026-06-15 19:40:15.171 [INFO] user-service: Request processed successfully in 120ms
2026-06-15 19:40:15.671 [DEBUG] database: Connection pool size 15
2026-06-15 19:40:16.171 [CRITICAL] auth-service: Service crashed
2026-06-15 19:40:16.671 [INFO] database: Cache hit ratio 85%
2026-06-15 19:40:17.171 [INFO] user-service: Request processed successfully in 100ms
2026-06-15 19:40:17.671 [INFO] api-gateway: Health check passed
2026-06-15 19:40:18.171 [WARNING] user-service: Slow query detected (12s)
2026-06-15 19:40:18.671 [DEBUG] user-service: Connection pool size 10
2026-06-15 19:40:19.172 [INFO] payment-service: Request processed successfully in 63ms
2026-06-15 19:40:19.672 [INFO] nginx: Health check passed after recovery
2026-06-15 19:40:20.172 [DEBUG] nginx: Connection pool size 14
2026-06-15 19:40:20.672 [WARNING] redis: Memory usage 85%
2026-06-15 19:40:21.172 [DEBUG] auth-service: Connection pool size 15
2026-06-15 19:40:21.672 [INFO] payment-service: Request processed successfully in 193ms
2026-06-15 19:40:22.172 [INFO] api-gateway: Connection pool restored
2026-06-15 19:40:22.672 [DEBUG] payment-service: Connection pool size 11
2026-06-15 19:40:23.173 [DEBUG] redis: Connection pool size 10
2026-06-15 19:40:23.673 [INFO] redis: Cache hit ratio 82%
2026-06-15 19:40:24.173 [INFO] auth-service: Request processed successfully in 99ms
2026-06-15 19:40:24.673 [INFO] redis: Cache hit ratio 92%
2026-06-15 19:40:25.173 [DEBUG] database: Connection pool size 9
2026-06-15 19:40:25.673 [INFO] api-gateway: Health check passed
2026-06-15 19:40:26.173 [DEBUG] nginx: Connection pool size 6
2026-06-15 19:40:26.673 [INFO] nginx: Service restarted successfully
2026-06-15 19:40:27.174 [DEBUG] redis: Connection pool size 15
2026-06-15 19:40:27.674 [CRITICAL] database: Out of memory error - process killed
2026-06-15 19:40:28.174 [WARNING] user-service: GC overhead limit reached
2026-06-15 19:40:28.674 [INFO] database: Request processed successfully in 155ms
2026-06-15 19:40:29.174 [INFO] payment-service: Health check passed
2026-06-15 19:40:29.674 [INFO] user-service: Connection pool restored
2026-06-15 19:40:30.174 [INFO] auth-service: Health check passed
2026-06-15 19:40:30.674 [ERROR] payment-service: Request timeout after 44s
2026-06-15 19:40:31.174 [INFO] auth-service: Request processed successfully in 86ms
2026-06-15 19:40:31.674 [INFO] nginx: Cache hit ratio 98%
2026-06-15 19:40:32.175 [INFO] auth-service: Request processed successfully in 95ms
2026-06-15 19:40:32.675 [INFO] nginx: Cache hit ratio 90%
2026-06-15 19:40:33.175 [INFO] redis: Request processed successfully in 192ms
2026-06-15 19:40:33.675 [INFO] user-service: Request processed successfully in 105ms
2026-06-15 19:40:34.175 [INFO] payment-service: Request processed successfully in 171ms
2026-06-15 19:40:34.675 [DEBUG] database: Connection pool size 12
2026-06-15 19:40:35.175 [INFO] nginx: Health check passed
2026-06-15 19:40:35.675 [ERROR] database: Query failed - relation 'orders' does not exist
2026-06-15 19:40:36.175 [DEBUG] payment-service: Connection pool size 18
2026-06-15 19:40:36.676 [ERROR] user-service: Upstream service unavailable
2026-06-15 19:40:37.176 [CRITICAL] payment-service: Out of memory error - process killed
2026-06-15 19:40:37.676 [INFO] user-service: Health check passed
2026-06-15 19:40:38.176 [INFO] payment-service: Health check passed
2026-06-15 19:40:38.676 [DEBUG] nginx: Connection pool size 13
2026-06-15 19:40:39.176 [DEBUG] nginx: Connection pool size 16
2026-06-15 19:40:39.676 [DEBUG] api-gateway: Connection pool size 16
2026-06-15 19:40:40.176 [INFO] nginx: Health check passed after recovery
2026-06-15 19:40:40.677 [DEBUG] payment-service: Connection pool size 5
2026-06-15 19:40:41.177 [DEBUG] auth-service: Connection pool size 18
2026-06-15 19:40:41.677 [INFO] auth-service: Cache hit ratio 98%
2026-06-15 19:40:42.177 [INFO] auth-service: Request processed successfully in 105ms
2026-06-15 19:40:42.677 [INFO] auth-service: Request processed successfully in 17ms
2026-06-15 19:40:43.177 [INFO] nginx: Cache hit ratio 85%
2026-06-15 19:40:43.677 [ERROR] database: Deadlock detected in transaction
2026-06-15 19:40:44.177 [DEBUG] api-gateway: Connection pool size 11
2026-06-15 19:40:44.677 [INFO] nginx: Request processed successfully in 46ms
2026-06-15 19:40:45.177 [INFO] user-service: Cache hit ratio 83%
2026-06-15 19:40:45.678 [DEBUG] database: Connection pool size 6
2026-06-15 19:40:46.178 [DEBUG] api-gateway: Connection pool size 11
2026-06-15 19:40:46.678 [DEBUG] nginx: Connection pool size 13
2026-06-15 19:40:47.178 [INFO] user-service: Cache hit ratio 88%
2026-06-15 19:40:47.678 [ERROR] api-gateway: Upstream service unavailable
2026-06-15 19:40:48.178 [WARNING] database: Memory usage 88%
2026-06-15 19:40:48.678 [ERROR] database: Connection timeout after 3091ms
2026-06-15 19:40:49.178 [INFO] redis: Cache hit ratio 98%
2026-06-15 19:40:49.678 [INFO] nginx: Request processed successfully in 178ms
2026-06-15 19:40:50.179 [INFO] redis: Cache hit ratio 96%
2026-06-15 19:40:50.679 [INFO] payment-service: Request processed successfully in 52ms
2026-06-15 19:40:51.179 [DEBUG] payment-service: Connection pool size 7
2026-06-15 19:40:51.679 [INFO] user-service: Cache hit ratio 97%
2026-06-15 19:40:52.179 [INFO] user-service: Cache hit ratio 88%
2026-06-15 19:40:52.679 [DEBUG] auth-service: Connection pool size 20
2026-06-15 19:40:53.179 [INFO] redis: Request processed successfully in 106ms
2026-06-15 19:40:53.680 [INFO] database: Cache hit ratio 92%
2026-06-15 19:40:54.180 [INFO] auth-service: Cache hit ratio 93%
2026-06-15 19:40:54.680 [DEBUG] database: Connection pool size 9
2026-06-15 19:40:55.180 [INFO] user-service: Request processed successfully in 122ms
2026-06-15 19:40:55.680 [DEBUG] user-service: Connection pool size 13
2026-06-15 19:40:56.181 [DEBUG] nginx: Connection pool size 7
2026-06-15 19:40:56.681 [INFO] auth-service: Health check passed
2026-06-15 19:40:57.181 [INFO] api-gateway: Request processed successfully in 12ms
2026-06-15 19:40:57.681 [INFO] database: Cache hit ratio 81%
2026-06-15 19:40:58.181 [DEBUG] user-service: Connection pool size 17
2026-06-15 19:40:58.681 [ERROR] nginx: Dependency failure from auth-service
2026-06-15 19:40:59.181 [DEBUG] api-gateway: Connection pool size 14
2026-06-15 19:40:59.682 [DEBUG] auth-service: Connection pool size 10
2026-06-15 19:41:00.182 [INFO] api-gateway: Request processed successfully in 183ms
2026-06-15 19:41:00.682 [DEBUG] redis: Connection pool size 5
2026-06-15 19:41:01.182 [INFO] payment-service: Health check passed
2026-06-15 19:41:01.682 [ERROR] database: Query failed - relation 'orders' does not exist
2026-06-15 19:41:02.182 [ERROR] database: Connection timeout after 4482ms
2026-06-15 19:41:02.682 [DEBUG] nginx: Connection pool size 20
2026-06-15 19:41:03.182 [WARNING] user-service: GC overhead limit reached
2026-06-15 19:41:03.682 [ERROR] database: Query failed - relation 'orders' does not exist
2026-06-15 19:41:04.183 [INFO] redis: Cache hit ratio 80%
2026-06-15 19:41:04.683 [WARNING] api-gateway: Slow query detected (13s)
2026-06-15 19:41:05.183 [INFO] api-gateway: Request processed successfully in 16ms
2026-06-15 19:41:05.683 [INFO] auth-service: Request processed successfully in 39ms
2026-06-15 19:41:06.183 [INFO] payment-service: Connection pool restored
2026-06-15 19:41:06.683 [INFO] database: Request processed successfully in 100ms
2026-06-15 19:41:07.183 [DEBUG] database: Connection pool size 15
2026-06-15 19:41:07.683 [ERROR] database: Query failed - relation 'orders' does not exist
2026-06-15 19:41:08.184 [WARNING] redis: Slow query detected (27s)
2026-06-15 19:41:08.684 [DEBUG] api-gateway: Connection pool size 5
2026-06-15 19:41:09.184 [INFO] auth-service: Cache hit ratio 90%
2026-06-15 19:41:09.684 [INFO] user-service: Health check passed
2026-06-15 19:41:10.184 [WARNING] api-gateway: Slow query detected (19s)
2026-06-15 19:41:10.684 [ERROR] database: Deadlock detected in transaction
2026-06-15 19:41:11.184 [DEBUG] auth-service: Connection pool size 13
2026-06-15 19:41:11.684 [INFO] database: Health check passed
2026-06-15 19:41:12.184 [DEBUG] auth-service: Connection pool size 12
2026-06-15 19:41:12.684 [INFO] redis: Request processed successfully in 164ms
2026-06-15 19:41:13.185 [INFO] redis: Health check passed after recovery
2026-06-15 19:41:13.685 [ERROR] database: Query failed - relation 'orders' does not exist
2026-06-15 19:41:14.185 [INFO] database: Cache hit ratio 87%
2026-06-15 19:41:14.685 [INFO] api-gateway: Cache hit ratio 95%
2026-06-15 19:41:15.185 [DEBUG] redis: Connection pool size 16
2026-06-15 19:41:15.685 [DEBUG] nginx: Connection pool size 5
2026-06-15 19:41:16.185 [INFO] database: Cache hit ratio 99%
2026-06-15 19:41:16.685 [DEBUG] redis: Connection pool size 14
2026-06-15 19:41:17.185 [INFO] redis: Health check passed
2026-06-15 19:41:17.686 [INFO] user-service: Request processed successfully in 132ms
2026-06-15 19:41:18.186 [INFO] api-gateway: Cache hit ratio 86%
2026-06-15 19:41:18.686 [INFO] user-service: Health check passed after recovery
2026-06-15 19:41:19.186 [ERROR] database: Query failed - relation 'orders' does not exist
2026-06-15 19:41:19.686 [INFO] database: Request processed successfully in 172ms
2026-06-15 19:41:20.186 [DEBUG] auth-service: Connection pool size 19
2026-06-15 19:41:20.686 [INFO] auth-service: Cache hit ratio 93%
2026-06-15 19:41:21.186 [INFO] redis: Cache hit ratio 92%
2026-06-15 19:41:21.686 [INFO] nginx: Health check passed
2026-06-15 19:41:22.186 [INFO] auth-service: Health check passed
2026-06-15 19:41:22.687 [DEBUG] nginx: Connection pool size 18
2026-06-15 19:41:23.187 [INFO] api-gateway: Health check passed
2026-06-15 19:41:23.687 [INFO] auth-service: Request processed successfully in 60ms
2026-06-15 19:41:24.187 [INFO] redis: Request processed successfully in 158ms
2026-06-15 19:41:24.687 [ERROR] database: Request timeout after 50s
2026-06-15 19:41:25.187 [INFO] user-service: Service restarted successfully
2026-06-15 19:41:25.687 [ERROR] database: Deadlock detected in transaction
2026-06-15 19:41:26.187 [DEBUG] user-service: Connection pool size 12
2026-06-15 19:41:26.688 [INFO] user-service: Request processed successfully in 79ms
2026-06-15 19:41:27.188 [INFO] user-service: Health check passed
2026-06-15 19:41:27.688 [DEBUG] api-gateway: Connection pool size 16
2026-06-15 19:41:28.188 [INFO] user-service: Service restarted successfully
2026-06-15 19:41:28.688 [INFO] nginx: Service restarted successfully
2026-06-15 19:41:29.188 [DEBUG] auth-service: Connection pool size 20
2026-06-15 19:41:29.688 [INFO] auth-service: Health check passed
2026-06-15 19:41:30.189 [DEBUG] payment-service: Connection pool size 15
2026-06-15 19:41:30.689 [WARNING] api-gateway: Slow query detected (29s)
2026-06-15 19:41:31.189 [INFO] user-service: Request processed successfully in 92ms
2026-06-15 19:41:31.689 [INFO] database: Health check passed
2026-06-15 19:41:32.189 [INFO] payment-service: Cache hit ratio 85%
2026-06-15 19:41:32.689 [INFO] api-gateway: Cache hit ratio 83%
2026-06-15 19:41:33.190 [CRITICAL] payment-service: Service crashed
2026-06-15 19:41:33.690 [DEBUG] database: Connection pool size 19
2026-06-15 19:41:34.190 [INFO] redis: Health check passed
2026-06-15 19:41:34.690 [DEBUG] redis: Connection pool size 5
2026-06-15 19:41:35.190 [WARNING] user-service: GC overhead limit reached
2026-06-15 19:41:35.690 [DEBUG] api-gateway: Connection pool size 18
2026-06-15 19:41:36.191 [DEBUG] auth-service: Connection pool size 18
2026-06-15 19:41:36.691 [INFO] database: Health check passed
2026-06-15 19:41:37.191 [INFO] auth-service: Request processed successfully in 186ms
2026-06-15 19:41:37.691 [DEBUG] auth-service: Connection pool size 20
2026-06-15 19:41:38.191 [DEBUG] database: Connection pool size 17
2026-06-15 19:41:38.691 [INFO] payment-service: Health check passed
2026-06-15 19:41:39.191 [ERROR] database: Upstream service unavailable
2026-06-15 19:41:39.691 [INFO] payment-service: Connection pool restored
2026-06-15 19:41:40.191 [INFO] payment-service: Cache hit ratio 82%
2026-06-15 19:41:40.692 [INFO] redis: Cache hit ratio 95%
2026-06-15 19:41:41.192 [ERROR] database: Connection timeout after 1101ms
2026-06-15 19:41:41.692 [INFO] auth-service: Service restarted successfully
2026-06-15 19:41:42.192 [INFO] database: Request processed successfully in 30ms
2026-06-15 19:41:42.692 [INFO] user-service: Request processed successfully in 114ms
2026-06-15 19:41:43.192 [INFO] user-service: Cache hit ratio 98%
2026-06-15 19:41:43.692 [ERROR] auth-service: Dependency failure from redis
2026-06-15 19:41:44.192 [INFO] nginx: Health check passed
2026-06-15 19:41:44.693 [INFO] redis: Health check passed
2026-06-15 19:41:45.193 [DEBUG] redis: Connection pool size 18
2026-06-15 19:41:45.693 [INFO] user-service: Cache hit ratio 91%
2026-06-15 19:41:46.193 [INFO] user-service: Health check passed
2026-06-15 19:41:46.693 [WARNING] database: GC overhead limit reached
2026-06-15 19:41:47.193 [DEBUG] api-gateway: Connection pool size 12
2026-06-15 19:41:47.693 [DEBUG] database: Connection pool size 13
2026-06-15 19:41:48.193 [INFO] auth-service: Request processed successfully in 68ms
2026-06-15 19:41:48.694 [WARNING] payment-service: Memory usage 89%
2026-06-15 19:41:49.194 [INFO] auth-service: Service restarted successfully
2026-06-15 19:41:49.694 [INFO] auth-service: Cache hit ratio 89%
2026-06-15 19:41:50.194 [INFO] user-service: Health check passed after recovery
2026-06-15 19:41:50.694 [DEBUG] auth-service: Connection pool size 9
2026-06-15 19:41:51.194 [INFO] database: Health check passed after recovery
2026-06-15 19:41:51.694 [ERROR] payment-service: Request timeout after 52s
2026-06-15 19:41:52.194 [INFO] auth-service: Cache hit ratio 82%
2026-06-15 19:41:52.695 [ERROR] redis: Circuit breaker open for auth-service
2026-06-15 19:41:53.195 [INFO] database: Cache hit ratio 85%
2026-06-15 19:41:53.695 [INFO] payment-service: Connection pool restored
2026-06-15 19:41:54.195 [ERROR] nginx: Upstream service unavailable
2026-06-15 19:41:54.695 [INFO] nginx: Cache hit ratio 97%
2026-06-15 19:41:55.195 [INFO] auth-service: Health check passed
2026-06-15 19:41:55.696 [DEBUG] nginx: Connection pool size 5
2026-06-15 19:41:56.196 [ERROR] api-gateway: Upstream service unavailable
2026-06-15 19:41:56.696 [INFO] redis: Health check passed
2026-06-15 19:41:57.196 [CRITICAL] payment-service: Out of memory error - process killed
2026-06-15 19:41:57.696 [INFO] api-gateway: Cache hit ratio 87%
2026-06-15 19:41:58.196 [INFO] user-service: Health check passed
2026-06-15 19:41:58.696 [ERROR] api-gateway: Request timeout after 53s
2026-06-15 19:41:59.197 [INFO] api-gateway: Request processed successfully in 144ms
2026-06-15 19:41:59.697 [DEBUG] api-gateway: Connection pool size 13
2026-06-15 19:42:00.197 [INFO] nginx: Health check passed
2026-06-15 19:42:00.697 [INFO] nginx: Request processed successfully in 70ms
2026-06-15 19:42:01.197 [INFO] user-service: Health check passed
2026-06-15 19:42:01.697 [INFO] nginx: Cache hit ratio 90%
2026-06-15 19:42:02.197 [ERROR] database: Deadlock detected in transaction
2026-06-15 19:42:02.697 [INFO] payment-service: Cache hit ratio 96%
2026-06-15 19:42:03.197 [INFO] payment-service: Cache hit ratio 95%
2026-06-15 19:42:03.698 [INFO] user-service: Request processed successfully in 174ms
2026-06-15 19:42:04.198 [INFO] api-gateway: Request processed successfully in 44ms
2026-06-15 19:42:04.698 [INFO] api-gateway: Request processed successfully in 65ms
2026-06-15 19:42:05.198 [DEBUG] auth-service: Connection pool size 19
2026-06-15 19:42:05.698 [CRITICAL] database: Connection pool exhausted
2026-06-15 19:42:06.198 [INFO] api-gateway: Cache hit ratio 83%
2026-06-15 19:42:06.698 [INFO] api-gateway: Health check passed
2026-06-15 19:42:07.199 [ERROR] database: Query failed - relation 'orders' does not exist
2026-06-15 19:42:07.699 [INFO] database: Request processed successfully in 14ms
2026-06-15 19:42:08.199 [INFO] database: Request processed successfully in 44ms
2026-06-15 19:42:08.699 [INFO] auth-service: Request processed successfully in 110ms
2026-06-15 19:42:09.199 [INFO] redis: Health check passed after recovery
2026-06-15 19:42:09.699 [DEBUG] auth-service: Connection pool size 15
2026-06-15 19:42:10.200 [ERROR] auth-service: Request timeout after 60s
2026-06-15 19:42:10.700 [INFO] user-service: Health check passed
2026-06-15 19:42:11.200 [INFO] database: Request processed successfully in 183ms
2026-06-15 19:42:11.700 [INFO] payment-service: Request processed successfully in 188ms
2026-06-15 19:42:12.200 [CRITICAL] database: Connection pool exhausted
2026-06-15 19:42:12.700 [INFO] nginx: Connection pool restored
2026-06-15 19:42:13.200 [DEBUG] auth-service: Connection pool size 19
2026-06-15 19:42:13.700 [DEBUG] user-service: Connection pool size 17
2026-06-15 19:42:14.200 [INFO] redis: Health check passed
2026-06-15 19:42:14.700 [INFO] nginx: Health check passed
2026-06-15 19:42:15.201 [INFO] redis: Cache hit ratio 80%
2026-06-15 19:42:15.701 [INFO] payment-service: Request processed successfully in 196ms
2026-06-15 19:42:16.201 [INFO] user-service: Cache hit ratio 93%
2026-06-15 19:42:16.701 [CRITICAL] nginx: Out of memory error - process killed
2026-06-15 19:42:17.201 [INFO] redis: Cache hit ratio 95%
2026-06-15 19:42:17.702 [INFO] payment-service: Request processed successfully in 64ms
2026-06-15 19:42:18.202 [CRITICAL] nginx: Out of memory error - process killed
2026-06-15 19:42:18.702 [INFO] redis: Health check passed
2026-06-15 19:42:19.202 [INFO] nginx: Request processed successfully in 17ms
2026-06-15 19:42:19.702 [INFO] database: Cache hit ratio 86%
2026-06-15 19:42:20.202 [INFO] api-gateway: Request processed successfully in 65ms
2026-06-15 19:42:20.702 [ERROR] database: Dependency failure from user-service
2026-06-15 19:42:21.203 [INFO] database: Cache hit ratio 84%
2026-06-15 19:42:21.703 [INFO] payment-service: Request processed successfully in 119ms
2026-06-15 19:42:22.203 [ERROR] database: Connection timeout after 2945ms
2026-06-15 19:42:22.703 [INFO] user-service: Request processed successfully in 97ms
2026-06-15 19:42:23.203 [CRITICAL] database: Connection pool exhausted
2026-06-15 19:42:23.704 [INFO] database: Cache hit ratio 96%
2026-06-15 19:42:24.204 [INFO] redis: Request processed successfully in 26ms
2026-06-15 19:42:24.704 [INFO] database: Connection pool restored
2026-06-15 19:42:25.204 [INFO] auth-service: Cache hit ratio 95%
2026-06-15 19:42:25.704 [ERROR] nginx: Request timeout after 48s
2026-06-15 19:42:26.204 [INFO] api-gateway: Health check passed
2026-06-15 19:42:26.704 [INFO] user-service: Health check passed after recovery
2026-06-15 19:42:27.204 [DEBUG] payment-service: Connection pool size 6
2026-06-15 19:42:27.704 [DEBUG] nginx: Connection pool size 19
2026-06-15 19:42:28.205 [WARNING] nginx: GC overhead limit reached
2026-06-15 19:42:28.705 [INFO] api-gateway: Health check passed
2026-06-15 19:42:29.205 [INFO] nginx: Request processed successfully in 177ms
2026-06-15 19:42:29.705 [INFO] auth-service: Cache hit ratio 99%
2026-06-15 19:42:30.205 [INFO] nginx: Health check passed
2026-06-15 19:42:30.705 [INFO] redis: Health check passed
2026-06-15 19:42:31.205 [INFO] database: Health check passed
2026-06-15 19:42:31.706 [INFO] nginx: Request processed successfully in 99ms
2026-06-15 19:42:32.206 [INFO] redis: Request processed successfully in 14ms
2026-06-15 19:42:32.706 [ERROR] database: Deadlock detected in transaction
2026-06-15 19:42:33.206 [INFO] auth-service: Request processed successfully in 33ms
2026-06-15 19:42:33.706 [DEBUG] auth-service: Connection pool size 20
2026-06-15 19:42:34.206 [INFO] payment-service: Request processed successfully in 75ms
2026-06-15 19:42:34.706 [INFO] api-gateway: Request processed successfully in 118ms
2026-06-15 19:42:35.206 [INFO] user-service: Request processed successfully in 179ms
2026-06-15 19:42:35.706 [INFO] redis: Health check passed
2026-06-15 19:42:36.207 [DEBUG] payment-service: Connection pool size 9
2026-06-15 19:42:36.707 [INFO] user-service: Request processed successfully in 24ms
2026-06-15 19:42:37.207 [INFO] auth-service: Cache hit ratio 85%
2026-06-15 19:42:37.707 [INFO] redis: Health check passed
2026-06-15 19:42:38.207 [INFO] user-service: Health check passed
2026-06-15 19:42:38.707 [INFO] nginx: Health check passed
2026-06-15 19:42:39.207 [CRITICAL] user-service: Service crashed
2026-06-15 19:42:39.707 [DEBUG] payment-service: Connection pool size 11
2026-06-15 19:42:40.208 [INFO] auth-service: Health check passed
2026-06-15 19:42:40.708 [WARNING] auth-service: Memory usage 94%
2026-06-15 19:42:41.208 [INFO] payment-service: Connection pool restored
2026-06-15 19:42:41.708 [WARNING] user-service: GC overhead limit reached
2026-06-15 19:42:42.208 [ERROR] database: Connection timeout after 3810ms
2026-06-15 19:42:42.708 [CRITICAL] nginx: Out of memory error - process killed
2026-06-15 19:42:43.209 [DEBUG] api-gateway: Connection pool size 15
2026-06-15 19:42:43.709 [DEBUG] redis: Connection pool size 19
2026-06-15 19:42:44.209 [INFO] payment-service: Request processed successfully in 151ms
2026-06-15 19:42:44.709 [INFO] database: Health check passed after recovery
2026-06-15 19:42:45.209 [INFO] api-gateway: Cache hit ratio 88%
2026-06-15 19:42:45.709 [DEBUG] auth-service: Connection pool size 16
2026-06-15 19:42:46.210 [DEBUG] database: Connection pool size 8
2026-06-15 19:42:46.710 [INFO] auth-service: Connection pool restored
2026-06-15 19:42:47.210 [INFO] user-service: Request processed successfully in 24ms
2026-06-15 19:42:47.710 [INFO] redis: Request processed successfully in 195ms
2026-06-15 19:42:48.210 [DEBUG] user-service: Connection pool size 6
2026-06-15 19:42:48.711 [INFO] payment-service: Service restarted successfully
2026-06-15 19:42:49.211 [INFO] api-gateway: Cache hit ratio 80%
2026-06-15 19:42:49.711 [INFO] api-gateway: Cache hit ratio 90%
2026-06-15 19:42:50.211 [INFO] auth-service: Health check passed after recovery
2026-06-15 19:42:50.711 [ERROR] redis: Upstream service unavailable
2026-06-15 19:42:51.211 [INFO] user-service: Cache hit ratio 97%
2026-06-15 19:42:51.711 [INFO] redis: Cache hit ratio 97%
2026-06-15 19:42:52.212 [INFO] auth-service: Cache hit ratio 94%
2026-06-15 19:42:52.712 [ERROR] database: Connection timeout after 4961ms
2026-06-15 19:42:53.212 [INFO] payment-service: Health check passed
2026-06-15 19:42:53.712 [INFO] user-service: Health check passed
2026-06-15 19:42:54.212 [ERROR] user-service: Upstream service unavailable
2026-06-15 19:42:54.712 [INFO] payment-service: Connection pool restored
2026-06-15 19:42:55.213 [CRITICAL] database: Connection pool exhausted
2026-06-15 19:42:55.713 [INFO] nginx: Connection pool restored
2026-06-15 19:42:56.213 [DEBUG] redis: Connection pool size 14
2026-06-15 19:42:56.713 [INFO] redis: Request processed successfully in 31ms
2026-06-15 19:42:57.213 [ERROR] payment-service: Request timeout after 38s
2026-06-15 19:42:57.713 [DEBUG] nginx: Connection pool size 15
2026-06-15 19:42:58.213 [INFO] api-gateway: Cache hit ratio 90%
2026-06-15 19:42:58.713 [INFO] database: Health check passed
2026-06-15 19:42:59.214 [CRITICAL] nginx: Service crashed
2026-06-15 19:42:59.714 [INFO] redis: Request processed successfully in 154ms
2026-06-15 19:43:00.214 [ERROR] database: Connection timeout after 4185ms
2026-06-15 19:43:00.714 [WARNING] auth-service: Slow query detected (15s)
2026-06-15 19:43:01.214 [ERROR] database: Deadlock detected in transaction
2026-06-15 19:43:01.715 [INFO] api-gateway: Cache hit ratio 86%
2026-06-15 19:43:02.215 [INFO] nginx: Health check passed
2026-06-15 19:43:02.715 [INFO] database: Request processed successfully in 46ms
2026-06-15 19:43:03.215 [ERROR] database: Upstream service unavailable
2026-06-15 19:43:03.715 [INFO] redis: Health check passed
2026-06-15 19:43:04.215 [INFO] nginx: Request processed successfully in 44ms
2026-06-15 19:43:04.715 [ERROR] database: Deadlock detected in transaction
2026-06-15 19:43:05.215 [INFO] api-gateway: Request processed successfully in 152ms
2026-06-15 19:43:05.716 [INFO] user-service: Request processed successfully in 166ms
2026-06-15 19:43:06.216 [INFO] payment-service: Service restarted successfully
2026-06-15 19:43:06.716 [ERROR] database: Query failed - relation 'orders' does not exist
2026-06-15 19:43:07.216 [INFO] user-service: Health check passed
2026-06-15 19:43:07.716 [INFO] api-gateway: Health check passed after recovery
2026-06-15 19:43:08.216 [WARNING] payment-service: Memory usage 91%
2026-06-15 19:43:08.716 [DEBUG] auth-service: Connection pool size 9
2026-06-15 19:43:09.216 [INFO] database: Request processed successfully in 99ms
2026-06-15 19:43:09.716 [INFO] payment-service: Connection pool restored
2026-06-15 19:43:10.217 [INFO] redis: Request processed successfully in 98ms
2026-06-15 19:43:10.717 [ERROR] database: Circuit breaker open for payment-service
2026-06-15 19:43:11.217 [INFO] user-service: Health check passed after recovery
2026-06-15 19:43:11.717 [ERROR] auth-service: Circuit breaker open for payment-service
2026-06-15 19:43:12.217 [INFO] database: Request processed successfully in 32ms
2026-06-15 19:43:12.717 [WARNING] redis: GC overhead limit reached
2026-06-15 19:43:13.217 [CRITICAL] database: Out of memory error - process killed
2026-06-15 19:43:13.717 [INFO] nginx: Cache hit ratio 82%
2026-06-15 19:43:14.218 [INFO] nginx: Health check passed
2026-06-15 19:43:14.718 [ERROR] database: Deadlock detected in transaction
2026-06-15 19:43:15.218 [INFO] database: Cache hit ratio 81%
2026-06-15 19:43:15.718 [DEBUG] redis: Connection pool size 18
2026-06-15 19:43:16.218 [ERROR] database: Deadlock detected in transaction
2026-06-15 19:43:16.719 [DEBUG] nginx: Connection pool size 8
2026-06-15 19:43:17.219 [DEBUG] payment-service: Connection pool size 5
2026-06-15 19:43:17.719 [INFO] api-gateway: Request processed successfully in 78ms
2026-06-15 19:43:18.219 [CRITICAL] user-service: Out of memory error - process killed
2026-06-15 19:43:18.719 [INFO] nginx: Service restarted successfully
2026-06-15 19:43:19.220 [INFO] redis: Cache hit ratio 97%
2026-06-15 19:43:19.720 [INFO] api-gateway: Cache hit ratio 87%
2026-06-15 19:43:20.220 [INFO] database: Health check passed
2026-06-15 19:43:20.720 [INFO] api-gateway: Health check passed
2026-06-15 19:43:21.220 [INFO] database: Request processed successfully in 116ms
2026-06-15 19:43:21.720 [DEBUG] nginx: Connection pool size 13
2026-06-15 19:43:22.221 [INFO] api-gateway: Health check passed
2026-06-15 19:43:22.721 [CRITICAL] database: Connection pool exhausted
2026-06-15 19:43:23.221 [INFO] api-gateway: Health check passed
2026-06-15 19:43:23.721 [INFO] nginx: Request processed successfully in 178ms
2026-06-15 19:43:24.221 [ERROR] database: Request timeout after 49s
2026-06-15 19:43:24.721 [DEBUG] redis: Connection pool size 11
2026-06-15 19:48:09.575 [ERROR] database: Connection timeout after 4947ms
2026-06-15 19:48:10.076 [INFO] database: Cache hit ratio 98%
2026-06-15 19:48:10.576 [INFO] redis: Request processed successfully in 193ms
2026-06-15 19:48:11.076 [INFO] nginx: Request processed successfully in 167ms
2026-06-15 19:48:11.576 [INFO] nginx: Service restarted successfully
2026-06-15 19:48:12.076 [INFO] api-gateway: Request processed successfully in 25ms
2026-06-15 19:48:12.576 [INFO] redis: Health check passed
2026-06-15 19:48:13.077 [INFO] database: Cache hit ratio 85%
2026-06-15 19:48:13.577 [INFO] auth-service: Health check passed
2026-06-15 19:48:14.077 [INFO] auth-service: Health check passed after recovery
2026-06-15 19:48:14.577 [INFO] user-service: Cache hit ratio 80%
2026-06-15 19:48:15.077 [DEBUG] api-gateway: Connection pool size 11
2026-06-15 19:48:15.577 [INFO] payment-service: Request processed successfully in 158ms
2026-06-15 19:48:16.077 [INFO] nginx: Cache hit ratio 89%
2026-06-15 19:48:16.578 [DEBUG] user-service: Connection pool size 16
2026-06-15 19:48:17.078 [INFO] database: Request processed successfully in 67ms
2026-06-15 19:48:17.578 [INFO] redis: Request processed successfully in 138ms
2026-06-15 19:48:18.078 [INFO] database: Cache hit ratio 86%
2026-06-15 19:48:18.578 [DEBUG] api-gateway: Connection pool size 13
2026-06-15 19:48:19.078 [DEBUG] database: Connection pool size 6
2026-06-15 19:48:19.578 [INFO] payment-service: Connection pool restored
2026-06-15 19:48:20.079 [WARNING] api-gateway: GC overhead limit reached
2026-06-15 19:48:20.579 [INFO] api-gateway: Health check passed
2026-06-15 19:48:21.079 [DEBUG] database: Connection pool size 14
2026-06-15 19:48:21.579 [INFO] api-gateway: Cache hit ratio 83%
2026-06-15 19:48:22.079 [INFO] auth-service: Cache hit ratio 96%
2026-06-15 19:48:22.579 [DEBUG] api-gateway: Connection pool size 12
2026-06-15 19:48:23.079 [INFO] nginx: Request processed successfully in 91ms
2026-06-15 19:48:23.580 [DEBUG] nginx: Connection pool size 19
2026-06-15 19:48:24.080 [INFO] payment-service: Health check passed
2026-06-15 19:48:24.580 [INFO] database: Health check passed
2026-06-15 19:48:25.080 [DEBUG] database: Connection pool size 13
2026-06-15 19:48:25.580 [INFO] payment-service: Request processed successfully in 25ms
2026-06-15 19:48:26.080 [DEBUG] api-gateway: Connection pool size 5
2026-06-15 19:48:26.580 [DEBUG] nginx: Connection pool size 5
2026-06-15 19:48:27.080 [INFO] database: Health check passed
2026-06-15 19:48:27.580 [ERROR] database: Deadlock detected in transaction
2026-06-15 19:48:28.081 [INFO] payment-service: Health check passed
2026-06-15 19:48:28.581 [INFO] database: Request processed successfully in 59ms
2026-06-15 19:48:29.081 [DEBUG] api-gateway: Connection pool size 19
2026-06-15 19:48:29.581 [INFO] user-service: Cache hit ratio 80%
2026-06-15 19:48:30.081 [INFO] nginx: Cache hit ratio 96%
2026-06-15 19:48:30.581 [CRITICAL] database: Connection pool exhausted
2026-06-15 19:48:31.081 [INFO] redis: Request processed successfully in 82ms
2026-06-15 19:48:31.581 [INFO] redis: Request processed successfully in 144ms
2026-06-15 19:48:32.081 [INFO] user-service: Request processed successfully in 115ms
2026-06-15 19:48:32.581 [INFO] payment-service: Health check passed
2026-06-15 19:48:33.082 [INFO] auth-service: Cache hit ratio 91%
2026-06-15 19:48:33.582 [DEBUG] user-service: Connection pool size 11
2026-06-15 19:48:34.082 [DEBUG] api-gateway: Connection pool size 18
2026-06-15 19:48:34.582 [DEBUG] payment-service: Connection pool size 13
2026-06-15 19:48:35.082 [DEBUG] nginx: Connection pool size 16
2026-06-15 19:48:35.582 [ERROR] payment-service: Circuit breaker open for nginx
2026-06-15 19:48:36.082 [INFO] api-gateway: Request processed successfully in 156ms
2026-06-15 19:48:36.582 [INFO] nginx: Cache hit ratio 82%
2026-06-15 19:48:37.083 [INFO] redis: Cache hit ratio 94%
2026-06-15 19:48:37.583 [INFO] api-gateway: Request processed successfully in 99ms
2026-06-15 19:48:38.083 [INFO] nginx: Cache hit ratio 83%
2026-06-15 19:48:38.583 [INFO] nginx: Request processed successfully in 184ms
2026-06-15 19:48:39.083 [ERROR] auth-service: Upstream service unavailable
2026-06-15 19:48:39.583 [INFO] database: Cache hit ratio 95%
2026-06-15 19:48:40.083 [DEBUG] nginx: Connection pool size 5
2026-06-15 19:48:40.584 [INFO] api-gateway: Request processed successfully in 105ms
2026-06-15 19:48:41.084 [INFO] nginx: Health check passed
2026-06-15 19:48:41.584 [INFO] user-service: Request processed successfully in 47ms
2026-06-15 19:48:42.084 [INFO] redis: Cache hit ratio 92%
2026-06-15 19:48:42.584 [INFO] auth-service: Cache hit ratio 93%
2026-06-15 19:48:43.084 [INFO] api-gateway: Health check passed
2026-06-15 19:48:43.584 [ERROR] database: Query failed - relation 'orders' does not exist
2026-06-15 19:48:44.084 [INFO] redis: Cache hit ratio 92%
2026-06-15 19:48:44.584 [INFO] api-gateway: Health check passed
2026-06-15 19:48:45.084 [INFO] payment-service: Health check passed
2026-06-15 19:48:45.585 [INFO] database: Request processed successfully in 91ms
2026-06-15 19:48:46.085 [INFO] redis: Health check passed
2026-06-15 19:48:46.585 [INFO] auth-service: Connection pool restored
2026-06-15 19:48:47.085 [DEBUG] database: Connection pool size 5
2026-06-15 19:48:47.585 [INFO] api-gateway: Request processed successfully in 23ms
2026-06-15 19:48:48.085 [INFO] payment-service: Cache hit ratio 93%
2026-06-15 19:48:48.585 [INFO] nginx: Cache hit ratio 98%
2026-06-15 19:48:49.085 [INFO] nginx: Request processed successfully in 134ms
2026-06-15 19:48:49.585 [INFO] api-gateway: Health check passed
2026-06-15 19:48:50.085 [INFO] api-gateway: Cache hit ratio 88%
2026-06-15 19:48:50.586 [DEBUG] nginx: Connection pool size 9
2026-06-15 19:48:51.086 [INFO] user-service: Request processed successfully in 182ms
2026-06-15 19:48:51.586 [ERROR] nginx: Circuit breaker open for redis
2026-06-15 19:48:52.086 [INFO] auth-service: Service restarted successfully
2026-06-15 19:48:52.586 [DEBUG] auth-service: Connection pool size 17
2026-06-15 19:48:53.086 [INFO] api-gateway: Health check passed
2026-06-15 19:48:53.586 [INFO] user-service: Health check passed
2026-06-15 19:48:54.086 [DEBUG] redis: Connection pool size 12
2026-06-15 19:48:54.586 [INFO] nginx: Cache hit ratio 91%
2026-06-15 19:48:55.087 [ERROR] database: Query failed - relation 'orders' does not exist
2026-06-15 19:48:55.587 [INFO] api-gateway: Health check passed
2026-06-15 19:48:56.087 [ERROR] api-gateway: Request timeout after 50s
2026-06-15 19:48:56.587 [INFO] api-gateway: Health check passed
2026-06-15 19:48:57.087 [INFO] redis: Health check passed
2026-06-15 19:48:57.587 [INFO] redis: Cache hit ratio 85%
2026-06-15 19:48:58.087 [WARNING] nginx: Memory usage 88%
2026-06-15 19:48:58.587 [ERROR] payment-service: Request timeout after 58s
2026-06-15 19:48:59.087 [WARNING] redis: Memory usage 86%
2026-06-15 19:48:59.587 [WARNING] user-service: Slow query detected (9s)
2026-06-15 19:49:00.088 [WARNING] payment-service: GC overhead limit reached
2026-06-15 19:49:00.588 [WARNING] auth-service: Slow query detected (14s)
2026-06-15 19:49:01.088 [INFO] api-gateway: Request processed successfully in 143ms
2026-06-15 19:49:01.588 [INFO] database: Health check passed
2026-06-15 19:49:02.088 [INFO] api-gateway: Cache hit ratio 90%
2026-06-15 19:49:02.588 [DEBUG] nginx: Connection pool size 15
2026-06-15 19:49:03.088 [INFO] api-gateway: Health check passed
2026-06-15 19:49:03.588 [INFO] nginx: Cache hit ratio 93%
2026-06-15 19:49:04.089 [INFO] payment-service: Request processed successfully in 79ms
2026-06-15 19:49:04.589 [DEBUG] api-gateway: Connection pool size 19
2026-06-15 19:49:05.089 [ERROR] user-service: Circuit breaker open for database
2026-06-15 19:49:05.589 [DEBUG] nginx: Connection pool size 11
2026-06-15 19:49:06.089 [CRITICAL] database: Connection pool exhausted
2026-06-15 19:49:06.589 [ERROR] database: Connection timeout after 3444ms
2026-06-15 19:49:07.089 [INFO] nginx: Cache hit ratio 82%
2026-06-15 19:49:07.589 [INFO] redis: Health check passed
2026-06-15 19:49:08.089 [INFO] database: Health check passed after recovery
2026-06-15 19:49:08.590 [DEBUG] user-service: Connection pool size 13
2026-06-15 19:49:09.090 [INFO] database: Request processed successfully in 74ms
2026-06-15 19:49:09.590 [INFO] api-gateway: Cache hit ratio 84%
2026-06-15 19:49:10.090 [INFO] database: Request processed successfully in 175ms
2026-06-15 19:49:10.590 [CRITICAL] database: Connection pool exhausted
2026-06-15 19:49:11.090 [DEBUG] redis: Connection pool size 9
2026-06-15 19:49:11.590 [INFO] nginx: Request processed successfully in 180ms
2026-06-15 19:49:12.090 [INFO] api-gateway: Health check passed after recovery
2026-06-15 19:49:12.590 [DEBUG] auth-service: Connection pool size 12
2026-06-15 19:49:13.090 [ERROR] database: Deadlock detected in transaction
2026-06-15 19:49:13.590 [INFO] database: Request processed successfully in 167ms
2026-06-15 19:49:14.091 [INFO] user-service: Cache hit ratio 83%
2026-06-15 19:49:14.591 [INFO] redis: Service restarted successfully
2026-06-15 19:49:15.091 [INFO] api-gateway: Health check passed
2026-06-15 19:49:15.591 [INFO] payment-service: Request processed successfully in 43ms
2026-06-15 19:49:16.091 [ERROR] database: Query failed - relation 'orders' does not exist
2026-06-15 19:49:16.591 [WARNING] user-service: Slow query detected (25s)
2026-06-15 19:49:17.091 [INFO] redis: Cache hit ratio 87%
2026-06-15 19:49:17.592 [CRITICAL] auth-service: Out of memory error - process killed
2026-06-15 19:49:18.092 [ERROR] database: Deadlock detected in transaction
2026-06-15 19:49:18.592 [INFO] nginx: Request processed successfully in 26ms
2026-06-15 19:49:19.092 [INFO] api-gateway: Health check passed
2026-06-15 19:49:19.592 [INFO] database: Request processed successfully in 71ms
2026-06-15 19:49:20.092 [INFO] auth-service: Request processed successfully in 71ms
2026-06-15 19:49:20.592 [DEBUG] auth-service: Connection pool size 11
2026-06-15 19:49:21.092 [ERROR] database: Upstream service unavailable
2026-06-15 19:49:21.593 [INFO] payment-service: Request processed successfully in 31ms
2026-06-15 19:49:22.093 [ERROR] database: Connection timeout after 3105ms
2026-06-15 19:49:22.593 [INFO] redis: Request processed successfully in 94ms
2026-06-15 19:49:23.093 [INFO] user-service: Health check passed
2026-06-15 19:49:23.593 [ERROR] database: Query failed - relation 'orders' does not exist
2026-06-15 19:49:24.093 [DEBUG] auth-service: Connection pool size 7
2026-06-15 19:49:24.593 [INFO] payment-service: Cache hit ratio 83%
2026-06-15 19:49:25.093 [INFO] auth-service: Cache hit ratio 99%
2026-06-15 19:49:25.593 [DEBUG] user-service: Connection pool size 13
2026-06-15 19:49:26.094 [CRITICAL] payment-service: Service crashed
2026-06-15 19:49:26.594 [DEBUG] auth-service: Connection pool size 18
2026-06-15 19:49:27.094 [ERROR] database: Query failed - relation 'orders' does not exist
2026-06-15 19:49:27.594 [INFO] nginx: Request processed successfully in 135ms
2026-06-15 19:49:28.094 [CRITICAL] nginx: Out of memory error - process killed
2026-06-15 19:49:28.594 [INFO] database: Request processed successfully in 146ms
2026-06-15 19:49:29.094 [INFO] auth-service: Health check passed
2026-06-15 19:49:29.594 [INFO] api-gateway: Cache hit ratio 83%
2026-06-15 19:49:30.094 [CRITICAL] payment-service: Out of memory error - process killed
2026-06-15 19:49:30.594 [INFO] database: Health check passed
2026-06-15 19:49:31.095 [INFO] database: Request processed successfully in 39ms
2026-06-15 19:49:31.595 [ERROR] auth-service: Request timeout after 40s
2026-06-15 19:49:32.095 [ERROR] database: Deadlock detected in transaction
2026-06-15 19:49:32.595 [INFO] nginx: Request processed successfully in 146ms
2026-06-15 19:49:33.095 [INFO] redis: Health check passed
2026-06-15 19:49:33.595 [ERROR] database: Query failed - relation 'orders' does not exist
2026-06-15 19:49:34.095 [DEBUG] database: Connection pool size 13
2026-06-15 19:49:34.595 [CRITICAL] database: Connection pool exhausted
2026-06-15 19:49:35.095 [ERROR] database: Deadlock detected in transaction
2026-06-15 19:49:35.596 [DEBUG] user-service: Connection pool size 16
2026-06-15 19:49:36.096 [INFO] payment-service: Health check passed
2026-06-15 19:49:36.596 [INFO] api-gateway: Request processed successfully in 92ms
2026-06-15 19:49:37.096 [DEBUG] api-gateway: Connection pool size 16
2026-06-15 19:49:37.596 [DEBUG] api-gateway: Connection pool size 11
2026-06-15 19:49:38.096 [INFO] auth-service: Request processed successfully in 167ms
2026-06-15 19:49:38.596 [INFO] database: Cache hit ratio 89%
2026-06-15 19:49:39.096 [ERROR] auth-service: Request timeout after 40s
2026-06-15 19:49:39.596 [INFO] auth-service: Health check passed
2026-06-15 19:49:40.096 [INFO] user-service: Connection pool restored
2026-06-15 19:49:40.597 [WARNING] auth-service: Slow query detected (23s)
2026-06-15 19:49:41.097 [INFO] payment-service: Health check passed after recovery
2026-06-15 19:49:41.597 [INFO] auth-service: Health check passed after recovery
2026-06-15 19:49:42.097 [INFO] user-service: Health check passed
2026-06-15 19:49:42.597 [CRITICAL] database: Connection pool exhausted
2026-06-15 19:49:43.097 [DEBUG] auth-service: Connection pool size 5
2026-06-15 19:49:43.597 [DEBUG] user-service: Connection pool size 16
2026-06-15 19:49:44.098 [ERROR] payment-service: Request timeout after 59s
2026-06-15 19:49:44.598 [INFO] auth-service: Cache hit ratio 97%
2026-06-15 19:49:45.098 [INFO] nginx: Request processed successfully in 192ms
2026-06-15 19:49:45.598 [INFO] nginx: Request processed successfully in 167ms
2026-06-15 19:49:46.098 [CRITICAL] payment-service: Out of memory error - process killed
2026-06-15 19:49:46.598 [INFO] database: Cache hit ratio 81%
2026-06-15 19:49:47.098 [INFO] user-service: Request processed successfully in 57ms
2026-06-15 19:49:47.598 [ERROR] database: Query failed - relation 'orders' does not exist
2026-06-15 19:49:48.098 [INFO] api-gateway: Cache hit ratio 81%
2026-06-15 19:49:48.599 [INFO] user-service: Request processed successfully in 128ms
2026-06-15 19:49:49.099 [INFO] user-service: Cache hit ratio 96%
2026-06-15 19:49:49.599 [INFO] payment-service: Cache hit ratio 93%
2026-06-15 19:49:50.099 [DEBUG] nginx: Connection pool size 8
2026-06-15 19:49:50.599 [INFO] user-service: Health check passed
2026-06-15 19:49:51.099 [INFO] api-gateway: Cache hit ratio 81%
2026-06-15 19:49:51.599 [DEBUG] user-service: Connection pool size 5
2026-06-15 19:49:52.099 [INFO] database: Cache hit ratio 99%
2026-06-15 19:49:52.599 [WARNING] user-service: Slow query detected (8s)
2026-06-15 19:49:53.100 [INFO] user-service: Cache hit ratio 83%
2026-06-15 19:49:53.600 [INFO] api-gateway: Cache hit ratio 83%
2026-06-15 19:49:54.100 [INFO] api-gateway: Cache hit ratio 83%
2026-06-15 19:49:54.600 [INFO] database: Cache hit ratio 81%
2026-06-15 19:49:55.100 [INFO] nginx: Cache hit ratio 97%
2026-06-15 19:49:55.600 [INFO] user-service: Request processed successfully in 51ms
2026-06-15 19:49:56.100 [DEBUG] payment-service: Connection pool size 17
2026-06-15 19:49:56.600 [INFO] database: Cache hit ratio 93%
2026-06-15 19:49:57.100 [INFO] user-service: Cache hit ratio 83%
2026-06-15 19:49:57.601 [INFO] user-service: Cache hit ratio 96%
2026-06-15 19:49:58.101 [INFO] nginx: Cache hit ratio 89%
2026-06-15 19:49:58.601 [INFO] redis: Health check passed
2026-06-15 19:49:59.101 [INFO] auth-service: Cache hit ratio 96%
2026-06-15 19:49:59.601 [DEBUG] auth-service: Connection pool size 12
2026-06-15 19:50:00.101 [INFO] api-gateway: Cache hit ratio 92%
2026-06-15 19:50:00.601 [INFO] api-gateway: Cache hit ratio 82%
2026-06-15 19:50:01.101 [CRITICAL] api-gateway: Service crashed
2026-06-15 19:50:01.601 [DEBUG] payment-service: Connection pool size 10
2026-06-15 19:50:02.101 [INFO] api-gateway: Cache hit ratio 84%
2026-06-15 19:50:02.601 [DEBUG] user-service: Connection pool size 16
2026-06-15 19:50:03.102 [INFO] redis: Cache hit ratio 84%
2026-06-15 19:50:03.602 [WARNING] redis: GC overhead limit reached
2026-06-15 19:50:04.102 [INFO] api-gateway: Service restarted successfully
2026-06-15 19:50:04.602 [INFO] redis: Health check passed
2026-06-15 19:50:05.102 [CRITICAL] database: Connection pool exhausted
2026-06-15 19:50:05.602 [INFO] nginx: Health check passed
2026-06-15 19:50:06.102 [ERROR] database: Circuit breaker open for nginx
2026-06-15 19:50:06.603 [DEBUG] redis: Connection pool size 5
2026-06-15 19:50:07.103 [INFO] auth-service: Health check passed
2026-06-15 19:50:07.603 [DEBUG] database: Connection pool size 15
2026-06-15 19:50:08.103 [DEBUG] database: Connection pool size 7
2026-06-15 19:50:08.603 [DEBUG] redis: Connection pool size 5
2026-06-15 19:50:09.103 [INFO] auth-service: Cache hit ratio 95%
2026-06-15 19:50:09.603 [INFO] payment-service: Service restarted successfully
2026-06-15 19:50:10.103 [INFO] redis: Health check passed
2026-06-15 19:50:10.603 [ERROR] database: Query failed - relation 'orders' does not exist
2026-06-15 19:50:11.103 [DEBUG] payment-service: Connection pool size 17
2026-06-15 19:50:11.604 [INFO] redis: Health check passed
2026-06-15 19:50:12.104 [INFO] auth-service: Health check passed
2026-06-15 19:50:12.604 [INFO] payment-service: Cache hit ratio 89%
2026-06-15 19:50:13.104 [DEBUG] api-gateway: Connection pool size 20
2026-06-15 19:50:13.604 [INFO] payment-service: Request processed successfully in 145ms
2026-06-15 19:50:14.104 [INFO] nginx: Cache hit ratio 90%
2026-06-15 19:50:14.604 [DEBUG] payment-service: Connection pool size 5
2026-06-15 19:50:15.104 [INFO] nginx: Request processed successfully in 195ms
2026-06-15 19:50:15.604 [CRITICAL] database: Connection pool exhausted
2026-06-15 19:50:16.105 [INFO] nginx: Health check passed
2026-06-15 19:50:16.605 [INFO] database: Request processed successfully in 154ms
2026-06-15 19:50:17.105 [WARNING] redis: Slow query detected (16s)
2026-06-15 19:50:17.605 [INFO] database: Cache hit ratio 85%
2026-06-15 19:50:18.105 [DEBUG] nginx: Connection pool size 6
2026-06-15 19:50:18.605 [DEBUG] payment-service: Connection pool size 13
2026-06-15 19:50:19.105 [DEBUG] user-service: Connection pool size 7
2026-06-15 19:50:19.605 [INFO] redis: Health check passed
2026-06-15 19:50:20.105 [INFO] redis: Health check passed
2026-06-15 19:50:20.606 [INFO] user-service: Health check passed
2026-06-15 19:50:21.106 [DEBUG] auth-service: Connection pool size 12
2026-06-15 19:50:21.606 [ERROR] database: Query failed - relation 'orders' does not exist
2026-06-15 19:50:22.106 [ERROR] database: Connection timeout after 1595ms
2026-06-15 19:50:22.606 [DEBUG] payment-service: Connection pool size 13
2026-06-15 19:50:23.106 [INFO] database: Request processed successfully in 163ms
2026-06-15 19:50:23.606 [WARNING] redis: GC overhead limit reached
2026-06-15 19:50:24.106 [WARNING] redis: Memory usage 89%
2026-06-15 19:50:24.607 [INFO] api-gateway: Health check passed
2026-06-15 19:50:25.107 [INFO] auth-service: Health check passed
2026-06-15 19:50:25.607 [DEBUG] database: Connection pool size 12
2026-06-15 19:50:26.107 [INFO] user-service: Health check passed
2026-06-15 19:50:26.607 [INFO] auth-service: Request processed successfully in 61ms
2026-06-15 19:50:27.107 [INFO] api-gateway: Cache hit ratio 99%
2026-06-15 19:50:27.607 [ERROR] database: Dependency failure from payment-service
2026-06-15 19:50:28.107 [INFO] payment-service: Health check passed
2026-06-15 19:50:28.607 [INFO] nginx: Health check passed
2026-06-15 19:50:29.108 [INFO] auth-service: Service restarted successfully
2026-06-15 19:50:29.608 [INFO] redis: Request processed successfully in 163ms
2026-06-15 19:50:30.108 [INFO] user-service: Health check passed
2026-06-15 19:50:30.608 [INFO] api-gateway: Cache hit ratio 93%
2026-06-15 19:50:31.108 [CRITICAL] redis: Service crashed
2026-06-15 19:50:31.608 [INFO] redis: Request processed successfully in 83ms
2026-06-15 19:50:32.109 [INFO] api-gateway: Request processed successfully in 82ms
2026-06-15 19:50:32.609 [INFO] api-gateway: Request processed successfully in 65ms
2026-06-15 19:50:33.109 [INFO] redis: Cache hit ratio 98%
2026-06-15 19:50:33.609 [INFO] payment-service: Request processed successfully in 37ms
2026-06-15 19:50:34.109 [DEBUG] redis: Connection pool size 16
2026-06-15 19:50:34.609 [ERROR] database: Query failed - relation 'orders' does not exist
2026-06-15 19:50:35.110 [INFO] api-gateway: Cache hit ratio 81%
2026-06-15 19:50:35.610 [ERROR] database: Deadlock detected in transaction
2026-06-15 19:50:36.110 [INFO] redis: Request processed successfully in 42ms
2026-06-15 19:50:36.610 [DEBUG] user-service: Connection pool size 11
2026-06-15 19:50:37.110 [ERROR] database: Query failed - relation 'orders' does not exist
2026-06-15 19:50:37.610 [DEBUG] user-service: Connection pool size 16
2026-06-15 19:50:38.110 [DEBUG] payment-service: Connection pool size 8
2026-06-15 19:50:38.610 [INFO] auth-service: Health check passed after recovery
2026-06-15 19:50:39.110 [INFO] database: Request processed successfully in 134ms
2026-06-15 19:50:39.610 [INFO] database: Cache hit ratio 99%
2026-06-15 19:50:40.111 [ERROR] database: Query failed - relation 'orders' does not exist
2026-06-15 19:50:40.611 [INFO] payment-service: Cache hit ratio 94%
2026-06-15 19:50:41.111 [INFO] nginx: Health check passed
2026-06-15 19:50:41.611 [ERROR] database: Query failed - relation 'orders' does not exist
2026-06-15 19:50:42.111 [ERROR] database: Connection timeout after 2976ms
2026-06-15 19:50:42.611 [INFO] api-gateway: Request processed successfully in 19ms
2026-06-15 19:50:43.111 [CRITICAL] database: Out of memory error - process killed
2026-06-15 19:50:43.611 [WARNING] redis: Slow query detected (7s)
2026-06-15 19:50:44.111 [INFO] database: Cache hit ratio 97%
2026-06-15 19:50:44.611 [INFO] user-service: Health check passed
2026-06-15 19:50:45.111 [ERROR] database: Deadlock detected in transaction
2026-06-15 19:50:45.612 [INFO] auth-service: Health check passed
2026-06-15 19:50:46.112 [DEBUG] redis: Connection pool size 5
2026-06-15 19:50:46.612 [INFO] database: Health check passed
2026-06-15 19:50:47.113 [CRITICAL] database: Connection pool exhausted
2026-06-15 19:50:47.613 [CRITICAL] redis: Service crashed
2026-06-15 19:50:48.113 [INFO] payment-service: Health check passed
2026-06-15 19:50:48.613 [INFO] auth-service: Cache hit ratio 85%
2026-06-15 19:50:49.113 [DEBUG] nginx: Connection pool size 7
2026-06-15 19:50:49.613 [CRITICAL] database: Out of memory error - process killed
2026-06-15 19:50:50.113 [DEBUG] nginx: Connection pool size 14
2026-06-15 19:50:50.614 [ERROR] database: Connection timeout after 2216ms
2026-06-15 19:50:51.114 [DEBUG] redis: Connection pool size 20
2026-06-15 19:50:51.614 [INFO] auth-service: Cache hit ratio 87%
2026-06-15 19:50:52.114 [DEBUG] api-gateway: Connection pool size 13
2026-06-15 19:50:52.614 [INFO] user-service: Health check passed
2026-06-15 19:50:53.114 [INFO] database: Health check passed after recovery
2026-06-15 19:50:53.614 [INFO] payment-service: Health check passed
2026-06-15 19:50:54.114 [INFO] api-gateway: Cache hit ratio 94%
2026-06-15 19:50:54.614 [INFO] redis: Request processed successfully in 178ms
2026-06-15 19:50:55.114 [INFO] user-service: Cache hit ratio 92%
2026-06-15 19:50:55.615 [DEBUG] redis: Connection pool size 13
2026-06-15 19:50:56.115 [ERROR] redis: Circuit breaker open for auth-service
2026-06-15 19:50:56.615 [INFO] api-gateway: Cache hit ratio 95%
2026-06-15 19:50:57.115 [WARNING] database: Slow query detected (28s)
2026-06-15 19:50:57.615 [ERROR] database: Upstream service unavailable
2026-06-15 19:50:58.115 [ERROR] redis: Circuit breaker open for user-service
2026-06-15 19:50:58.615 [INFO] user-service: Request processed successfully in 99ms
2026-06-15 19:50:59.115 [INFO] redis: Request processed successfully in 178ms
2026-06-15 19:50:59.615 [DEBUG] api-gateway: Connection pool size 8
2026-06-15 19:51:00.115 [INFO] payment-service: Health check passed
2026-06-15 19:51:00.616 [ERROR] database: Deadlock detected in transaction
2026-06-15 19:51:01.116 [CRITICAL] payment-service: Out of memory error - process killed
2026-06-15 19:51:01.616 [INFO] auth-service: Health check passed
2026-06-15 19:51:02.116 [WARNING] redis: Memory usage 91%
2026-06-15 19:51:02.616 [INFO] payment-service: Cache hit ratio 98%
2026-06-15 19:51:03.116 [DEBUG] auth-service: Connection pool size 11
2026-06-15 19:51:03.616 [INFO] api-gateway: Health check passed
2026-06-15 19:51:04.116 [ERROR] database: Deadlock detected in transaction
2026-06-15 19:51:04.616 [INFO] api-gateway: Health check passed
2026-06-15 19:51:05.117 [ERROR] user-service: Upstream service unavailable
2026-06-15 19:51:05.617 [INFO] user-service: Cache hit ratio 85%
2026-06-15 19:51:06.117 [DEBUG] nginx: Connection pool size 7
2026-06-15 19:51:06.617 [CRITICAL] database: Connection pool exhausted
2026-06-15 19:51:07.117 [DEBUG] nginx: Connection pool size 16
2026-06-15 19:51:07.617 [ERROR] user-service: Dependency failure from redis
2026-06-15 19:51:08.117 [INFO] api-gateway: Cache hit ratio 96%
2026-06-15 19:51:08.617 [WARNING] user-service: Slow query detected (25s)
2026-06-15 19:51:09.117 [INFO] api-gateway: Request processed successfully in 118ms
2026-06-15 19:51:09.618 [INFO] auth-service: Request processed successfully in 114ms
2026-06-15 19:51:10.118 [INFO] database: Request processed successfully in 128ms
2026-06-15 19:51:10.618 [INFO] payment-service: Health check passed
2026-06-15 19:51:11.118 [INFO] payment-service: Request processed successfully in 73ms
2026-06-15 19:51:11.618 [INFO] user-service: Request processed successfully in 54ms
2026-06-15 19:51:12.118 [INFO] user-service: Cache hit ratio 85%
2026-06-15 19:51:12.618 [DEBUG] user-service: Connection pool size 13
2026-06-15 19:51:13.118 [INFO] api-gateway: Health check passed after recovery
2026-06-15 19:51:13.619 [INFO] nginx: Health check passed
2026-06-15 19:51:14.119 [INFO] redis: Cache hit ratio 82%
2026-06-15 19:51:14.619 [DEBUG] api-gateway: Connection pool size 14
2026-06-15 19:51:15.119 [INFO] auth-service: Request processed successfully in 133ms
2026-06-15 19:51:15.619 [INFO] payment-service: Health check passed after recovery
2026-06-15 19:51:16.119 [INFO] redis: Cache hit ratio 92%
2026-06-15 19:51:16.619 [INFO] api-gateway: Cache hit ratio 85%
2026-06-15 19:51:17.119 [INFO] database: Connection pool restored
2026-06-15 19:51:17.619 [INFO] redis: Cache hit ratio 93%
2026-06-15 19:51:18.119 [INFO] database: Request processed successfully in 86ms
2026-06-15 19:51:18.619 [INFO] auth-service: Request processed successfully in 134ms
2026-06-15 19:51:19.120 [INFO] user-service: Health check passed
2026-06-15 19:51:19.620 [INFO] api-gateway: Cache hit ratio 89%
2026-06-15 19:51:20.120 [CRITICAL] database: Connection pool exhausted
2026-06-15 19:51:20.620 [INFO] api-gateway: Cache hit ratio 86%
2026-06-15 19:51:21.120 [ERROR] database: Query failed - relation 'orders' does not exist
2026-06-15 19:51:21.620 [INFO] auth-service: Request processed successfully in 38ms
2026-06-15 19:51:22.120 [INFO] user-service: Cache hit ratio 86%
2026-06-15 19:51:22.620 [ERROR] database: Connection timeout after 3941ms
2026-06-15 19:51:23.120 [DEBUG] payment-service: Connection pool size 5
2026-06-15 19:51:23.620 [INFO] auth-service: Cache hit ratio 87%
2026-06-15 19:51:24.121 [INFO] nginx: Request processed successfully in 26ms
2026-06-15 19:51:24.621 [INFO] user-service: Request processed successfully in 107ms
2026-06-15 19:51:25.121 [INFO] payment-service: Health check passed
2026-06-15 19:51:25.621 [INFO] user-service: Service restarted successfully
2026-06-15 19:51:26.121 [DEBUG] user-service: Connection pool size 17
2026-06-15 19:51:26.621 [INFO] redis: Request processed successfully in 102ms
2026-06-15 19:51:27.121 [DEBUG] database: Connection pool size 16
2026-06-15 19:51:27.621 [INFO] payment-service: Request processed successfully in 35ms
2026-06-15 19:51:28.122 [INFO] payment-service: Cache hit ratio 88%
2026-06-15 19:51:28.622 [INFO] nginx: Cache hit ratio 88%
2026-06-15 19:51:29.122 [DEBUG] user-service: Connection pool size 11
2026-06-15 19:51:29.622 [ERROR] database: Request timeout after 40s
2026-06-15 19:51:30.122 [INFO] database: Health check passed after recovery
2026-06-15 19:51:30.622 [INFO] redis: Cache hit ratio 93%
2026-06-15 19:51:31.122 [INFO] nginx: Health check passed
2026-06-15 19:51:31.622 [INFO] database: Health check passed
2026-06-15 19:51:32.122 [INFO] payment-service: Health check passed
2026-06-15 19:51:32.622 [DEBUG] auth-service: Connection pool size 14
2026-06-15 19:51:33.123 [INFO] api-gateway: Request processed successfully in 70ms
2026-06-15 19:51:33.623 [INFO] redis: Request processed successfully in 23ms
2026-06-15 19:51:34.123 [INFO] api-gateway: Cache hit ratio 83%
2026-06-15 19:51:34.623 [INFO] nginx: Request processed successfully in 158ms
2026-06-15 19:51:35.123 [INFO] user-service: Cache hit ratio 83%
2026-06-15 19:51:35.623 [DEBUG] user-service: Connection pool size 15
2026-06-15 19:51:36.124 [DEBUG] redis: Connection pool size 9
2026-06-15 19:51:36.624 [ERROR] database: Connection timeout after 1439ms
2026-06-15 19:51:37.124 [ERROR] nginx: Upstream service unavailable
2026-06-15 19:51:37.624 [INFO] api-gateway: Request processed successfully in 133ms
2026-06-15 19:51:38.124 [ERROR] database: Deadlock detected in transaction
2026-06-15 19:51:38.624 [INFO] database: Health check passed after recovery
2026-06-15 19:51:39.125 [INFO] payment-service: Service restarted successfully
2026-06-15 19:51:39.625 [DEBUG] payment-service: Connection pool size 17
2026-06-15 19:51:40.125 [DEBUG] api-gateway: Connection pool size 13
2026-06-15 19:51:40.625 [DEBUG] api-gateway: Connection pool size 11
2026-06-15 19:51:41.125 [ERROR] database: Deadlock detected in transaction
2026-06-15 19:51:41.625 [CRITICAL] database: Out of memory error - process killed
2026-06-15 19:51:42.126 [INFO] database: Cache hit ratio 90%
2026-06-15 19:51:42.626 [DEBUG] database: Connection pool size 19
2026-06-15 19:51:43.126 [INFO] payment-service: Cache hit ratio 99%
2026-06-15 19:51:43.626 [WARNING] auth-service: GC overhead limit reached
2026-06-15 19:51:44.126 [INFO] database: Request processed successfully in 181ms
2026-06-15 19:51:44.627 [INFO] payment-service: Health check passed
2026-06-15 19:51:45.127 [INFO] nginx: Request processed successfully in 49ms
2026-06-15 19:51:45.627 [ERROR] database: Deadlock detected in transaction
2026-06-15 19:51:46.127 [INFO] auth-service: Health check passed
2026-06-15 19:51:46.627 [DEBUG] nginx: Connection pool size 20
2026-06-15 19:51:47.127 [INFO] payment-service: Request processed successfully in 116ms
2026-06-15 19:51:47.627 [ERROR] database: Request timeout after 38s
2026-06-15 19:51:48.128 [ERROR] database: Query failed - relation 'orders' does not exist
2026-06-15 19:51:48.628 [INFO] database: Cache hit ratio 81%
2026-06-15 19:51:49.128 [DEBUG] payment-service: Connection pool size 11
2026-06-15 19:51:49.628 [DEBUG] user-service: Connection pool size 6
2026-06-15 19:51:50.128 [DEBUG] payment-service: Connection pool size 7
2026-06-15 19:51:50.628 [INFO] redis: Request processed successfully in 114ms
2026-06-15 19:51:51.128 [INFO] api-gateway: Request processed successfully in 19ms
2026-06-15 19:51:51.628 [DEBUG] auth-service: Connection pool size 20
2026-06-15 19:51:52.129 [ERROR] nginx: Upstream service unavailable
2026-06-15 19:51:52.629 [CRITICAL] auth-service: Out of memory error - process killed
2026-06-15 19:51:53.129 [DEBUG] database: Connection pool size 19
2026-06-15 19:51:53.629 [INFO] auth-service: Cache hit ratio 80%
2026-06-15 19:51:54.129 [ERROR] redis: Request timeout after 54s
2026-06-15 19:51:54.629 [INFO] user-service: Request processed successfully in 81ms
2026-06-15 19:51:55.130 [DEBUG] user-service: Connection pool size 9
2026-06-15 19:51:55.630 [ERROR] api-gateway: Request timeout after 54s
2026-06-15 19:51:56.130 [INFO] redis: Service restarted successfully
2026-06-15 19:51:56.630 [WARNING] database: Slow query detected (16s)
2026-06-15 19:51:57.130 [INFO] database: Service restarted successfully
2026-06-15 19:51:57.630 [ERROR] database: Deadlock detected in transaction
2026-06-15 19:51:58.130 [INFO] payment-service: Cache hit ratio 85%
2026-06-15 19:51:58.630 [INFO] nginx: Health check passed after recovery
2026-06-15 19:51:59.130 [CRITICAL] database: Out of memory error - process killed
2026-06-15 19:51:59.631 [ERROR] user-service: Dependency failure from redis
2026-06-15 19:52:00.131 [ERROR] database: Connection timeout after 3850ms
2026-06-15 19:52:00.631 [INFO] redis: Request processed successfully in 157ms
2026-06-15 19:52:01.131 [INFO] database: Cache hit ratio 98%
2026-06-15 19:52:01.631 [INFO] auth-service: Cache hit ratio 84%
2026-06-15 19:52:02.131 [INFO] nginx: Health check passed
2026-06-15 19:52:02.631 [INFO] redis: Health check passed
2026-06-15 19:52:03.131 [INFO] nginx: Cache hit ratio 85%
2026-06-15 19:52:03.631 [INFO] nginx: Service restarted successfully
2026-06-15 19:52:04.132 [INFO] redis: Cache hit ratio 81%
2026-06-15 19:52:04.632 [INFO] database: Health check passed
2026-06-15 19:52:05.132 [WARNING] payment-service: GC overhead limit reached
2026-06-15 19:52:05.632 [INFO] api-gateway: Health check passed
2026-06-15 19:52:06.132 [ERROR] database: Deadlock detected in transaction
2026-06-15 19:52:06.632 [INFO] user-service: Service restarted successfully
2026-06-15 19:52:07.132 [INFO] nginx: Connection pool restored
2026-06-15 19:52:07.632 [INFO] api-gateway: Request processed successfully in 178ms
2026-06-15 19:52:08.133 [INFO] payment-service: Request processed successfully in 113ms
2026-06-15 19:52:08.633 [INFO] nginx: Cache hit ratio 90%
2026-06-15 19:52:09.133 [DEBUG] nginx: Connection pool size 11
2026-06-15 19:52:09.633 [INFO] auth-service: Cache hit ratio 86%
2026-06-15 19:52:10.133 [INFO] redis: Health check passed
2026-06-15 19:52:10.633 [INFO] database: Health check passed
2026-06-15 19:52:11.133 [INFO] database: Health check passed after recovery
2026-06-15 19:52:11.633 [INFO] api-gateway: Health check passed
2026-06-15 19:52:12.133 [ERROR] database: Query failed - relation 'orders' does not exist
2026-06-15 19:52:12.633 [INFO] nginx: Cache hit ratio 98%
2026-06-15 19:52:13.133 [DEBUG] redis: Connection pool size 9
2026-06-15 19:52:13.634 [ERROR] database: Query failed - relation 'orders' does not exist
2026-06-15 19:52:14.134 [INFO] nginx: Cache hit ratio 85%
2026-06-15 19:52:14.634 [DEBUG] database: Connection pool size 20
2026-06-15 19:52:15.134 [INFO] nginx: Health check passed
2026-06-15 19:52:15.634 [INFO] user-service: Request processed successfully in 159ms
2026-06-15 19:52:16.134 [DEBUG] api-gateway: Connection pool size 6
2026-06-15 19:52:16.634 [DEBUG] user-service: Connection pool size 11
2026-06-15 19:52:17.134 [INFO] auth-service: Health check passed
2026-06-15 19:52:17.634 [ERROR] database: Deadlock detected in transaction
2026-06-15 19:52:18.135 [ERROR] database: Deadlock detected in transaction
2026-06-15 19:52:18.635 [INFO] payment-service: Connection pool restored
2026-06-15 19:52:19.135 [INFO] user-service: Cache hit ratio 98%
2026-06-15 19:52:19.635 [WARNING] nginx: Slow query detected (24s)
2026-06-15 19:52:20.135 [INFO] nginx: Connection pool restored
2026-06-15 19:52:20.635 [WARNING] payment-service: Slow query detected (17s)
2026-06-15 19:52:21.135 [ERROR] payment-service: Upstream service unavailable
2026-06-15 19:52:21.635 [INFO] auth-service: Request processed successfully in 128ms
2026-06-15 19:52:22.135 [DEBUG] auth-service: Connection pool size 14
2026-06-15 19:52:22.636 [INFO] user-service: Request processed successfully in 113ms
2026-06-15 19:52:23.136 [INFO] payment-service: Cache hit ratio 94%
2026-06-15 19:52:23.636 [INFO] database: Request processed successfully in 114ms
2026-06-15 19:52:24.136 [INFO] payment-service: Request processed successfully in 141ms
2026-06-15 19:52:24.636 [INFO] redis: Connection pool restored
2026-06-15 19:52:25.136 [CRITICAL] database: Out of memory error - process killed
2026-06-15 19:52:25.636 [INFO] nginx: Health check passed after recovery
2026-06-15 19:52:26.136 [INFO] nginx: Request processed successfully in 156ms
2026-06-15 19:52:26.636 [WARNING] nginx: Slow query detected (20s)
2026-06-15 19:52:27.137 [INFO] user-service: Cache hit ratio 99%
2026-06-15 19:52:27.637 [DEBUG] auth-service: Connection pool size 8
2026-06-15 19:52:28.137 [ERROR] database: Connection timeout after 1939ms
2026-06-15 19:52:28.637 [INFO] payment-service: Health check passed
2026-06-15 19:52:29.137 [INFO] nginx: Health check passed
2026-06-15 19:52:29.637 [INFO] redis: Request processed successfully in 60ms
2026-06-15 19:52:30.137 [CRITICAL] database: Connection pool exhausted
2026-06-15 19:52:30.637 [CRITICAL] database: Connection pool exhausted
2026-06-15 19:52:31.137 [INFO] redis: Health check passed
2026-06-15 19:52:31.637 [INFO] user-service: Service restarted successfully
2026-06-15 19:52:32.137 [INFO] auth-service: Cache hit ratio 89%
2026-06-15 19:52:32.638 [INFO] api-gateway: Health check passed
2026-06-15 19:52:33.138 [DEBUG] nginx: Connection pool size 14
2026-06-15 19:52:33.638 [ERROR] api-gateway: Circuit breaker open for auth-service
2026-06-15 19:52:34.138 [INFO] payment-service: Cache hit ratio 82%
2026-06-15 19:52:34.638 [ERROR] nginx: Request timeout after 33s
2026-06-15 19:52:35.138 [INFO] user-service: Cache hit ratio 98%
2026-06-15 19:52:35.638 [DEBUG] database: Connection pool size 6
2026-06-15 19:52:36.138 [INFO] database: Cache hit ratio 98%
2026-06-15 19:52:36.638 [DEBUG] payment-service: Connection pool size 13
2026-06-15 19:52:37.139 [DEBUG] user-service: Connection pool size 7
2026-06-15 19:52:37.639 [DEBUG] payment-service: Connection pool size 6
2026-06-15 19:52:38.139 [DEBUG] redis: Connection pool size 6
2026-06-15 19:52:38.639 [INFO] api-gateway: Cache hit ratio 90%
2026-06-15 19:52:39.139 [INFO] nginx: Health check passed
2026-06-15 19:52:39.639 [DEBUG] database: Connection pool size 17
2026-06-15 19:52:40.139 [INFO] redis: Cache hit ratio 80%
2026-06-15 19:52:40.639 [INFO] auth-service: Request processed successfully in 70ms
2026-06-15 19:52:41.139 [DEBUG] redis: Connection pool size 6
2026-06-15 19:52:41.639 [WARNING] auth-service: Memory usage 90%
2026-06-15 19:52:42.139 [INFO] auth-service: Health check passed
2026-06-15 19:52:42.640 [WARNING] user-service: GC overhead limit reached
2026-06-15 19:52:43.140 [INFO] database: Cache hit ratio 91%
2026-06-15 19:52:43.640 [INFO] api-gateway: Health check passed
2026-06-15 19:52:44.140 [INFO] auth-service: Request processed successfully in 101ms
2026-06-15 19:52:44.640 [ERROR] database: Request timeout after 58s
2026-06-15 19:52:45.140 [CRITICAL] api-gateway: Out of memory error - process killed
2026-06-15 19:52:45.640 [INFO] user-service: Service restarted successfully
2026-06-15 19:52:46.140 [INFO] redis: Cache hit ratio 94%
2026-06-15 19:52:46.640 [INFO] user-service: Health check passed
2026-06-15 19:52:47.141 [INFO] database: Request processed successfully in 31ms
2026-06-15 19:52:47.641 [INFO] nginx: Health check passed
2026-06-15 19:52:48.141 [INFO] database: Cache hit ratio 96%
2026-06-15 19:52:48.641 [INFO] redis: Request processed successfully in 131ms
2026-06-15 19:52:49.141 [INFO] redis: Health check passed
2026-06-15 19:52:49.641 [ERROR] database: Deadlock detected in transaction
2026-06-15 19:52:50.141 [ERROR] database: Deadlock detected in transaction
2026-06-15 19:52:50.641 [DEBUG] nginx: Connection pool size 7
2026-06-15 19:52:51.141 [INFO] auth-service: Cache hit ratio 98%
2026-06-15 19:52:51.642 [INFO] payment-service: Health check passed
2026-06-15 19:52:52.142 [INFO] auth-service: Health check passed after recovery
2026-06-15 19:52:52.642 [DEBUG] auth-service: Connection pool size 7
2026-06-15 19:52:53.142 [DEBUG] auth-service: Connection pool size 7
2026-06-15 19:52:53.642 [INFO] redis: Health check passed
2026-06-15 19:52:54.142 [DEBUG] api-gateway: Connection pool size 20
2026-06-15 19:52:54.642 [INFO] auth-service: Request processed successfully in 187ms
2026-06-15 19:52:55.142 [INFO] user-service: Request processed successfully in 188ms
2026-06-15 19:52:55.642 [INFO] nginx: Cache hit ratio 81%
2026-06-15 19:52:56.143 [INFO] api-gateway: Cache hit ratio 90%
2026-06-15 19:52:56.643 [DEBUG] database: Connection pool size 16
2026-06-15 19:52:57.143 [DEBUG] user-service: Connection pool size 6
2026-06-15 19:52:57.643 [INFO] user-service: Health check passed
2026-06-15 19:52:58.143 [DEBUG] auth-service: Connection pool size 19
2026-06-15 19:52:58.643 [DEBUG] database: Connection pool size 13
2026-06-15 19:52:59.143 [WARNING] api-gateway: Slow query detected (15s)
2026-06-15 19:52:59.643 [ERROR] database: Query failed - relation 'orders' does not exist
2026-06-15 19:53:00.144 [INFO] auth-service: Health check passed
2026-06-15 19:53:00.644 [INFO] auth-service: Health check passed
2026-06-15 19:53:01.144 [DEBUG] redis: Connection pool size 7
2026-06-15 19:53:01.644 [INFO] auth-service: Request processed successfully in 171ms
2026-06-15 19:53:02.144 [WARNING] user-service: GC overhead limit reached
2026-06-15 19:53:02.644 [DEBUG] redis: Connection pool size 13
2026-06-15 19:53:03.144 [INFO] redis: Request processed successfully in 82ms
2026-06-15 19:53:03.644 [DEBUG] database: Connection pool size 12
2026-06-15 19:53:04.145 [ERROR] database: Deadlock detected in transaction
2026-06-15 19:53:04.645 [INFO] auth-service: Health check passed
2026-06-15 19:53:05.145 [DEBUG] database: Connection pool size 12
2026-06-15 19:53:05.645 [INFO] api-gateway: Request processed successfully in 131ms
2026-06-15 19:53:06.145 [ERROR] nginx: Upstream service unavailable
2026-06-15 19:53:06.645 [INFO] nginx: Health check passed
2026-06-15 19:53:07.145 [INFO] database: Request processed successfully in 75ms
2026-06-15 19:53:07.646 [CRITICAL] auth-service: Out of memory error - process killed
2026-06-15 19:53:08.146 [ERROR] database: Query failed - relation 'orders' does not exist
2026-06-15 19:53:08.646 [DEBUG] auth-service: Connection pool size 18
2026-06-15 19:53:09.146 [INFO] auth-service: Health check passed after recovery
2026-06-15 19:53:09.646 [INFO] api-gateway: Health check passed after recovery
2026-06-15 19:53:10.146 [ERROR] database: Connection timeout after 4183ms
2026-06-15 19:53:10.646 [INFO] nginx: Cache hit ratio 80%
2026-06-15 19:53:11.146 [DEBUG] api-gateway: Connection pool size 7
2026-06-15 19:53:11.646 [INFO] auth-service: Request processed successfully in 97ms
2026-06-15 19:53:12.147 [INFO] nginx: Request processed successfully in 85ms
2026-06-15 19:53:12.647 [INFO] api-gateway: Request processed successfully in 155ms
2026-06-15 19:53:13.147 [INFO] user-service: Request processed successfully in 96ms
2026-06-15 19:53:13.647 [ERROR] payment-service: Dependency failure from database
2026-06-15 19:53:14.147 [INFO] user-service: Health check passed
2026-06-15 19:53:14.647 [DEBUG] nginx: Connection pool size 16
2026-06-15 19:53:15.147 [INFO] redis: Health check passed
2026-06-15 19:53:15.648 [INFO] redis: Health check passed
2026-06-15 19:53:16.148 [WARNING] nginx: GC overhead limit reached
2026-06-15 19:53:16.648 [INFO] auth-service: Request processed successfully in 100ms
2026-06-15 19:53:17.148 [INFO] database: Cache hit ratio 84%
2026-06-15 19:53:17.648 [ERROR] user-service: Circuit breaker open for nginx
2026-06-15 19:53:18.148 [INFO] payment-service: Request processed successfully in 177ms
2026-06-15 19:53:18.648 [INFO] redis: Health check passed
2026-06-15 19:53:19.148 [INFO] payment-service: Cache hit ratio 93%
2026-06-15 19:53:19.648 [INFO] nginx: Health check passed
2026-06-15 19:53:20.148 [CRITICAL] database: Connection pool exhausted
2026-06-15 19:53:20.649 [WARNING] database: Memory usage 92%
2026-06-15 19:53:21.149 [INFO] database: Request processed successfully in 84ms
2026-06-15 19:53:21.649 [INFO] api-gateway: Cache hit ratio 98%
2026-06-15 19:53:22.149 [WARNING] user-service: Memory usage 91%
2026-06-15 19:53:22.649 [CRITICAL] database: Connection pool exhausted
2026-06-15 19:53:23.149 [DEBUG] payment-service: Connection pool size 20
2026-06-15 19:53:23.649 [ERROR] database: Connection timeout after 3684ms
2026-06-15 19:53:24.149 [INFO] nginx: Health check passed
2026-06-15 19:53:24.650 [ERROR] database: Connection timeout after 2192ms
2026-06-15 19:53:25.150 [DEBUG] nginx: Connection pool size 9
2026-06-15 19:53:25.650 [INFO] database: Connection pool restored
2026-06-15 19:53:26.150 [ERROR] payment-service: Circuit breaker open for api-gateway
2026-06-15 19:53:26.650 [INFO] api-gateway: Health check passed
2026-06-15 19:53:27.150 [DEBUG] nginx: Connection pool size 15
2026-06-15 19:53:27.650 [INFO] redis: Health check passed
2026-06-15 19:53:28.150 [INFO] api-gateway: Cache hit ratio 81%
2026-06-15 19:53:28.650 [WARNING] user-service: GC overhead limit reached
2026-06-15 19:53:29.150 [INFO] redis: Health check passed
2026-06-15 19:53:29.650 [INFO] payment-service: Connection pool restored
2026-06-15 19:53:30.151 [INFO] redis: Health check passed
2026-06-15 19:53:30.651 [INFO] nginx: Health check passed
2026-06-15 19:53:31.151 [INFO] nginx: Connection pool restored
2026-06-15 19:53:31.651 [INFO] database: Request processed successfully in 128ms
2026-06-15 19:53:32.151 [ERROR] redis: Dependency failure from payment-service
2026-06-15 19:53:32.651 [ERROR] database: Deadlock detected in transaction
2026-06-15 19:53:33.152 [INFO] user-service: Connection pool restored
2026-06-15 19:53:33.652 [INFO] redis: Request processed successfully in 95ms
2026-06-15 19:53:34.152 [INFO] auth-service: Cache hit ratio 84%
2026-06-15 19:53:34.652 [INFO] database: Connection pool restored
2026-06-15 19:53:35.152 [ERROR] database: Connection timeout after 1612ms
2026-06-15 19:53:35.652 [ERROR] database: Query failed - relation 'orders' does not exist
2026-06-15 19:53:36.152 [DEBUG] user-service: Connection pool size 11
2026-06-15 19:53:36.653 [INFO] payment-service: Cache hit ratio 96%
2026-06-15 19:53:37.153 [INFO] nginx: Health check passed
2026-06-15 19:53:37.653 [INFO] api-gateway: Health check passed
2026-06-15 19:53:38.153 [CRITICAL] auth-service: Service crashed
2026-06-15 19:53:38.653 [WARNING] auth-service: GC overhead limit reached
2026-06-15 19:53:39.153 [INFO] database: Cache hit ratio 89%
2026-06-15 19:53:39.653 [INFO] database: Request processed successfully in 10ms
2026-06-15 19:53:40.153 [INFO] nginx: Cache hit ratio 84%
2026-06-15 19:53:40.654 [ERROR] database: Connection timeout after 1833ms
2026-06-15 19:53:41.154 [INFO] auth-service: Request processed successfully in 77ms
2026-06-15 19:53:41.654 [DEBUG] api-gateway: Connection pool size 6
2026-06-15 19:53:42.154 [INFO] api-gateway: Cache hit ratio 97%
2026-06-15 19:53:42.654 [INFO] payment-service: Cache hit ratio 85%
2026-06-15 19:53:43.154 [INFO] payment-service: Cache hit ratio 84%
2026-06-15 19:53:43.654 [INFO] nginx: Cache hit ratio 91%
2026-06-15 19:53:44.154 [INFO] payment-service: Cache hit ratio 83%
2026-06-15 19:53:44.654 [ERROR] database: Deadlock detected in transaction
2026-06-15 19:53:45.155 [INFO] database: Request processed successfully in 70ms
2026-06-15 19:53:45.655 [ERROR] payment-service: Upstream service unavailable
2026-06-15 19:53:46.155 [DEBUG] user-service: Connection pool size 15
2026-06-15 19:53:46.655 [INFO] payment-service: Health check passed
2026-06-15 19:53:47.155 [INFO] auth-service: Health check passed
2026-06-15 19:53:47.655 [INFO] auth-service: Cache hit ratio 89%
2026-06-15 19:53:48.155 [DEBUG] database: Connection pool size 14
2026-06-15 19:53:48.655 [INFO] nginx: Health check passed
2026-06-15 19:53:49.155 [DEBUG] database: Connection pool size 6
2026-06-15 19:53:49.656 [DEBUG] user-service: Connection pool size 12
2026-06-15 19:53:50.156 [INFO] auth-service: Cache hit ratio 86%
2026-06-15 19:53:50.656 [INFO] auth-service: Cache hit ratio 91%
2026-06-15 19:53:51.156 [WARNING] auth-service: GC overhead limit reached
2026-06-15 19:53:51.656 [INFO] payment-service: Connection pool restored
2026-06-15 19:53:52.156 [INFO] redis: Health check passed after recovery
2026-06-15 19:53:52.656 [INFO] user-service: Cache hit ratio 87%
2026-06-15 19:53:53.156 [INFO] nginx: Health check passed
2026-06-15 19:53:53.656 [INFO] payment-service: Request processed successfully in 32ms
2026-06-15 19:53:54.157 [CRITICAL] auth-service: Out of memory error - process killed
2026-06-15 19:53:54.657 [INFO] database: Cache hit ratio 85%
2026-06-15 19:53:55.157 [INFO] user-service: Request processed successfully in 91ms
2026-06-15 19:53:55.657 [CRITICAL] user-service: Out of memory error - process killed
2026-06-15 19:53:56.157 [DEBUG] api-gateway: Connection pool size 17
2026-06-15 19:53:56.657 [INFO] nginx: Health check passed
2026-06-15 19:53:57.157 [WARNING] payment-service: Memory usage 86%
2026-06-15 19:53:57.657 [INFO] database: Health check passed after recovery
2026-06-15 19:53:58.157 [CRITICAL] database: Connection pool exhausted
2026-06-15 19:53:58.658 [INFO] user-service: Request processed successfully in 180ms
2026-06-15 19:53:59.158 [DEBUG] redis: Connection pool size 10
2026-06-15 19:53:59.658 [DEBUG] payment-service: Connection pool size 5
2026-06-15 19:54:00.158 [ERROR] database: Connection timeout after 4726ms
2026-06-15 19:54:00.658 [DEBUG] redis: Connection pool size 19
2026-06-15 19:54:01.158 [INFO] redis: Cache hit ratio 96%
2026-06-15 19:54:01.658 [INFO] auth-service: Health check passed
2026-06-15 19:54:02.158 [INFO] user-service: Health check passed
2026-06-15 19:54:02.658 [WARNING] user-service: Slow query detected (14s)
2026-06-15 19:54:03.158 [DEBUG] redis: Connection pool size 12
2026-06-15 19:54:03.659 [INFO] database: Request processed successfully in 150ms
2026-06-15 19:54:04.159 [INFO] database: Request processed successfully in 137ms
2026-06-15 19:54:04.659 [WARNING] nginx: Slow query detected (7s)
2026-06-15 19:54:05.159 [INFO] redis: Health check passed after recovery
2026-06-15 19:54:05.659 [DEBUG] payment-service: Connection pool size 10
2026-06-15 19:54:06.159 [INFO] api-gateway: Request processed successfully in 194ms
2026-06-15 19:54:06.659 [INFO] payment-service: Health check passed
2026-06-15 19:54:07.160 [DEBUG] api-gateway: Connection pool size 13
2026-06-15 19:54:07.660 [INFO] redis: Health check passed
2026-06-15 19:54:08.160 [DEBUG] user-service: Connection pool size 10
2026-06-15 19:54:08.660 [INFO] api-gateway: Health check passed
2026-06-15 19:54:09.160 [CRITICAL] database: Connection pool exhausted
2026-06-15 19:54:09.660 [DEBUG] payment-service: Connection pool size 15
2026-06-15 19:54:10.160 [INFO] database: Request processed successfully in 71ms
2026-06-15 19:54:10.660 [ERROR] database: Query failed - relation 'orders' does not exist
2026-06-15 19:54:11.160 [INFO] api-gateway: Service restarted successfully
2026-06-15 19:54:11.661 [INFO] auth-service: Cache hit ratio 94%
2026-06-15 19:54:12.161 [DEBUG] redis: Connection pool size 13
2026-06-15 19:54:12.661 [INFO] payment-service: Request processed successfully in 49ms
2026-06-15 19:54:13.161 [INFO] user-service: Health check passed
2026-06-15 19:54:13.661 [INFO] api-gateway: Request processed successfully in 116ms
2026-06-15 19:54:14.161 [INFO] user-service: Cache hit ratio 96%
2026-06-15 19:54:14.661 [ERROR] redis: Request timeout after 35s
2026-06-15 19:54:15.161 [INFO] api-gateway: Cache hit ratio 86%
2026-06-15 19:54:15.661 [INFO] payment-service: Health check passed
2026-06-15 19:54:16.162 [DEBUG] payment-service: Connection pool size 14
2026-06-15 19:54:16.662 [WARNING] payment-service: Memory usage 86%
2026-06-15 19:54:17.162 [ERROR] database: Connection timeout after 3995ms
2026-06-15 19:54:17.662 [DEBUG] auth-service: Connection pool size 14
2026-06-15 19:54:18.162 [INFO] nginx: Cache hit ratio 90%
2026-06-15 19:54:18.662 [INFO] nginx: Request processed successfully in 69ms
2026-06-15 19:54:19.162 [INFO] nginx: Request processed successfully in 82ms
2026-06-15 19:54:19.662 [INFO] database: Cache hit ratio 83%
2026-06-15 19:54:20.162 [INFO] database: Request processed successfully in 162ms
2026-06-15 19:54:20.663 [DEBUG] payment-service: Connection pool size 14
2026-06-15 19:54:21.163 [ERROR] user-service: Dependency failure from auth-service
2026-06-15 19:54:21.663 [WARNING] redis: Slow query detected (23s)
2026-06-15 19:54:22.163 [ERROR] auth-service: Request timeout after 38s
2026-06-15 19:54:22.663 [INFO] redis: Health check passed
2026-06-15 19:54:23.163 [DEBUG] api-gateway: Connection pool size 7
2026-06-15 19:54:23.663 [INFO] database: Service restarted successfully
2026-06-15 19:54:24.163 [DEBUG] api-gateway: Connection pool size 6
2026-06-15 19:54:24.664 [DEBUG] redis: Connection pool size 10
2026-06-15 19:54:25.164 [ERROR] api-gateway: Upstream service unavailable
2026-06-15 19:54:25.664 [INFO] auth-service: Request processed successfully in 113ms
2026-06-15 19:54:26.164 [INFO] nginx: Request processed successfully in 96ms
2026-06-15 19:54:26.664 [ERROR] database: Query failed - relation 'orders' does not exist
2026-06-15 19:54:27.164 [WARNING] nginx: Memory usage 94%
2026-06-15 19:54:27.664 [INFO] redis: Cache hit ratio 97%
2026-06-15 19:54:28.164 [INFO] payment-service: Request processed successfully in 95ms
2026-06-15 19:54:28.664 [INFO] api-gateway: Cache hit ratio 98%
2026-06-15 19:54:29.165 [INFO] user-service: Health check passed
2026-06-15 19:54:29.665 [INFO] database: Service restarted successfully
2026-06-15 19:54:30.165 [INFO] redis: Cache hit ratio 97%
2026-06-15 19:54:30.665 [INFO] auth-service: Health check passed
2026-06-15 19:54:31.165 [INFO] user-service: Health check passed
2026-06-15 19:54:31.665 [INFO] database: Request processed successfully in 142ms
2026-06-15 19:54:32.165 [DEBUG] auth-service: Connection pool size 13
2026-06-15 19:54:32.665 [DEBUG] database: Connection pool size 13
2026-06-15 19:54:33.165 [DEBUG] auth-service: Connection pool size 5
2026-06-15 19:54:33.665 [INFO] redis: Cache hit ratio 99%
2026-06-15 19:54:34.166 [INFO] auth-service: Request processed successfully in 139ms
2026-06-15 19:54:34.666 [INFO] nginx: Request processed successfully in 32ms
2026-06-15 19:54:35.166 [INFO] nginx: Cache hit ratio 84%
2026-06-15 19:54:35.666 [DEBUG] database: Connection pool size 8
2026-06-15 19:54:36.166 [INFO] database: Health check passed
2026-06-15 19:54:36.666 [INFO] payment-service: Health check passed
2026-06-15 19:54:37.166 [INFO] api-gateway: Request processed successfully in 24ms
2026-06-15 19:54:37.666 [ERROR] redis: Circuit breaker open for payment-service
2026-06-15 19:54:38.166 [DEBUG] payment-service: Connection pool size 11
2026-06-15 19:54:38.666 [INFO] redis: Health check passed
2026-06-15 19:54:39.167 [INFO] api-gateway: Request processed successfully in 93ms
2026-06-15 19:54:39.667 [DEBUG] api-gateway: Connection pool size 19
2026-06-15 19:54:40.167 [INFO] database: Request processed successfully in 123ms
2026-06-15 19:54:40.667 [ERROR] database: Query failed - relation 'orders' does not exist
2026-06-15 19:54:41.167 [INFO] payment-service: Cache hit ratio 92%
2026-06-15 19:54:41.667 [INFO] user-service: Request processed successfully in 172ms
2026-06-15 19:54:42.167 [DEBUG] auth-service: Connection pool size 8
2026-06-15 19:54:42.667 [DEBUG] api-gateway: Connection pool size 11
2026-06-15 19:54:43.167 [ERROR] database: Deadlock detected in transaction
2026-06-15 19:54:43.668 [INFO] auth-service: Cache hit ratio 83%
2026-06-15 19:54:44.168 [INFO] api-gateway: Cache hit ratio 99%
2026-06-15 19:54:44.668 [DEBUG] auth-service: Connection pool size 6
2026-06-15 19:54:45.168 [INFO] user-service: Request processed successfully in 183ms
2026-06-15 19:54:45.668 [INFO] database: Request processed successfully in 82ms
2026-06-15 19:54:46.168 [DEBUG] database: Connection pool size 9
2026-06-15 19:54:46.669 [INFO] auth-service: Health check passed
2026-06-15 19:54:47.169 [INFO] redis: Health check passed
2026-06-15 19:54:47.669 [DEBUG] database: Connection pool size 5
2026-06-15 19:54:48.169 [DEBUG] nginx: Connection pool size 8
2026-06-15 19:54:48.669 [INFO] redis: Request processed successfully in 31ms
2026-06-15 19:54:49.169 [INFO] user-service: Health check passed
2026-06-15 19:54:49.669 [INFO] payment-service: Cache hit ratio 88%
2026-06-15 19:54:50.170 [INFO] redis: Request processed successfully in 80ms
2026-06-15 19:54:50.670 [WARNING] api-gateway: GC overhead limit reached
2026-06-15 19:54:51.170 [INFO] redis: Request processed successfully in 181ms
2026-06-15 19:54:51.670 [INFO] database: Cache hit ratio 82%
2026-06-15 19:54:52.170 [DEBUG] database: Connection pool size 12
2026-06-15 19:54:52.670 [DEBUG] api-gateway: Connection pool size 5
2026-06-15 19:54:53.171 [WARNING] nginx: Memory usage 89%
2026-06-15 19:54:53.671 [DEBUG] user-service: Connection pool size 12
2026-06-15 19:54:54.171 [DEBUG] nginx: Connection pool size 12
2026-06-15 19:54:54.671 [INFO] nginx: Health check passed
2026-06-15 19:54:55.171 [INFO] database: Request processed successfully in 44ms
2026-06-15 19:54:55.671 [ERROR] database: Deadlock detected in transaction
2026-06-15 19:54:56.172 [INFO] nginx: Service restarted successfully
2026-06-15 19:54:56.672 [INFO] payment-service: Service restarted successfully
2026-06-15 19:54:57.172 [INFO] nginx: Health check passed
2026-06-15 19:54:57.672 [ERROR] database: Query failed - relation 'orders' does not exist
2026-06-15 19:54:58.172 [INFO] nginx: Health check passed after recovery
2026-06-15 19:54:58.672 [INFO] redis: Request processed successfully in 59ms
2026-06-15 19:54:59.172 [ERROR] auth-service: Circuit breaker open for database
2026-06-15 19:54:59.672 [INFO] auth-service: Service restarted successfully
2026-06-15 19:55:00.172 [INFO] nginx: Request processed successfully in 90ms
2026-06-15 19:55:00.673 [INFO] database: Cache hit ratio 97%
2026-06-15 19:55:01.173 [INFO] database: Request processed successfully in 65ms
2026-06-15 19:55:01.673 [INFO] auth-service: Request processed successfully in 42ms
2026-06-15 19:55:02.173 [INFO] auth-service: Cache hit ratio 92%
2026-06-15 19:55:02.673 [INFO] user-service: Request processed successfully in 146ms
2026-06-15 19:55:03.173 [CRITICAL] database: Connection pool exhausted
2026-06-15 19:55:03.673 [ERROR] nginx: Circuit breaker open for auth-service
2026-06-15 19:55:04.173 [INFO] redis: Cache hit ratio 98%
2026-06-15 19:55:04.674 [INFO] payment-service: Health check passed
2026-06-15 19:55:05.174 [WARNING] payment-service: Memory usage 91%
2026-06-15 19:55:05.674 [INFO] payment-service: Health check passed
2026-06-15 19:55:06.174 [ERROR] database: Deadlock detected in transaction
2026-06-15 19:55:06.674 [DEBUG] payment-service: Connection pool size 14
2026-06-15 19:55:07.174 [INFO] api-gateway: Cache hit ratio 86%
2026-06-15 19:55:07.675 [INFO] database: Health check passed
2026-06-15 19:55:08.175 [INFO] user-service: Health check passed after recovery
2026-06-15 19:55:08.675 [INFO] api-gateway: Health check passed
2026-06-15 19:55:09.175 [INFO] nginx: Health check passed after recovery
2026-06-15 19:55:09.675 [INFO] auth-service: Request processed successfully in 163ms
2026-06-15 19:55:10.175 [INFO] user-service: Request processed successfully in 156ms
2026-06-15 19:55:10.675 [INFO] api-gateway: Health check passed
2026-06-15 19:55:11.175 [CRITICAL] api-gateway: Service crashed
2026-06-15 19:55:11.675 [INFO] redis: Cache hit ratio 87%
2026-06-15 19:55:12.175 [WARNING] database: Slow query detected (25s)
2026-06-15 19:55:12.676 [ERROR] redis: Request timeout after 35s
2026-06-15 19:55:13.176 [INFO] user-service: Health check passed
2026-06-15 19:55:13.676 [INFO] redis: Connection pool restored
2026-06-15 19:55:14.176 [INFO] user-service: Request processed successfully in 159ms
2026-06-15 19:55:14.676 [INFO] redis: Health check passed
2026-06-15 19:55:15.176 [INFO] payment-service: Cache hit ratio 93%
2026-06-15 19:55:15.676 [INFO] auth-service: Cache hit ratio 98%
2026-06-15 19:55:16.176 [ERROR] api-gateway: Circuit breaker open for user-service
2026-06-15 19:55:16.677 [INFO] auth-service: Health check passed
2026-06-15 19:55:17.177 [INFO] auth-service: Health check passed
2026-06-15 19:55:17.677 [INFO] api-gateway: Request processed successfully in 96ms
2026-06-15 19:55:18.177 [ERROR] database: Deadlock detected in transaction
2026-06-15 19:55:18.677 [INFO] api-gateway: Cache hit ratio 91%
2026-06-15 19:55:19.177 [INFO] payment-service: Cache hit ratio 82%
2026-06-15 19:55:19.677 [INFO] user-service: Health check passed
2026-06-15 19:55:20.177 [INFO] user-service: Request processed successfully in 116ms
2026-06-15 19:55:20.677 [INFO] payment-service: Cache hit ratio 84%
2026-06-15 19:55:21.177 [DEBUG] database: Connection pool size 12
2026-06-15 19:55:21.677 [INFO] api-gateway: Health check passed
2026-06-15 19:55:22.178 [INFO] nginx: Health check passed
2026-06-15 19:55:22.678 [INFO] user-service: Request processed successfully in 21ms
2026-06-15 19:55:23.178 [INFO] database: Cache hit ratio 83%
2026-06-15 19:55:23.678 [DEBUG] payment-service: Connection pool size 18
2026-06-15 19:55:24.178 [DEBUG] auth-service: Connection pool size 8
2026-06-15 19:55:24.678 [INFO] payment-service: Cache hit ratio 86%
2026-06-15 19:55:25.178 [INFO] redis: Cache hit ratio 93%
2026-06-15 19:55:25.678 [INFO] auth-service: Request processed successfully in 74ms
2026-06-15 19:55:26.179 [DEBUG] nginx: Connection pool size 13
2026-06-15 19:55:26.679 [DEBUG] api-gateway: Connection pool size 8
2026-06-15 19:55:27.179 [INFO] payment-service: Cache hit ratio 86%
2026-06-15 19:55:27.679 [INFO] database: Health check passed
2026-06-15 19:55:28.179 [DEBUG] database: Connection pool size 6
2026-06-15 19:55:28.679 [ERROR] database: Deadlock detected in transaction
2026-06-15 19:55:29.180 [INFO] redis: Request processed successfully in 149ms
2026-06-15 19:55:29.680 [INFO] api-gateway: Health check passed after recovery
2026-06-15 19:55:30.180 [DEBUG] payment-service: Connection pool size 9
2026-06-15 19:55:30.680 [INFO] redis: Cache hit ratio 87%
2026-06-15 19:55:31.180 [DEBUG] nginx: Connection pool size 11
2026-06-15 19:55:31.680 [INFO] user-service: Cache hit ratio 94%
2026-06-15 19:55:32.180 [INFO] user-service: Request processed successfully in 68ms
2026-06-15 19:55:32.681 [ERROR] nginx: Request timeout after 60s
2026-06-15 19:55:33.181 [INFO] database: Cache hit ratio 91%
2026-06-15 19:55:33.681 [INFO] user-service: Cache hit ratio 86%
2026-06-15 19:55:34.181 [INFO] auth-service: Connection pool restored
2026-06-15 19:55:34.681 [WARNING] redis: Slow query detected (7s)
2026-06-15 19:55:35.181 [ERROR] payment-service: Upstream service unavailable
2026-06-15 19:55:35.681 [DEBUG] database: Connection pool size 11
2026-06-15 19:55:36.181 [CRITICAL] database: Connection pool exhausted
2026-06-15 19:55:36.682 [DEBUG] payment-service: Connection pool size 10
2026-06-15 19:55:37.182 [INFO] database: Health check passed
2026-06-15 19:55:37.682 [ERROR] database: Deadlock detected in transaction
2026-06-15 19:55:38.182 [INFO] auth-service: Request processed successfully in 137ms
2026-06-15 19:55:38.682 [INFO] auth-service: Request processed successfully in 153ms
2026-06-15 19:55:39.182 [INFO] user-service: Request processed successfully in 36ms
2026-06-15 19:55:39.682 [INFO] api-gateway: Health check passed
2026-06-15 19:55:40.182 [ERROR] nginx: Dependency failure from redis
2026-06-15 19:55:40.682 [INFO] nginx: Health check passed
2026-06-15 19:55:41.183 [ERROR] auth-service: Request timeout after 45s
2026-06-15 19:55:41.683 [INFO] nginx: Cache hit ratio 89%
2026-06-15 19:55:42.183 [INFO] api-gateway: Health check passed
2026-06-15 19:55:42.683 [DEBUG] payment-service: Connection pool size 16
2026-06-15 19:55:43.183 [INFO] nginx: Health check passed
2026-06-15 19:55:43.683 [INFO] auth-service: Cache hit ratio 99%
2026-06-15 19:55:44.183 [ERROR] payment-service: Upstream service unavailable
2026-06-15 19:55:44.683 [INFO] user-service: Request processed successfully in 180ms
2026-06-15 19:55:45.183 [ERROR] auth-service: Upstream service unavailable
2026-06-15 19:55:45.684 [INFO] auth-service: Health check passed
2026-06-15 19:55:46.184 [ERROR] database: Query failed - relation 'orders' does not exist
2026-06-15 19:55:46.684 [WARNING] api-gateway: GC overhead limit reached
2026-06-15 19:55:47.184 [DEBUG] payment-service: Connection pool size 6
2026-06-15 19:55:47.684 [ERROR] database: Connection timeout after 2991ms
2026-06-15 19:55:48.185 [ERROR] database: Connection timeout after 2542ms
2026-06-15 19:55:48.685 [CRITICAL] database: Connection pool exhausted
2026-06-15 19:55:49.185 [INFO] api-gateway: Request processed successfully in 54ms
2026-06-15 19:55:49.685 [INFO] api-gateway: Cache hit ratio 82%
2026-06-15 19:55:50.185 [DEBUG] api-gateway: Connection pool size 20
2026-06-15 19:55:50.685 [INFO] payment-service: Cache hit ratio 93%
2026-06-15 19:55:51.186 [INFO] api-gateway: Request processed successfully in 162ms
2026-06-15 19:55:51.686 [DEBUG] database: Connection pool size 11
2026-06-15 19:55:52.186 [DEBUG] auth-service: Connection pool size 20
2026-06-15 19:55:52.686 [CRITICAL] database: Connection pool exhausted
2026-06-15 19:55:53.186 [INFO] database: Health check passed
2026-06-15 19:55:53.687 [INFO] user-service: Health check passed
2026-06-15 19:55:54.187 [INFO] database: Connection pool restored
2026-06-15 19:55:54.687 [INFO] api-gateway: Service restarted successfully
2026-06-15 19:55:55.187 [ERROR] database: Deadlock detected in transaction
2026-06-15 19:55:55.687 [ERROR] database: Query failed - relation 'orders' does not exist
2026-06-15 19:55:56.187 [INFO] api-gateway: Request processed successfully in 166ms
2026-06-15 19:55:56.688 [INFO] nginx: Health check passed
2026-06-15 19:55:57.188 [INFO] nginx: Connection pool restored
2026-06-15 19:55:57.688 [INFO] user-service: Connection pool restored
2026-06-15 19:55:58.188 [INFO] auth-service: Request processed successfully in 120ms
2026-06-15 19:55:58.688 [INFO] redis: Cache hit ratio 84%
2026-06-15 19:55:59.189 [INFO] payment-service: Health check passed
2026-06-15 19:55:59.689 [INFO] nginx: Service restarted successfully
2026-06-15 19:56:00.189 [INFO] payment-service: Cache hit ratio 83%
2026-06-15 19:56:00.689 [INFO] nginx: Cache hit ratio 97%
2026-06-15 19:56:01.189 [INFO] redis: Health check passed
2026-06-15 19:56:01.689 [INFO] redis: Health check passed
2026-06-15 19:56:02.190 [WARNING] redis: Slow query detected (5s)
2026-06-15 19:56:02.690 [INFO] nginx: Health check passed
2026-06-15 19:56:03.190 [INFO] database: Health check passed after recovery
2026-06-15 19:56:03.690 [INFO] user-service: Request processed successfully in 52ms
2026-06-15 19:56:04.190 [INFO] redis: Request processed successfully in 190ms
2026-06-15 19:56:04.691 [INFO] user-service: Health check passed
2026-06-15 19:56:05.191 [DEBUG] auth-service: Connection pool size 20
2026-06-15 19:56:05.691 [INFO] auth-service: Cache hit ratio 81%
2026-06-15 19:56:06.191 [INFO] api-gateway: Cache hit ratio 80%
2026-06-15 19:56:06.691 [DEBUG] api-gateway: Connection pool size 10
2026-06-15 19:56:07.191 [ERROR] payment-service: Circuit breaker open for database
2026-06-15 19:56:07.691 [INFO] user-service: Request processed successfully in 122ms
2026-06-15 19:56:08.191 [DEBUG] auth-service: Connection pool size 17
2026-06-15 19:56:08.691 [INFO] redis: Health check passed
2026-06-15 19:56:09.192 [DEBUG] user-service: Connection pool size 8
2026-06-15 19:56:09.692 [INFO] redis: Connection pool restored
2026-06-15 19:56:10.192 [INFO] auth-service: Health check passed
2026-06-15 19:56:10.692 [INFO] nginx: Cache hit ratio 86%
2026-06-15 19:56:11.192 [INFO] auth-service: Request processed successfully in 185ms
2026-06-15 19:56:11.692 [INFO] api-gateway: Health check passed
2026-06-15 19:56:12.192 [DEBUG] database: Connection pool size 8
2026-06-15 19:56:12.692 [ERROR] database: Deadlock detected in transaction
2026-06-15 19:56:13.192 [INFO] api-gateway: Request processed successfully in 10ms
2026-06-15 19:56:13.693 [INFO] auth-service: Health check passed
2026-06-15 19:56:14.193 [DEBUG] payment-service: Connection pool size 13
2026-06-15 19:56:14.693 [DEBUG] database: Connection pool size 19
2026-06-15 19:56:15.193 [INFO] redis: Request processed successfully in 49ms
2026-06-15 19:56:15.693 [CRITICAL] database: Out of memory error - process killed
2026-06-15 19:56:16.193 [INFO] redis: Cache hit ratio 87%
2026-06-15 19:56:16.693 [ERROR] database: Query failed - relation 'orders' does not exist
2026-06-15 19:56:17.193 [INFO] database: Cache hit ratio 91%
2026-06-15 19:56:17.694 [INFO] redis: Request processed successfully in 35ms
2026-06-15 19:56:18.194 [INFO] redis: Health check passed
2026-06-15 19:56:18.694 [DEBUG] api-gateway: Connection pool size 10
2026-06-15 19:56:19.194 [INFO] database: Connection pool restored
2026-06-15 19:56:19.694 [INFO] redis: Health check passed
2026-06-15 19:56:20.194 [INFO] api-gateway: Request processed successfully in 25ms
2026-06-15 19:56:20.694 [CRITICAL] auth-service: Out of memory error - process killed
2026-06-15 19:56:21.194 [ERROR] database: Deadlock detected in transaction
2026-06-15 19:56:21.694 [DEBUG] api-gateway: Connection pool size 8
2026-06-15 19:56:22.194 [INFO] auth-service: Cache hit ratio 89%
2026-06-15 19:56:22.695 [INFO] api-gateway: Request processed successfully in 28ms
2026-06-15 19:56:23.195 [DEBUG] redis: Connection pool size 13
2026-06-15 19:56:23.695 [WARNING] redis: Memory usage 88%
2026-06-15 19:56:24.195 [INFO] auth-service: Cache hit ratio 81%
2026-06-15 19:56:24.695 [INFO] redis: Health check passed
2026-06-15 19:56:25.195 [DEBUG] nginx: Connection pool size 20
2026-06-15 19:56:25.695 [INFO] auth-service: Request processed successfully in 152ms
2026-06-15 19:56:26.196 [DEBUG] redis: Connection pool size 15
2026-06-15 19:56:26.696 [INFO] payment-service: Health check passed
2026-06-15 19:56:27.196 [INFO] redis: Health check passed
2026-06-15 19:56:27.696 [INFO] payment-service: Request processed successfully in 59ms
2026-06-15 19:56:28.196 [INFO] database: Cache hit ratio 91%
2026-06-15 19:56:28.696 [WARNING] redis: GC overhead limit reached
2026-06-15 19:56:29.196 [INFO] api-gateway: Cache hit ratio 97%
2026-06-15 19:56:29.697 [INFO] database: Cache hit ratio 85%
2026-06-15 19:56:30.197 [INFO] database: Request processed successfully in 116ms
2026-06-15 19:56:30.697 [INFO] api-gateway: Cache hit ratio 84%
2026-06-15 19:56:31.197 [DEBUG] payment-service: Connection pool size 20
2026-06-15 19:56:31.697 [WARNING] nginx: Slow query detected (27s)
2026-06-15 19:56:32.197 [INFO] nginx: Request processed successfully in 148ms
2026-06-15 19:56:32.698 [INFO] api-gateway: Request processed successfully in 13ms
2026-06-15 19:56:33.198 [ERROR] api-gateway: Dependency failure from nginx
2026-06-15 19:56:33.698 [DEBUG] user-service: Connection pool size 15
2026-06-15 19:56:34.198 [INFO] api-gateway: Cache hit ratio 99%
2026-06-15 19:56:34.698 [INFO] redis: Cache hit ratio 96%
2026-06-15 19:56:35.198 [INFO] database: Request processed successfully in 60ms
2026-06-15 19:56:35.698 [DEBUG] nginx: Connection pool size 9
2026-06-15 19:56:36.198 [DEBUG] database: Connection pool size 16
2026-06-15 19:56:36.699 [DEBUG] redis: Connection pool size 14
2026-06-15 19:56:37.199 [ERROR] database: Deadlock detected in transaction
2026-06-15 19:56:37.699 [INFO] nginx: Health check passed
2026-06-15 19:56:38.199 [INFO] payment-service: Request processed successfully in 60ms
2026-06-15 19:56:38.699 [ERROR] database: Query failed - relation 'orders' does not exist
2026-06-15 19:56:39.199 [INFO] redis: Request processed successfully in 80ms
2026-06-15 19:56:39.699 [INFO] user-service: Request processed successfully in 154ms
2026-06-15 19:56:40.199 [DEBUG] payment-service: Connection pool size 17
2026-06-15 19:56:40.699 [INFO] user-service: Cache hit ratio 91%
2026-06-15 19:56:41.199 [INFO] user-service: Health check passed
2026-06-15 19:56:41.700 [DEBUG] auth-service: Connection pool size 9
2026-06-15 19:56:42.200 [INFO] database: Health check passed
2026-06-15 19:56:42.700 [DEBUG] payment-service: Connection pool size 11
2026-06-15 19:56:43.200 [ERROR] database: Connection timeout after 3405ms
2026-06-15 19:56:43.700 [INFO] user-service: Health check passed
2026-06-15 19:56:44.200 [INFO] database: Health check passed
2026-06-15 19:56:44.700 [INFO] api-gateway: Request processed successfully in 139ms
2026-06-15 19:56:45.200 [INFO] user-service: Cache hit ratio 86%
2026-06-15 19:56:45.701 [INFO] api-gateway: Cache hit ratio 99%
2026-06-15 19:56:46.201 [INFO] auth-service: Health check passed
2026-06-15 19:56:46.701 [WARNING] api-gateway: GC overhead limit reached
2026-06-15 19:56:47.201 [WARNING] database: Memory usage 85%
2026-06-15 19:56:47.701 [INFO] user-service: Health check passed
2026-06-15 19:56:48.201 [INFO] auth-service: Request processed successfully in 65ms
2026-06-15 19:56:48.701 [INFO] payment-service: Cache hit ratio 84%
2026-06-15 19:56:49.201 [ERROR] database: Circuit breaker open for auth-service
2026-06-15 19:56:49.701 [INFO] user-service: Cache hit ratio 95%
2026-06-15 19:56:50.201 [CRITICAL] auth-service: Out of memory error - process killed
2026-06-15 19:56:50.701 [INFO] payment-service: Request processed successfully in 77ms
2026-06-15 19:56:51.202 [INFO] redis: Request processed successfully in 172ms
2026-06-15 19:56:51.702 [INFO] api-gateway: Request processed successfully in 164ms
2026-06-15 19:56:52.202 [INFO] api-gateway: Health check passed
2026-06-15 19:56:52.702 [INFO] redis: Cache hit ratio 80%
2026-06-15 19:56:53.202 [DEBUG] redis: Connection pool size 18
2026-06-15 19:56:53.702 [INFO] redis: Request processed successfully in 179ms
2026-06-15 19:56:54.203 [INFO] nginx: Cache hit ratio 95%
2026-06-15 19:56:54.703 [DEBUG] api-gateway: Connection pool size 5
2026-06-15 19:56:55.203 [ERROR] database: Connection timeout after 2925ms
2026-06-15 19:56:55.703 [INFO] database: Request processed successfully in 116ms
2026-06-15 19:56:56.203 [INFO] redis: Request processed successfully in 38ms
2026-06-15 19:56:56.703 [DEBUG] user-service: Connection pool size 17
2026-06-15 19:56:57.203 [INFO] payment-service: Cache hit ratio 83%
2026-06-15 19:56:57.703 [INFO] api-gateway: Cache hit ratio 89%
2026-06-15 19:56:58.203 [INFO] redis: Health check passed
2026-06-15 19:56:58.704 [CRITICAL] nginx: Out of memory error - process killed
2026-06-15 19:56:59.204 [INFO] api-gateway: Request processed successfully in 188ms
2026-06-15 19:56:59.704 [INFO] user-service: Health check passed
2026-06-15 19:57:00.204 [INFO] user-service: Service restarted successfully
2026-06-15 19:57:00.704 [WARNING] database: Slow query detected (11s)
2026-06-15 19:57:01.204 [INFO] database: Health check passed
2026-06-15 19:57:01.704 [DEBUG] user-service: Connection pool size 5
2026-06-15 19:57:02.204 [DEBUG] nginx: Connection pool size 19
2026-06-15 19:57:02.704 [INFO] database: Request processed successfully in 186ms
2026-06-15 19:57:03.204 [INFO] payment-service: Request processed successfully in 139ms
2026-06-15 19:57:03.705 [INFO] auth-service: Cache hit ratio 81%
2026-06-15 19:57:04.205 [DEBUG] nginx: Connection pool size 13
2026-06-15 19:57:04.705 [ERROR] nginx: Request timeout after 33s
2026-06-15 19:57:05.205 [INFO] payment-service: Health check passed after recovery
2026-06-15 19:57:05.705 [INFO] payment-service: Cache hit ratio 81%
2026-06-15 19:57:06.205 [DEBUG] auth-service: Connection pool size 14
2026-06-15 19:57:06.705 [INFO] redis: Request processed successfully in 44ms
2026-06-15 19:57:07.206 [ERROR] database: Connection timeout after 4835ms
2026-06-15 19:57:07.706 [INFO] payment-service: Cache hit ratio 81%
2026-06-15 19:57:08.206 [INFO] payment-service: Cache hit ratio 81%
2026-06-15 19:57:08.706 [INFO] payment-service: Request processed successfully in 99ms
2026-06-15 19:57:09.206 [INFO] auth-service: Request processed successfully in 170ms
2026-06-15 19:57:09.706 [DEBUG] user-service: Connection pool size 16
2026-06-15 19:57:10.206 [DEBUG] auth-service: Connection pool size 20
2026-06-15 19:57:10.706 [INFO] api-gateway: Request processed successfully in 188ms
2026-06-15 19:57:11.207 [INFO] payment-service: Request processed successfully in 172ms
2026-06-15 19:57:11.707 [INFO] api-gateway: Health check passed
2026-06-15 19:57:12.207 [INFO] nginx: Cache hit ratio 94%
2026-06-15 19:57:12.707 [ERROR] database: Connection timeout after 4396ms
2026-06-15 19:57:13.207 [DEBUG] auth-service: Connection pool size 17
2026-06-15 19:57:13.707 [CRITICAL] database: Connection pool exhausted
2026-06-15 19:57:14.207 [ERROR] database: Query failed - relation 'orders' does not exist
2026-06-15 19:57:14.707 [ERROR] database: Deadlock detected in transaction
2026-06-15 19:57:15.208 [WARNING] database: GC overhead limit reached
2026-06-15 19:57:15.708 [DEBUG] user-service: Connection pool size 10
2026-06-15 19:57:16.208 [CRITICAL] database: Connection pool exhausted
2026-06-15 19:57:16.708 [WARNING] redis: Memory usage 92%
2026-06-15 19:57:17.208 [INFO] user-service: Request processed successfully in 151ms
2026-06-15 19:57:17.708 [INFO] database: Request processed successfully in 10ms
2026-06-15 19:57:18.208 [INFO] redis: Request processed successfully in 123ms
2026-06-15 19:57:18.708 [DEBUG] user-service: Connection pool size 18
2026-06-15 19:57:19.208 [ERROR] database: Deadlock detected in transaction
2026-06-15 19:57:19.709 [INFO] nginx: Service restarted successfully
2026-06-15 19:57:20.209 [INFO] database: Cache hit ratio 84%
2026-06-15 19:57:20.709 [INFO] auth-service: Health check passed
2026-06-15 19:57:21.209 [ERROR] redis: Upstream service unavailable
2026-06-15 19:57:21.709 [INFO] payment-service: Cache hit ratio 80%
2026-06-15 19:57:22.210 [INFO] auth-service: Request processed successfully in 96ms
2026-06-15 19:57:22.710 [INFO] database: Cache hit ratio 90%
2026-06-15 19:57:23.210 [INFO] payment-service: Cache hit ratio 83%
2026-06-15 19:57:23.710 [DEBUG] payment-service: Connection pool size 20
2026-06-15 19:57:24.210 [INFO] payment-service: Request processed successfully in 75ms
2026-06-15 19:57:24.711 [INFO] nginx: Cache hit ratio 91%
2026-06-15 19:57:25.211 [INFO] redis: Cache hit ratio 93%
2026-06-15 19:57:25.711 [INFO] database: Request processed successfully in 86ms
2026-06-15 19:57:26.211 [INFO] user-service: Cache hit ratio 85%
2026-06-15 19:57:26.711 [INFO] database: Cache hit ratio 94%
2026-06-15 19:57:27.211 [INFO] api-gateway: Health check passed
2026-06-15 19:57:27.711 [WARNING] user-service: Slow query detected (18s)
2026-06-15 19:57:28.211 [CRITICAL] database: Out of memory error - process killed
2026-06-15 19:57:28.711 [INFO] user-service: Cache hit ratio 87%
2026-06-15 19:57:29.212 [INFO] api-gateway: Request processed successfully in 155ms
2026-06-15 19:57:29.712 [WARNING] redis: GC overhead limit reached
2026-06-15 19:57:30.212 [CRITICAL] auth-service: Out of memory error - process killed
2026-06-15 19:57:30.712 [INFO] redis: Service restarted successfully
2026-06-15 19:57:31.212 [DEBUG] nginx: Connection pool size 9
2026-06-15 19:57:31.712 [INFO] payment-service: Cache hit ratio 97%
2026-06-15 19:57:32.212 [ERROR] database: Query failed - relation 'orders' does not exist
2026-06-15 19:57:32.712 [DEBUG] redis: Connection pool size 15
2026-06-15 19:57:33.212 [INFO] redis: Cache hit ratio 88%
2026-06-15 19:57:33.713 [CRITICAL] database: Connection pool exhausted
2026-06-15 19:57:34.213 [INFO] auth-service: Request processed successfully in 76ms
2026-06-15 19:57:34.713 [INFO] redis: Health check passed
2026-06-15 19:57:35.213 [INFO] payment-service: Cache hit ratio 98%
2026-06-15 19:57:35.713 [WARNING] redis: Slow query detected (30s)
2026-06-15 19:57:36.213 [INFO] user-service: Health check passed
2026-06-15 19:57:36.713 [WARNING] payment-service: GC overhead limit reached
2026-06-15 19:57:37.213 [INFO] payment-service: Request processed successfully in 79ms
2026-06-15 19:57:37.714 [INFO] api-gateway: Cache hit ratio 86%
2026-06-15 19:57:38.214 [INFO] user-service: Health check passed
2026-06-15 19:57:38.714 [WARNING] nginx: GC overhead limit reached
2026-06-15 19:57:39.214 [INFO] payment-service: Cache hit ratio 87%
2026-06-15 19:57:39.714 [INFO] payment-service: Cache hit ratio 85%
2026-06-15 19:57:40.214 [INFO] payment-service: Health check passed
2026-06-15 19:57:40.714 [WARNING] nginx: Slow query detected (19s)
2026-06-15 19:57:41.214 [INFO] user-service: Cache hit ratio 98%
2026-06-15 19:57:41.714 [DEBUG] nginx: Connection pool size 10
2026-06-15 19:57:42.214 [DEBUG] payment-service: Connection pool size 18
2026-06-15 19:57:42.715 [DEBUG] api-gateway: Connection pool size 17
2026-06-15 19:57:43.215 [DEBUG] database: Connection pool size 7
2026-06-15 19:57:43.715 [INFO] database: Request processed successfully in 125ms
2026-06-15 19:57:44.215 [INFO] nginx: Cache hit ratio 90%
2026-06-15 19:57:44.715 [INFO] auth-service: Request processed successfully in 110ms
2026-06-15 19:57:45.215 [DEBUG] api-gateway: Connection pool size 17
2026-06-15 19:57:45.715 [CRITICAL] database: Connection pool exhausted
2026-06-15 19:57:46.216 [ERROR] database: Deadlock detected in transaction
2026-06-15 19:57:46.716 [INFO] payment-service: Cache hit ratio 97%
2026-06-15 19:57:47.216 [ERROR] user-service: Request timeout after 52s
2026-06-15 19:57:47.716 [INFO] redis: Health check passed
2026-06-15 19:57:48.216 [ERROR] redis: Circuit breaker open for api-gateway
2026-06-15 19:57:48.716 [INFO] payment-service: Request processed successfully in 74ms
2026-06-15 19:57:49.216 [INFO] database: Request processed successfully in 55ms
2026-06-15 19:57:49.716 [INFO] api-gateway: Request processed successfully in 172ms
2026-06-15 19:57:50.217 [INFO] redis: Health check passed
2026-06-15 19:57:50.717 [INFO] nginx: Request processed successfully in 94ms
2026-06-15 19:57:51.217 [DEBUG] auth-service: Connection pool size 10
2026-06-15 19:57:51.717 [INFO] nginx: Health check passed
2026-06-15 19:57:52.217 [DEBUG] auth-service: Connection pool size 7
2026-06-15 19:57:52.717 [ERROR] database: Query failed - relation 'orders' does not exist
2026-06-15 19:57:53.217 [INFO] auth-service: Request processed successfully in 155ms
2026-06-15 19:57:53.717 [INFO] redis: Health check passed
2026-06-15 19:57:54.217 [INFO] auth-service: Health check passed
2026-06-15 19:57:54.718 [DEBUG] database: Connection pool size 15
2026-06-15 19:57:55.218 [ERROR] database: Query failed - relation 'orders' does not exist
2026-06-15 19:57:55.718 [INFO] database: Health check passed
2026-06-15 19:57:56.218 [ERROR] database: Deadlock detected in transaction
2026-06-15 19:57:56.718 [ERROR] nginx: Upstream service unavailable
2026-06-15 19:57:57.218 [INFO] user-service: Cache hit ratio 82%
2026-06-15 19:57:57.718 [INFO] api-gateway: Health check passed after recovery
2026-06-15 19:57:58.218 [INFO] database: Cache hit ratio 99%
2026-06-15 19:57:58.718 [INFO] auth-service: Cache hit ratio 81%
2026-06-15 19:57:59.218 [INFO] redis: Request processed successfully in 68ms
2026-06-15 19:57:59.719 [ERROR] auth-service: Request timeout after 37s
2026-06-15 19:58:00.219 [INFO] api-gateway: Cache hit ratio 95%
2026-06-15 19:58:00.719 [ERROR] database: Connection timeout after 1516ms
2026-06-15 19:58:01.219 [INFO] auth-service: Health check passed
2026-06-15 19:58:01.719 [INFO] api-gateway: Request processed successfully in 85ms
2026-06-15 19:58:02.219 [CRITICAL] database: Out of memory error - process killed
2026-06-15 19:58:02.719 [INFO] redis: Connection pool restored
2026-06-15 19:58:03.219 [DEBUG] nginx: Connection pool size 7
2026-06-15 19:58:03.719 [INFO] auth-service: Cache hit ratio 80%
2026-06-15 19:58:04.220 [ERROR] auth-service: Request timeout after 35s
2026-06-15 19:58:04.720 [DEBUG] database: Connection pool size 7
2026-06-15 19:58:05.220 [INFO] user-service: Request processed successfully in 10ms
2026-06-15 19:58:05.720 [INFO] nginx: Request processed successfully in 158ms
2026-06-15 19:58:06.220 [INFO] auth-service: Request processed successfully in 129ms
2026-06-15 19:58:06.720 [INFO] nginx: Request processed successfully in 93ms
2026-06-15 19:58:07.221 [INFO] redis: Request processed successfully in 135ms
2026-06-15 19:58:07.721 [DEBUG] user-service: Connection pool size 11
2026-06-15 19:58:08.221 [INFO] user-service: Request processed successfully in 23ms
2026-06-15 19:58:08.721 [INFO] payment-service: Request processed successfully in 113ms
2026-06-15 19:58:09.221 [DEBUG] payment-service: Connection pool size 18
2026-06-15 19:58:09.721 [INFO] redis: Request processed successfully in 182ms
2026-06-15 19:58:10.221 [INFO] redis: Health check passed after recovery
2026-06-15 19:58:10.721 [DEBUG] auth-service: Connection pool size 10
2026-06-15 19:58:11.222 [CRITICAL] database: Connection pool exhausted
2026-06-15 19:58:11.722 [INFO] auth-service: Request processed successfully in 94ms
2026-06-15 19:58:12.222 [DEBUG] payment-service: Connection pool size 5
2026-06-15 19:58:12.722 [INFO] api-gateway: Request processed successfully in 21ms
2026-06-15 19:58:13.222 [INFO] payment-service: Request processed successfully in 74ms
2026-06-15 19:58:13.722 [INFO] auth-service: Request processed successfully in 122ms
2026-06-15 19:58:14.222 [INFO] payment-service: Request processed successfully in 160ms
2026-06-15 19:58:14.722 [DEBUG] nginx: Connection pool size 13
2026-06-15 19:58:15.223 [DEBUG] nginx: Connection pool size 9
2026-06-15 19:58:15.723 [ERROR] auth-service: Request timeout after 41s
2026-06-15 19:58:16.223 [INFO] payment-service: Cache hit ratio 98%
2026-06-15 19:58:16.723 [INFO] redis: Health check passed
2026-06-15 19:58:17.223 [INFO] user-service: Request processed successfully in 15ms
