2026-06-15 19:15:09.263 [WARNING] database: Memory usage 90%
2026-06-15 19:15:09.764 [INFO] database: Cache hit ratio 86%
2026-06-15 19:15:10.264 [INFO] nginx: Health check passed after recovery
2026-06-15 19:15:10.764 [INFO] redis: Health check passed
2026-06-15 19:15:11.264 [INFO] api-gateway: Request processed successfully in 21ms
2026-06-15 19:15:11.764 [INFO] api-gateway: Cache hit ratio 88%
2026-06-15 19:15:12.264 [CRITICAL] database: Connection pool exhausted
2026-06-15 19:15:12.764 [CRITICAL] nginx: Out of memory error - process killed
2026-06-15 19:15:13.265 [ERROR] database: Query failed - relation 'orders' does not exist
2026-06-15 19:15:13.765 [INFO] database: Cache hit ratio 96%
2026-06-15 19:15:14.265 [INFO] payment-service: Connection pool restored
2026-06-15 19:15:14.765 [INFO] redis: Cache hit ratio 83%
2026-06-15 19:15:15.265 [INFO] api-gateway: Cache hit ratio 80%
2026-06-15 19:15:15.765 [INFO] nginx: Health check passed
2026-06-15 19:15:16.265 [ERROR] database: Deadlock detected in transaction
2026-06-15 19:15:16.765 [DEBUG] redis: Connection pool size 6
2026-06-15 19:15:17.266 [DEBUG] auth-service: Connection pool size 12
2026-06-15 19:15:17.766 [INFO] user-service: Request processed successfully in 73ms
2026-06-15 19:15:18.266 [INFO] auth-service: Request processed successfully in 86ms
2026-06-15 19:15:18.766 [ERROR] database: Connection timeout after 2795ms
2026-06-15 19:15:19.266 [INFO] database: Cache hit ratio 81%
2026-06-15 19:15:19.766 [INFO] redis: Request processed successfully in 44ms
2026-06-15 19:15:20.266 [INFO] payment-service: Cache hit ratio 93%
2026-06-15 19:15:20.766 [DEBUG] api-gateway: Connection pool size 5
2026-06-15 19:15:21.267 [ERROR] nginx: Request timeout after 53s
2026-06-15 19:15:21.767 [INFO] database: Connection pool restored
2026-06-15 19:15:22.267 [INFO] auth-service: Request processed successfully in 48ms
2026-06-15 19:15:22.767 [CRITICAL] database: Connection pool exhausted
2026-06-15 19:15:23.267 [INFO] api-gateway: Health check passed
2026-06-15 19:15:23.767 [DEBUG] payment-service: Connection pool size 19
2026-06-15 19:15:24.268 [DEBUG] payment-service: Connection pool size 16
2026-06-15 19:15:24.768 [INFO] nginx: Health check passed after recovery
2026-06-15 19:15:25.268 [DEBUG] api-gateway: Connection pool size 10
2026-06-15 19:15:25.768 [ERROR] database: Query failed - relation 'orders' does not exist
2026-06-15 19:15:26.268 [DEBUG] user-service: Connection pool size 11
2026-06-15 19:15:26.768 [INFO] payment-service: Cache hit ratio 85%
2026-06-15 19:15:27.268 [INFO] nginx: Health check passed
2026-06-15 19:15:27.769 [ERROR] database: Connection timeout after 4120ms
2026-06-15 19:15:28.269 [INFO] redis: Cache hit ratio 93%
2026-06-15 19:15:28.769 [INFO] payment-service: Health check passed
2026-06-15 19:15:29.269 [WARNING] payment-service: Slow query detected (10s)
2026-06-15 19:15:29.769 [DEBUG] auth-service: Connection pool size 8
2026-06-15 19:15:30.269 [INFO] user-service: Cache hit ratio 99%
2026-06-15 19:15:30.769 [INFO] database: Cache hit ratio 94%
2026-06-15 19:15:31.270 [ERROR] database: Query failed - relation 'orders' does not exist
2026-06-15 19:15:31.770 [INFO] auth-service: Cache hit ratio 88%
2026-06-15 19:15:32.270 [INFO] user-service: Cache hit ratio 86%
2026-06-15 19:15:32.770 [DEBUG] redis: Connection pool size 20
2026-06-15 19:15:33.270 [INFO] auth-service: Request processed successfully in 56ms
2026-06-15 19:15:33.770 [WARNING] auth-service: Memory usage 91%
2026-06-15 19:15:34.270 [DEBUG] nginx: Connection pool size 11
2026-06-15 19:15:34.770 [INFO] user-service: Health check passed
2026-06-15 19:15:35.271 [ERROR] database: Query failed - relation 'orders' does not exist
2026-06-15 19:15:35.771 [DEBUG] nginx: Connection pool size 14
2026-06-15 19:15:36.271 [INFO] database: Request processed successfully in 18ms
2026-06-15 19:15:36.771 [ERROR] database: Request timeout after 36s
2026-06-15 19:15:37.271 [CRITICAL] database: Connection pool exhausted
2026-06-15 19:15:37.771 [INFO] api-gateway: Health check passed
2026-06-15 19:15:38.272 [INFO] payment-service: Cache hit ratio 98%
2026-06-15 19:15:38.772 [INFO] auth-service: Cache hit ratio 89%
2026-06-15 19:15:39.272 [WARNING] api-gateway: GC overhead limit reached
2026-06-15 19:15:39.772 [DEBUG] redis: Connection pool size 10
2026-06-15 19:15:40.272 [INFO] payment-service: Cache hit ratio 87%
2026-06-15 19:15:40.772 [INFO] nginx: Health check passed
2026-06-15 19:15:41.272 [INFO] api-gateway: Request processed successfully in 186ms
2026-06-15 19:15:41.773 [ERROR] database: Query failed - relation 'orders' does not exist
2026-06-15 19:15:42.273 [DEBUG] nginx: Connection pool size 19
2026-06-15 19:15:42.773 [ERROR] database: Deadlock detected in transaction
2026-06-15 19:15:43.273 [INFO] redis: Connection pool restored
2026-06-15 19:15:43.773 [DEBUG] database: Connection pool size 17
2026-06-15 19:15:44.273 [INFO] payment-service: Request processed successfully in 142ms
2026-06-15 19:15:44.773 [ERROR] database: Deadlock detected in transaction
2026-06-15 19:15:45.274 [ERROR] database: Deadlock detected in transaction
2026-06-15 19:15:45.774 [ERROR] database: Connection timeout after 1475ms
2026-06-15 19:15:46.274 [INFO] nginx: Request processed successfully in 60ms
2026-06-15 19:15:46.774 [INFO] auth-service: Health check passed after recovery
2026-06-15 19:15:47.274 [DEBUG] auth-service: Connection pool size 12
2026-06-15 19:15:47.774 [INFO] user-service: Request processed successfully in 10ms
2026-06-15 19:15:48.274 [INFO] auth-service: Cache hit ratio 96%
2026-06-15 19:15:48.774 [INFO] redis: Service restarted successfully
2026-06-15 19:15:49.274 [ERROR] payment-service: Request timeout after 39s
2026-06-15 19:15:49.774 [CRITICAL] api-gateway: Out of memory error - process killed
2026-06-15 19:15:50.275 [DEBUG] database: Connection pool size 12
2026-06-15 19:15:50.775 [INFO] redis: Cache hit ratio 81%
2026-06-15 19:15:51.275 [INFO] nginx: Request processed successfully in 38ms
2026-06-15 19:15:51.775 [ERROR] database: Deadlock detected in transaction
2026-06-15 19:15:52.275 [INFO] user-service: Health check passed
2026-06-15 19:15:52.775 [INFO] payment-service: Cache hit ratio 85%
2026-06-15 19:15:53.275 [INFO] nginx: Health check passed
2026-06-15 19:15:53.775 [INFO] nginx: Connection pool restored
2026-06-15 19:15:54.276 [ERROR] payment-service: Upstream service unavailable
2026-06-15 19:15:54.776 [INFO] payment-service: Health check passed
2026-06-15 19:15:55.276 [DEBUG] payment-service: Connection pool size 9
2026-06-15 19:15:55.776 [INFO] database: Health check passed
2026-06-15 19:15:56.276 [INFO] auth-service: Health check passed
2026-06-15 19:15:56.776 [INFO] payment-service: Request processed successfully in 152ms
2026-06-15 19:15:57.276 [INFO] auth-service: Health check passed
2026-06-15 19:15:57.777 [INFO] payment-service: Health check passed
2026-06-15 19:15:58.277 [DEBUG] nginx: Connection pool size 20
2026-06-15 19:15:58.777 [DEBUG] redis: Connection pool size 14
2026-06-15 19:15:59.277 [INFO] payment-service: Cache hit ratio 96%
2026-06-15 19:15:59.777 [INFO] auth-service: Cache hit ratio 93%
2026-06-15 19:16:00.277 [DEBUG] auth-service: Connection pool size 19
2026-06-15 19:16:00.777 [INFO] user-service: Connection pool restored
2026-06-15 19:16:01.277 [INFO] nginx: Cache hit ratio 88%
2026-06-15 19:16:01.777 [DEBUG] user-service: Connection pool size 18
2026-06-15 19:16:02.278 [ERROR] payment-service: Request timeout after 36s
2026-06-15 19:16:02.778 [INFO] nginx: Health check passed
2026-06-15 19:16:03.278 [INFO] redis: Request processed successfully in 73ms
2026-06-15 19:16:03.778 [INFO] database: Service restarted successfully
2026-06-15 19:16:04.278 [DEBUG] payment-service: Connection pool size 19
2026-06-15 19:16:04.778 [INFO] auth-service: Request processed successfully in 32ms
2026-06-15 19:16:05.278 [DEBUG] api-gateway: Connection pool size 14
2026-06-15 19:16:05.779 [INFO] api-gateway: Request processed successfully in 152ms
2026-06-15 19:16:06.279 [INFO] payment-service: Cache hit ratio 85%
2026-06-15 19:16:06.779 [ERROR] database: Connection timeout after 2679ms
2026-06-15 19:16:07.279 [DEBUG] api-gateway: Connection pool size 6
2026-06-15 19:16:07.779 [INFO] api-gateway: Health check passed
2026-06-15 19:16:08.279 [INFO] payment-service: Service restarted successfully
2026-06-15 19:16:08.779 [INFO] auth-service: Request processed successfully in 199ms
2026-06-15 19:16:09.279 [ERROR] api-gateway: Upstream service unavailable
2026-06-15 19:16:09.780 [INFO] redis: Health check passed
2026-06-15 19:16:10.280 [INFO] redis: Request processed successfully in 92ms
2026-06-15 19:16:10.780 [INFO] redis: Request processed successfully in 174ms
2026-06-15 19:16:11.280 [INFO] user-service: Cache hit ratio 93%
2026-06-15 19:16:11.780 [INFO] nginx: Connection pool restored
2026-06-15 19:16:12.280 [INFO] user-service: Cache hit ratio 81%
2026-06-15 19:16:12.780 [INFO] payment-service: Cache hit ratio 92%
2026-06-15 19:16:13.280 [DEBUG] redis: Connection pool size 19
2026-06-15 19:16:13.780 [INFO] redis: Cache hit ratio 98%
2026-06-15 19:16:14.280 [ERROR] database: Deadlock detected in transaction
2026-06-15 19:16:14.781 [INFO] redis: Health check passed
2026-06-15 19:16:15.281 [CRITICAL] database: Connection pool exhausted
2026-06-15 19:16:15.781 [INFO] redis: Cache hit ratio 92%
2026-06-15 19:16:16.281 [ERROR] nginx: Upstream service unavailable
2026-06-15 19:16:16.781 [INFO] redis: Request processed successfully in 78ms
2026-06-15 19:16:17.281 [INFO] payment-service: Cache hit ratio 86%
2026-06-15 19:16:17.781 [DEBUG] auth-service: Connection pool size 17
2026-06-15 19:16:18.281 [INFO] database: Request processed successfully in 82ms
2026-06-15 19:16:18.782 [INFO] api-gateway: Health check passed
2026-06-15 19:16:19.282 [INFO] nginx: Cache hit ratio 81%
2026-06-15 19:16:19.782 [INFO] redis: Cache hit ratio 96%
2026-06-15 19:16:20.282 [INFO] api-gateway: Request processed successfully in 67ms
2026-06-15 19:16:20.782 [INFO] nginx: Cache hit ratio 87%
2026-06-15 19:16:21.282 [INFO] user-service: Health check passed
2026-06-15 19:16:21.782 [INFO] redis: Cache hit ratio 84%
2026-06-15 19:16:22.282 [ERROR] payment-service: Request timeout after 47s
2026-06-15 19:16:22.782 [INFO] redis: Request processed successfully in 190ms
2026-06-15 19:16:23.282 [DEBUG] user-service: Connection pool size 17
2026-06-15 19:16:23.783 [CRITICAL] redis: Out of memory error - process killed
2026-06-15 19:16:24.283 [INFO] auth-service: Request processed successfully in 73ms
2026-06-15 19:16:24.783 [INFO] user-service: Cache hit ratio 87%
2026-06-15 19:16:25.283 [INFO] database: Cache hit ratio 99%
2026-06-15 19:16:25.783 [INFO] payment-service: Health check passed after recovery
2026-06-15 19:16:26.283 [CRITICAL] database: Connection pool exhausted
2026-06-15 19:16:26.783 [INFO] redis: Cache hit ratio 95%
2026-06-15 19:16:27.284 [INFO] payment-service: Cache hit ratio 80%
2026-06-15 19:16:27.784 [INFO] database: Cache hit ratio 95%
2026-06-15 19:16:28.284 [INFO] nginx: Health check passed
2026-06-15 19:16:28.784 [INFO] user-service: Health check passed
2026-06-15 19:16:29.284 [INFO] database: Health check passed
2026-06-15 19:16:29.784 [INFO] api-gateway: Cache hit ratio 92%
2026-06-15 19:16:30.284 [DEBUG] payment-service: Connection pool size 9
2026-06-15 19:16:30.784 [INFO] api-gateway: Request processed successfully in 62ms
2026-06-15 19:16:31.284 [INFO] redis: Cache hit ratio 87%
2026-06-15 19:16:31.784 [ERROR] payment-service: Request timeout after 47s
2026-06-15 19:16:32.284 [INFO] user-service: Request processed successfully in 85ms
2026-06-15 19:16:32.785 [INFO] nginx: Cache hit ratio 87%
2026-06-15 19:16:33.285 [ERROR] nginx: Circuit breaker open for database
2026-06-15 19:16:33.785 [ERROR] api-gateway: Request timeout after 31s
2026-06-15 19:16:34.285 [DEBUG] payment-service: Connection pool size 19
2026-06-15 19:16:34.785 [DEBUG] api-gateway: Connection pool size 14
2026-06-15 19:16:35.285 [INFO] nginx: Cache hit ratio 81%
2026-06-15 19:16:35.785 [DEBUG] nginx: Connection pool size 8
2026-06-15 19:16:36.286 [CRITICAL] payment-service: Out of memory error - process killed
2026-06-15 19:16:36.786 [INFO] auth-service: Cache hit ratio 94%
2026-06-15 19:16:37.286 [INFO] redis: Request processed successfully in 121ms
2026-06-15 19:16:37.786 [INFO] user-service: Request processed successfully in 76ms
2026-06-15 19:16:38.286 [INFO] payment-service: Service restarted successfully
2026-06-15 19:16:38.786 [INFO] nginx: Health check passed
2026-06-15 19:16:39.286 [INFO] api-gateway: Health check passed
2026-06-15 19:16:39.786 [INFO] user-service: Cache hit ratio 89%
2026-06-15 19:16:40.287 [INFO] auth-service: Cache hit ratio 80%
2026-06-15 19:16:40.787 [INFO] database: Health check passed
2026-06-15 19:16:41.287 [INFO] auth-service: Request processed successfully in 65ms
2026-06-15 19:16:41.787 [ERROR] auth-service: Request timeout after 32s
2026-06-15 19:16:42.287 [DEBUG] payment-service: Connection pool size 12
2026-06-15 19:16:42.787 [INFO] api-gateway: Cache hit ratio 98%
2026-06-15 19:16:43.287 [INFO] auth-service: Cache hit ratio 80%
2026-06-15 19:16:43.787 [INFO] redis: Cache hit ratio 89%
2026-06-15 19:16:44.287 [INFO] redis: Cache hit ratio 97%
2026-06-15 19:16:44.788 [INFO] redis: Request processed successfully in 28ms
2026-06-15 19:16:45.288 [CRITICAL] api-gateway: Service crashed
2026-06-15 19:16:45.788 [INFO] user-service: Request processed successfully in 161ms
2026-06-15 19:16:46.288 [ERROR] database: Connection timeout after 3682ms
2026-06-15 19:16:46.788 [DEBUG] user-service: Connection pool size 10
2026-06-15 19:16:47.288 [INFO] payment-service: Health check passed
2026-06-15 19:16:47.789 [CRITICAL] database: Connection pool exhausted
2026-06-15 19:16:48.289 [INFO] database: Request processed successfully in 154ms
2026-06-15 19:16:48.789 [INFO] payment-service: Health check passed
2026-06-15 19:16:49.289 [ERROR] database: Request timeout after 34s
2026-06-15 19:16:49.789 [INFO] redis: Health check passed
2026-06-15 19:16:50.289 [INFO] user-service: Cache hit ratio 92%
2026-06-15 19:16:50.789 [INFO] auth-service: Cache hit ratio 99%
2026-06-15 19:16:51.290 [INFO] auth-service: Request processed successfully in 162ms
2026-06-15 19:16:51.790 [INFO] redis: Request processed successfully in 112ms
2026-06-15 19:16:52.290 [INFO] auth-service: Request processed successfully in 70ms
2026-06-15 19:16:52.790 [INFO] user-service: Health check passed
2026-06-15 19:16:53.290 [INFO] user-service: Health check passed
2026-06-15 19:16:53.790 [INFO] payment-service: Cache hit ratio 89%
2026-06-15 19:16:54.290 [WARNING] user-service: Memory usage 91%
2026-06-15 19:16:54.790 [DEBUG] user-service: Connection pool size 10
2026-06-15 19:16:55.291 [CRITICAL] auth-service: Out of memory error - process killed
2026-06-15 19:16:55.791 [DEBUG] api-gateway: Connection pool size 14
2026-06-15 19:16:56.291 [INFO] user-service: Health check passed
2026-06-15 19:16:56.791 [INFO] api-gateway: Cache hit ratio 95%
2026-06-15 19:16:57.291 [ERROR] nginx: Circuit breaker open for payment-service
2026-06-15 19:16:57.791 [INFO] payment-service: Health check passed
2026-06-15 19:16:58.291 [INFO] database: Service restarted successfully
2026-06-15 19:16:58.791 [DEBUG] redis: Connection pool size 7
2026-06-15 19:16:59.291 [DEBUG] user-service: Connection pool size 19
2026-06-15 19:16:59.792 [INFO] database: Request processed successfully in 69ms
2026-06-15 19:17:00.292 [INFO] nginx: Health check passed
2026-06-15 19:17:00.792 [INFO] api-gateway: Health check passed after recovery
2026-06-15 19:17:01.292 [INFO] nginx: Health check passed
2026-06-15 19:17:01.792 [INFO] api-gateway: Connection pool restored
2026-06-15 19:17:02.292 [INFO] api-gateway: Cache hit ratio 82%
2026-06-15 19:17:02.792 [INFO] database: Cache hit ratio 80%
2026-06-15 19:17:03.292 [INFO] payment-service: Cache hit ratio 96%
2026-06-15 19:17:03.792 [INFO] database: Health check passed
2026-06-15 19:17:04.293 [INFO] auth-service: Connection pool restored
2026-06-15 19:17:04.793 [CRITICAL] nginx: Out of memory error - process killed
2026-06-15 19:17:05.293 [ERROR] database: Deadlock detected in transaction
2026-06-15 19:17:05.793 [INFO] payment-service: Cache hit ratio 88%
2026-06-15 19:17:06.293 [DEBUG] api-gateway: Connection pool size 16
2026-06-15 19:17:06.793 [INFO] database: Health check passed
2026-06-15 19:17:07.293 [INFO] api-gateway: Request processed successfully in 138ms
2026-06-15 19:17:07.794 [INFO] nginx: Cache hit ratio 92%
2026-06-15 19:17:08.294 [INFO] redis: Health check passed
2026-06-15 19:17:08.794 [ERROR] database: Upstream service unavailable
2026-06-15 19:17:09.294 [INFO] auth-service: Request processed successfully in 77ms
2026-06-15 19:17:09.794 [INFO] redis: Health check passed
2026-06-15 19:17:10.294 [DEBUG] database: Connection pool size 12
2026-06-15 19:17:10.794 [INFO] payment-service: Request processed successfully in 60ms
2026-06-15 19:17:11.295 [INFO] user-service: Request processed successfully in 150ms
2026-06-15 19:17:11.795 [INFO] auth-service: Health check passed
2026-06-15 19:17:12.295 [DEBUG] api-gateway: Connection pool size 11
2026-06-15 19:17:12.795 [ERROR] database: Deadlock detected in transaction
2026-06-15 19:17:13.295 [CRITICAL] database: Connection pool exhausted
2026-06-15 19:17:13.795 [ERROR] database: Deadlock detected in transaction
2026-06-15 19:17:14.296 [INFO] user-service: Request processed successfully in 144ms
2026-06-15 19:17:14.796 [INFO] auth-service: Health check passed after recovery
2026-06-15 19:17:15.296 [INFO] nginx: Request processed successfully in 180ms
2026-06-15 19:17:15.796 [ERROR] database: Deadlock detected in transaction
2026-06-15 19:17:16.296 [ERROR] database: Dependency failure from api-gateway
2026-06-15 19:17:16.796 [INFO] redis: Health check passed
2026-06-15 19:17:17.296 [INFO] user-service: Health check passed
2026-06-15 19:17:17.796 [INFO] auth-service: Health check passed
2026-06-15 19:17:18.296 [INFO] database: Request processed successfully in 136ms
2026-06-15 19:17:18.797 [DEBUG] user-service: Connection pool size 7
2026-06-15 19:17:19.297 [ERROR] database: Connection timeout after 1455ms
2026-06-15 19:17:19.797 [DEBUG] database: Connection pool size 5
2026-06-15 19:17:20.297 [INFO] redis: Connection pool restored
2026-06-15 19:17:20.797 [ERROR] database: Query failed - relation 'orders' does not exist
2026-06-15 19:17:21.297 [INFO] redis: Request processed successfully in 96ms
2026-06-15 19:17:21.797 [ERROR] user-service: Dependency failure from auth-service
2026-06-15 19:17:22.298 [INFO] api-gateway: Cache hit ratio 96%
2026-06-15 19:17:22.798 [ERROR] database: Deadlock detected in transaction
2026-06-15 19:17:23.298 [DEBUG] user-service: Connection pool size 14
2026-06-15 19:17:23.798 [INFO] payment-service: Request processed successfully in 74ms
2026-06-15 19:17:24.298 [INFO] payment-service: Request processed successfully in 34ms
2026-06-15 19:17:24.798 [INFO] payment-service: Health check passed
2026-06-15 19:17:25.298 [INFO] redis: Cache hit ratio 92%
2026-06-15 19:17:25.799 [DEBUG] auth-service: Connection pool size 11
2026-06-15 19:17:26.299 [CRITICAL] database: Connection pool exhausted
2026-06-15 19:17:26.799 [ERROR] database: Upstream service unavailable
2026-06-15 19:17:27.299 [DEBUG] user-service: Connection pool size 11
2026-06-15 19:17:27.799 [INFO] nginx: Cache hit ratio 88%
2026-06-15 19:17:28.299 [INFO] user-service: Request processed successfully in 19ms
2026-06-15 19:17:28.799 [INFO] database: Health check passed after recovery
2026-06-15 19:17:29.300 [DEBUG] auth-service: Connection pool size 15
2026-06-15 19:17:29.800 [INFO] nginx: Cache hit ratio 90%
2026-06-15 19:17:30.300 [DEBUG] redis: Connection pool size 10
2026-06-15 19:17:30.800 [INFO] nginx: Request processed successfully in 147ms
2026-06-15 19:17:31.300 [INFO] user-service: Health check passed
2026-06-15 19:17:31.800 [DEBUG] user-service: Connection pool size 20
2026-06-15 19:17:32.301 [INFO] payment-service: Cache hit ratio 90%
2026-06-15 19:17:32.801 [WARNING] user-service: Slow query detected (6s)
2026-06-15 19:17:33.301 [INFO] payment-service: Cache hit ratio 96%
2026-06-15 19:17:33.801 [INFO] redis: Cache hit ratio 99%
2026-06-15 19:17:34.301 [INFO] payment-service: Health check passed
2026-06-15 19:17:34.801 [INFO] redis: Request processed successfully in 22ms
2026-06-15 19:17:35.301 [CRITICAL] database: Connection pool exhausted
2026-06-15 19:17:35.801 [INFO] database: Cache hit ratio 99%
2026-06-15 19:17:36.302 [DEBUG] api-gateway: Connection pool size 20
2026-06-15 19:17:36.802 [INFO] database: Health check passed
2026-06-15 19:17:37.302 [DEBUG] redis: Connection pool size 19
2026-06-15 19:17:37.802 [DEBUG] user-service: Connection pool size 20
2026-06-15 19:17:38.302 [INFO] database: Request processed successfully in 113ms
2026-06-15 19:17:38.802 [ERROR] database: Connection timeout after 1731ms
2026-06-15 19:17:39.302 [DEBUG] database: Connection pool size 6
2026-06-15 19:17:39.802 [INFO] api-gateway: Cache hit ratio 82%
2026-06-15 19:17:40.302 [INFO] auth-service: Cache hit ratio 97%
2026-06-15 19:17:40.802 [INFO] auth-service: Cache hit ratio 92%
2026-06-15 19:17:41.303 [INFO] payment-service: Request processed successfully in 146ms
2026-06-15 19:17:41.803 [INFO] payment-service: Service restarted successfully
2026-06-15 19:17:42.303 [INFO] payment-service: Health check passed
2026-06-15 19:17:42.803 [DEBUG] api-gateway: Connection pool size 16
2026-06-15 19:17:43.303 [INFO] database: Health check passed after recovery
2026-06-15 19:17:43.803 [DEBUG] payment-service: Connection pool size 8
2026-06-15 19:17:44.303 [INFO] redis: Cache hit ratio 89%
2026-06-15 19:17:44.803 [DEBUG] user-service: Connection pool size 6
2026-06-15 19:17:45.304 [WARNING] database: GC overhead limit reached
2026-06-15 19:17:45.804 [INFO] user-service: Request processed successfully in 53ms
2026-06-15 19:17:46.304 [INFO] redis: Request processed successfully in 124ms
2026-06-15 19:17:46.804 [DEBUG] user-service: Connection pool size 17
2026-06-15 19:17:47.304 [DEBUG] payment-service: Connection pool size 11
2026-06-15 19:17:47.804 [INFO] redis: Health check passed
2026-06-15 19:17:48.305 [INFO] user-service: Connection pool restored
2026-06-15 19:17:48.805 [DEBUG] redis: Connection pool size 5
2026-06-15 19:17:49.305 [INFO] user-service: Request processed successfully in 130ms
2026-06-15 19:17:49.805 [INFO] database: Health check passed
2026-06-15 19:17:50.305 [DEBUG] payment-service: Connection pool size 15
2026-06-15 19:17:50.805 [INFO] auth-service: Request processed successfully in 21ms
2026-06-15 19:17:51.305 [DEBUG] auth-service: Connection pool size 10
2026-06-15 19:17:51.805 [INFO] redis: Cache hit ratio 94%
2026-06-15 19:17:52.306 [DEBUG] payment-service: Connection pool size 10
2026-06-15 19:17:52.806 [INFO] database: Request processed successfully in 94ms
2026-06-15 19:17:53.306 [INFO] database: Health check passed
2026-06-15 19:17:53.806 [DEBUG] nginx: Connection pool size 10
2026-06-15 19:17:54.306 [CRITICAL] database: Connection pool exhausted
2026-06-15 19:17:54.806 [INFO] nginx: Cache hit ratio 84%
2026-06-15 19:17:55.306 [ERROR] api-gateway: Request timeout after 43s
2026-06-15 19:17:55.806 [INFO] nginx: Health check passed
2026-06-15 19:17:56.307 [CRITICAL] database: Connection pool exhausted
2026-06-15 19:17:56.807 [DEBUG] payment-service: Connection pool size 5
2026-06-15 19:17:57.307 [DEBUG] payment-service: Connection pool size 17
2026-06-15 19:17:57.807 [INFO] user-service: Cache hit ratio 97%
2026-06-15 19:17:58.307 [WARNING] redis: Slow query detected (30s)
2026-06-15 19:17:58.807 [INFO] database: Cache hit ratio 87%
2026-06-15 19:17:59.307 [INFO] payment-service: Cache hit ratio 94%
2026-06-15 19:17:59.807 [DEBUG] payment-service: Connection pool size 7
2026-06-15 19:18:00.308 [INFO] payment-service: Request processed successfully in 146ms
2026-06-15 19:18:00.808 [INFO] user-service: Cache hit ratio 96%
2026-06-15 19:18:01.308 [INFO] auth-service: Cache hit ratio 94%
2026-06-15 19:18:01.808 [INFO] redis: Health check passed
2026-06-15 19:18:02.308 [ERROR] database: Dependency failure from auth-service
2026-06-15 19:18:02.808 [INFO] redis: Service restarted successfully
2026-06-15 19:18:03.308 [DEBUG] redis: Connection pool size 19
2026-06-15 19:18:03.808 [DEBUG] redis: Connection pool size 17
2026-06-15 19:18:04.309 [DEBUG] nginx: Connection pool size 9
2026-06-15 19:18:04.809 [ERROR] payment-service: Upstream service unavailable
2026-06-15 19:18:05.309 [ERROR] database: Connection timeout after 2541ms
2026-06-15 19:18:05.809 [INFO] payment-service: Service restarted successfully
2026-06-15 19:18:06.309 [CRITICAL] database: Connection pool exhausted
2026-06-15 19:18:06.809 [INFO] api-gateway: Cache hit ratio 81%
2026-06-15 19:18:07.309 [DEBUG] database: Connection pool size 14
2026-06-15 19:18:07.809 [INFO] redis: Cache hit ratio 81%
2026-06-15 19:18:08.309 [DEBUG] api-gateway: Connection pool size 19
2026-06-15 19:18:08.809 [INFO] redis: Request processed successfully in 84ms
2026-06-15 19:18:09.310 [ERROR] database: Connection timeout after 2842ms
2026-06-15 19:18:09.810 [INFO] auth-service: Health check passed
2026-06-15 19:18:10.310 [CRITICAL] auth-service: Out of memory error - process killed
2026-06-15 19:18:10.810 [INFO] redis: Cache hit ratio 91%
2026-06-15 19:18:11.310 [INFO] user-service: Health check passed
2026-06-15 19:18:11.810 [INFO] user-service: Cache hit ratio 82%
2026-06-15 19:18:12.310 [INFO] api-gateway: Health check passed
2026-06-15 19:18:12.810 [INFO] nginx: Service restarted successfully
2026-06-15 19:18:13.310 [INFO] api-gateway: Health check passed
2026-06-15 19:18:13.811 [INFO] nginx: Health check passed
2026-06-15 19:18:14.311 [ERROR] database: Upstream service unavailable
2026-06-15 19:18:14.811 [INFO] nginx: Health check passed
2026-06-15 19:18:15.311 [INFO] user-service: Cache hit ratio 93%
2026-06-15 19:18:15.811 [INFO] auth-service: Health check passed
2026-06-15 19:18:16.311 [INFO] api-gateway: Health check passed
2026-06-15 19:18:16.811 [INFO] auth-service: Health check passed after recovery
2026-06-15 19:18:17.311 [INFO] auth-service: Request processed successfully in 63ms
2026-06-15 19:18:17.811 [INFO] database: Health check passed
2026-06-15 19:18:18.311 [INFO] payment-service: Request processed successfully in 111ms
2026-06-15 19:18:18.811 [ERROR] auth-service: Upstream service unavailable
2026-06-15 19:18:19.312 [INFO] api-gateway: Request processed successfully in 36ms
2026-06-15 19:18:19.812 [INFO] redis: Request processed successfully in 72ms
2026-06-15 19:18:20.312 [INFO] redis: Cache hit ratio 80%
2026-06-15 19:18:20.812 [INFO] user-service: Request processed successfully in 94ms
2026-06-15 19:18:21.312 [INFO] auth-service: Cache hit ratio 83%
2026-06-15 19:18:21.812 [INFO] payment-service: Request processed successfully in 25ms
2026-06-15 19:18:22.312 [INFO] payment-service: Cache hit ratio 99%
2026-06-15 19:18:22.813 [ERROR] database: Deadlock detected in transaction
2026-06-15 19:18:23.313 [INFO] database: Request processed successfully in 165ms
2026-06-15 19:18:23.813 [INFO] api-gateway: Health check passed
2026-06-15 19:18:24.313 [CRITICAL] auth-service: Out of memory error - process killed
2026-06-15 19:18:24.813 [INFO] database: Health check passed
2026-06-15 19:18:25.313 [ERROR] database: Connection timeout after 3888ms
2026-06-15 19:18:25.814 [DEBUG] nginx: Connection pool size 7
2026-06-15 19:18:26.314 [ERROR] database: Query failed - relation 'orders' does not exist
2026-06-15 19:18:26.814 [ERROR] nginx: Request timeout after 38s
2026-06-15 19:18:27.314 [INFO] payment-service: Health check passed
2026-06-15 19:18:27.814 [INFO] payment-service: Health check passed
2026-06-15 19:18:28.314 [INFO] api-gateway: Request processed successfully in 136ms
2026-06-15 19:18:28.815 [INFO] payment-service: Request processed successfully in 93ms
2026-06-15 19:18:29.315 [ERROR] database: Connection timeout after 4178ms
2026-06-15 19:18:29.815 [ERROR] database: Connection timeout after 4404ms
2026-06-15 19:18:30.315 [INFO] database: Request processed successfully in 179ms
2026-06-15 19:18:30.815 [INFO] nginx: Request processed successfully in 130ms
2026-06-15 19:18:31.316 [CRITICAL] database: Connection pool exhausted
2026-06-15 19:18:31.816 [INFO] api-gateway: Health check passed after recovery
2026-06-15 19:18:32.316 [WARNING] database: Slow query detected (27s)
2026-06-15 19:18:32.816 [INFO] api-gateway: Service restarted successfully
2026-06-15 19:18:33.316 [WARNING] redis: GC overhead limit reached
2026-06-15 19:18:33.816 [WARNING] api-gateway: Slow query detected (19s)
2026-06-15 19:18:34.316 [INFO] payment-service: Health check passed
2026-06-15 19:18:34.817 [INFO] redis: Health check passed
2026-06-15 19:18:35.317 [INFO] redis: Health check passed
2026-06-15 19:18:35.817 [ERROR] database: Upstream service unavailable
2026-06-15 19:18:36.317 [DEBUG] auth-service: Connection pool size 15
2026-06-15 19:18:36.817 [DEBUG] auth-service: Connection pool size 8
2026-06-15 19:18:37.317 [DEBUG] auth-service: Connection pool size 11
2026-06-15 19:18:37.817 [INFO] api-gateway: Cache hit ratio 83%
2026-06-15 19:18:38.317 [ERROR] database: Connection timeout after 3524ms
2026-06-15 19:18:38.817 [INFO] api-gateway: Request processed successfully in 177ms
2026-06-15 19:18:39.317 [ERROR] nginx: Circuit breaker open for api-gateway
2026-06-15 19:18:39.818 [INFO] user-service: Request processed successfully in 46ms
2026-06-15 19:18:40.318 [ERROR] database: Connection timeout after 3619ms
2026-06-15 19:18:40.818 [INFO] payment-service: Health check passed
2026-06-15 19:18:41.318 [WARNING] api-gateway: Slow query detected (25s)
2026-06-15 19:18:41.818 [INFO] database: Request processed successfully in 63ms
2026-06-15 19:18:42.318 [INFO] auth-service: Cache hit ratio 91%
2026-06-15 19:18:42.818 [WARNING] payment-service: Slow query detected (5s)
2026-06-15 19:18:43.319 [INFO] nginx: Health check passed
2026-06-15 19:18:43.819 [INFO] api-gateway: Request processed successfully in 110ms
2026-06-15 19:18:44.319 [INFO] payment-service: Connection pool restored
2026-06-15 19:18:44.819 [ERROR] auth-service: Upstream service unavailable
2026-06-15 19:18:45.319 [INFO] payment-service: Health check passed
2026-06-15 19:18:45.819 [CRITICAL] database: Connection pool exhausted
2026-06-15 19:18:46.319 [INFO] api-gateway: Connection pool restored
2026-06-15 19:18:46.819 [DEBUG] auth-service: Connection pool size 12
2026-06-15 19:18:47.319 [INFO] auth-service: Request processed successfully in 28ms
2026-06-15 19:18:47.820 [INFO] auth-service: Health check passed
2026-06-15 19:18:48.320 [INFO] redis: Health check passed
2026-06-15 19:18:48.820 [INFO] database: Health check passed
2026-06-15 19:18:49.320 [WARNING] redis: Memory usage 93%
2026-06-15 19:18:49.820 [DEBUG] redis: Connection pool size 16
2026-06-15 19:18:50.320 [INFO] payment-service: Health check passed
2026-06-15 19:18:50.820 [INFO] auth-service: Request processed successfully in 91ms
2026-06-15 19:18:51.320 [WARNING] api-gateway: GC overhead limit reached
2026-06-15 19:18:51.821 [INFO] payment-service: Health check passed after recovery
2026-06-15 19:18:52.321 [ERROR] database: Query failed - relation 'orders' does not exist
2026-06-15 19:18:52.821 [INFO] api-gateway: Request processed successfully in 49ms
2026-06-15 19:18:53.321 [INFO] payment-service: Cache hit ratio 94%
2026-06-15 19:18:53.821 [DEBUG] payment-service: Connection pool size 7
2026-06-15 19:18:54.321 [INFO] auth-service: Cache hit ratio 99%
2026-06-15 19:18:54.821 [INFO] auth-service: Health check passed
2026-06-15 19:18:55.322 [INFO] redis: Health check passed after recovery
2026-06-15 19:18:55.822 [DEBUG] auth-service: Connection pool size 7
2026-06-15 19:18:56.322 [INFO] database: Request processed successfully in 90ms
2026-06-15 19:18:56.822 [INFO] api-gateway: Cache hit ratio 88%
2026-06-15 19:18:57.322 [CRITICAL] database: Connection pool exhausted
2026-06-15 19:18:57.822 [ERROR] database: Deadlock detected in transaction
2026-06-15 19:18:58.322 [INFO] redis: Health check passed
2026-06-15 19:18:58.822 [INFO] database: Cache hit ratio 89%
2026-06-15 19:18:59.323 [ERROR] database: Query failed - relation 'orders' does not exist
2026-06-15 19:18:59.823 [ERROR] database: Query failed - relation 'orders' does not exist
2026-06-15 19:19:00.323 [INFO] api-gateway: Cache hit ratio 87%
2026-06-15 19:19:00.823 [ERROR] database: Connection timeout after 1006ms
2026-06-15 19:19:01.323 [ERROR] payment-service: Request timeout after 35s
2026-06-15 19:19:01.823 [DEBUG] redis: Connection pool size 5
2026-06-15 19:19:02.324 [INFO] redis: Health check passed
2026-06-15 19:19:02.824 [INFO] auth-service: Cache hit ratio 93%
2026-06-15 19:19:03.324 [INFO] user-service: Cache hit ratio 82%
2026-06-15 19:19:03.824 [INFO] redis: Request processed successfully in 101ms
2026-06-15 19:19:04.324 [INFO] api-gateway: Connection pool restored
2026-06-15 19:19:04.824 [INFO] api-gateway: Request processed successfully in 141ms
2026-06-15 19:19:05.324 [CRITICAL] database: Connection pool exhausted
2026-06-15 19:19:05.825 [ERROR] database: Deadlock detected in transaction
2026-06-15 19:19:06.325 [DEBUG] user-service: Connection pool size 15
2026-06-15 19:19:06.825 [ERROR] database: Connection timeout after 2946ms
2026-06-15 19:19:07.325 [INFO] database: Connection pool restored
2026-06-15 19:19:07.825 [INFO] user-service: Health check passed
2026-06-15 19:19:08.325 [ERROR] payment-service: Circuit breaker open for user-service
2026-06-15 19:19:08.825 [WARNING] payment-service: Memory usage 86%
2026-06-15 19:19:09.326 [ERROR] auth-service: Request timeout after 45s
2026-06-15 19:19:09.826 [INFO] api-gateway: Health check passed
2026-06-15 19:19:10.326 [INFO] database: Request processed successfully in 155ms
2026-06-15 19:19:10.826 [ERROR] database: Deadlock detected in transaction
2026-06-15 19:19:11.326 [CRITICAL] nginx: Out of memory error - process killed
2026-06-15 19:19:11.826 [WARNING] nginx: Slow query detected (12s)
2026-06-15 19:19:12.326 [INFO] api-gateway: Health check passed
2026-06-15 19:19:12.826 [INFO] api-gateway: Health check passed
2026-06-15 19:19:13.327 [ERROR] database: Connection timeout after 2298ms
2026-06-15 19:19:13.827 [DEBUG] api-gateway: Connection pool size 7
2026-06-15 19:19:14.327 [DEBUG] database: Connection pool size 14
2026-06-15 19:19:14.827 [CRITICAL] auth-service: Out of memory error - process killed
2026-06-15 19:19:15.327 [DEBUG] redis: Connection pool size 17
2026-06-15 19:19:15.827 [INFO] payment-service: Cache hit ratio 80%
2026-06-15 19:19:16.327 [INFO] payment-service: Service restarted successfully
2026-06-15 19:19:16.828 [INFO] nginx: Request processed successfully in 36ms
2026-06-15 19:19:17.328 [ERROR] database: Query failed - relation 'orders' does not exist
2026-06-15 19:19:17.828 [WARNING] api-gateway: GC overhead limit reached
2026-06-15 19:19:18.328 [ERROR] database: Query failed - relation 'orders' does not exist
2026-06-15 19:19:18.828 [ERROR] redis: Dependency failure from auth-service
2026-06-15 19:19:19.328 [INFO] api-gateway: Cache hit ratio 95%
2026-06-15 19:19:19.828 [ERROR] database: Deadlock detected in transaction
2026-06-15 19:19:20.328 [DEBUG] database: Connection pool size 14
2026-06-15 19:19:20.828 [ERROR] database: Connection timeout after 3454ms
2026-06-15 19:19:21.328 [INFO] user-service: Request processed successfully in 49ms
2026-06-15 19:19:21.829 [INFO] auth-service: Health check passed
2026-06-15 19:19:22.329 [ERROR] database: Deadlock detected in transaction
2026-06-15 19:19:22.829 [INFO] auth-service: Cache hit ratio 84%
2026-06-15 19:19:23.329 [DEBUG] user-service: Connection pool size 19
2026-06-15 19:19:23.829 [INFO] auth-service: Health check passed
2026-06-15 19:19:24.329 [INFO] user-service: Health check passed after recovery
2026-06-15 19:19:24.829 [DEBUG] user-service: Connection pool size 16
2026-06-15 19:19:25.329 [DEBUG] database: Connection pool size 15
2026-06-15 19:19:25.829 [INFO] nginx: Health check passed
2026-06-15 19:19:26.330 [INFO] database: Request processed successfully in 196ms
2026-06-15 19:19:26.830 [INFO] payment-service: Health check passed
2026-06-15 19:19:27.330 [ERROR] nginx: Request timeout after 44s
2026-06-15 19:19:27.830 [INFO] database: Request processed successfully in 173ms
2026-06-15 19:19:28.330 [DEBUG] database: Connection pool size 6
2026-06-15 19:19:28.830 [DEBUG] user-service: Connection pool size 8
2026-06-15 19:19:29.330 [INFO] payment-service: Request processed successfully in 61ms
2026-06-15 19:19:29.830 [DEBUG] redis: Connection pool size 11
2026-06-15 19:19:30.330 [INFO] user-service: Health check passed
2026-06-15 19:19:30.830 [INFO] payment-service: Cache hit ratio 94%
2026-06-15 19:19:31.331 [ERROR] database: Connection timeout after 4831ms
2026-06-15 19:19:31.831 [DEBUG] payment-service: Connection pool size 6
2026-06-15 19:19:32.331 [INFO] database: Health check passed
2026-06-15 19:19:32.831 [INFO] user-service: Health check passed
2026-06-15 19:19:33.331 [WARNING] user-service: GC overhead limit reached
2026-06-15 19:19:33.831 [INFO] redis: Cache hit ratio 95%
2026-06-15 19:19:34.331 [INFO] api-gateway: Health check passed
2026-06-15 19:19:34.831 [INFO] nginx: Health check passed after recovery
2026-06-15 19:19:35.332 [ERROR] nginx: Request timeout after 40s
2026-06-15 19:19:35.832 [INFO] api-gateway: Cache hit ratio 95%
2026-06-15 19:19:36.332 [INFO] redis: Request processed successfully in 60ms
2026-06-15 19:19:36.832 [DEBUG] payment-service: Connection pool size 8
2026-06-15 19:19:37.332 [INFO] database: Cache hit ratio 99%
2026-06-15 19:19:37.832 [INFO] api-gateway: Cache hit ratio 86%
2026-06-15 19:19:38.332 [INFO] api-gateway: Health check passed
2026-06-15 19:19:38.832 [INFO] nginx: Cache hit ratio 87%
2026-06-15 19:19:39.333 [INFO] redis: Health check passed
2026-06-15 19:19:39.833 [INFO] nginx: Health check passed after recovery
2026-06-15 19:19:40.333 [INFO] api-gateway: Request processed successfully in 53ms
2026-06-15 19:19:40.833 [INFO] user-service: Service restarted successfully
2026-06-15 19:19:41.333 [INFO] user-service: Health check passed
2026-06-15 19:19:41.833 [DEBUG] user-service: Connection pool size 7
2026-06-15 19:19:42.333 [ERROR] auth-service: Circuit breaker open for database
2026-06-15 19:19:42.833 [CRITICAL] database: Connection pool exhausted
2026-06-15 19:19:43.334 [INFO] api-gateway: Health check passed
2026-06-15 19:19:43.834 [INFO] nginx: Cache hit ratio 94%
2026-06-15 19:19:44.334 [INFO] nginx: Health check passed
2026-06-15 19:19:44.834 [INFO] database: Request processed successfully in 199ms
2026-06-15 19:19:45.334 [ERROR] database: Deadlock detected in transaction
2026-06-15 19:19:45.834 [DEBUG] user-service: Connection pool size 9
2026-06-15 19:19:46.335 [INFO] database: Health check passed
2026-06-15 19:19:46.835 [INFO] redis: Request processed successfully in 110ms
2026-06-15 19:19:47.335 [INFO] nginx: Health check passed
2026-06-15 19:19:47.835 [INFO] api-gateway: Health check passed
2026-06-15 19:19:48.335 [INFO] user-service: Health check passed
2026-06-15 19:19:48.835 [INFO] api-gateway: Health check passed
2026-06-15 19:19:49.335 [INFO] nginx: Cache hit ratio 98%
2026-06-15 19:19:49.835 [INFO] database: Request processed successfully in 61ms
2026-06-15 19:19:50.335 [INFO] auth-service: Cache hit ratio 99%
2026-06-15 19:19:50.836 [INFO] nginx: Health check passed
2026-06-15 19:19:51.336 [ERROR] database: Connection timeout after 4806ms
2026-06-15 19:19:51.836 [INFO] nginx: Health check passed
2026-06-15 19:19:52.336 [INFO] redis: Cache hit ratio 84%
2026-06-15 19:19:52.836 [INFO] payment-service: Health check passed
2026-06-15 19:19:53.336 [INFO] nginx: Cache hit ratio 84%
2026-06-15 19:19:53.836 [INFO] api-gateway: Health check passed
2026-06-15 19:19:54.337 [WARNING] user-service: Memory usage 92%
2026-06-15 19:19:54.837 [INFO] nginx: Health check passed after recovery
2026-06-15 19:19:55.337 [INFO] redis: Health check passed
2026-06-15 19:19:55.837 [CRITICAL] auth-service: Out of memory error - process killed
2026-06-15 19:19:56.337 [INFO] redis: Health check passed
2026-06-15 19:19:56.837 [INFO] auth-service: Service restarted successfully
2026-06-15 19:19:57.337 [ERROR] payment-service: Upstream service unavailable
2026-06-15 19:19:57.837 [INFO] redis: Cache hit ratio 98%
2026-06-15 19:19:58.338 [INFO] nginx: Health check passed
2026-06-15 19:19:58.838 [INFO] auth-service: Connection pool restored
2026-06-15 19:19:59.338 [INFO] nginx: Health check passed
2026-06-15 19:19:59.838 [CRITICAL] database: Connection pool exhausted
2026-06-15 19:20:00.338 [ERROR] database: Deadlock detected in transaction
2026-06-15 19:20:00.838 [INFO] database: Request processed successfully in 44ms
2026-06-15 19:20:01.338 [WARNING] nginx: GC overhead limit reached
2026-06-15 19:20:01.838 [INFO] auth-service: Request processed successfully in 180ms
2026-06-15 19:20:02.338 [INFO] payment-service: Health check passed after recovery
2026-06-15 19:20:02.838 [INFO] redis: Request processed successfully in 186ms
2026-06-15 19:20:03.339 [INFO] nginx: Cache hit ratio 83%
2026-06-15 19:20:03.839 [INFO] api-gateway: Cache hit ratio 94%
2026-06-15 19:20:04.339 [CRITICAL] database: Connection pool exhausted
2026-06-15 19:20:04.839 [INFO] user-service: Request processed successfully in 94ms
2026-06-15 19:20:05.339 [INFO] payment-service: Cache hit ratio 92%
2026-06-15 19:20:05.839 [INFO] api-gateway: Cache hit ratio 98%
2026-06-15 19:20:06.339 [DEBUG] api-gateway: Connection pool size 9
2026-06-15 19:20:06.839 [INFO] auth-service: Cache hit ratio 82%
2026-06-15 19:20:07.339 [INFO] payment-service: Health check passed
2026-06-15 19:20:07.840 [INFO] payment-service: Cache hit ratio 88%
2026-06-15 19:20:08.340 [ERROR] nginx: Upstream service unavailable
2026-06-15 19:20:08.840 [INFO] database: Cache hit ratio 90%
2026-06-15 19:20:09.340 [INFO] user-service: Cache hit ratio 90%
2026-06-15 19:20:09.840 [INFO] auth-service: Cache hit ratio 98%
2026-06-15 19:20:10.340 [INFO] api-gateway: Health check passed
2026-06-15 19:20:10.840 [ERROR] database: Query failed - relation 'orders' does not exist
2026-06-15 19:20:11.340 [INFO] payment-service: Cache hit ratio 93%
2026-06-15 19:20:11.840 [INFO] user-service: Health check passed
2026-06-15 19:20:12.340 [ERROR] auth-service: Upstream service unavailable
2026-06-15 19:20:12.841 [DEBUG] auth-service: Connection pool size 6
2026-06-15 19:20:13.341 [INFO] payment-service: Health check passed
2026-06-15 19:20:13.841 [INFO] api-gateway: Health check passed
2026-06-15 19:20:14.341 [INFO] user-service: Cache hit ratio 99%
2026-06-15 19:20:14.841 [INFO] user-service: Cache hit ratio 99%
2026-06-15 19:20:15.341 [INFO] nginx: Health check passed
2026-06-15 19:20:15.841 [ERROR] nginx: Upstream service unavailable
2026-06-15 19:20:16.341 [INFO] user-service: Cache hit ratio 92%
2026-06-15 19:20:16.841 [CRITICAL] redis: Out of memory error - process killed
2026-06-15 19:20:17.341 [INFO] user-service: Service restarted successfully
2026-06-15 19:20:17.841 [DEBUG] auth-service: Connection pool size 20
2026-06-15 19:20:18.342 [INFO] redis: Health check passed after recovery
2026-06-15 19:20:18.842 [ERROR] database: Query failed - relation 'orders' does not exist
2026-06-15 19:20:19.342 [ERROR] redis: Request timeout after 31s
2026-06-15 19:20:19.842 [INFO] payment-service: Cache hit ratio 92%
2026-06-15 19:20:20.342 [ERROR] database: Query failed - relation 'orders' does not exist
2026-06-15 19:20:20.842 [INFO] api-gateway: Cache hit ratio 85%
2026-06-15 19:20:21.342 [INFO] api-gateway: Request processed successfully in 120ms
2026-06-15 19:20:21.842 [INFO] payment-service: Cache hit ratio 85%
2026-06-15 19:20:22.342 [WARNING] api-gateway: GC overhead limit reached
2026-06-15 19:20:22.842 [INFO] auth-service: Health check passed
2026-06-15 19:20:23.343 [ERROR] database: Connection timeout after 4458ms
2026-06-15 19:20:23.843 [INFO] auth-service: Request processed successfully in 198ms
2026-06-15 19:20:24.343 [DEBUG] redis: Connection pool size 10
2026-06-15 19:20:24.843 [INFO] database: Health check passed
2026-06-15 19:20:25.343 [INFO] nginx: Request processed successfully in 87ms
2026-06-15 19:20:25.843 [INFO] auth-service: Cache hit ratio 97%
2026-06-15 19:20:26.343 [INFO] database: Service restarted successfully
2026-06-15 19:20:26.844 [INFO] auth-service: Request processed successfully in 11ms
2026-06-15 19:20:27.344 [INFO] user-service: Health check passed
2026-06-15 19:20:27.844 [INFO] auth-service: Health check passed
2026-06-15 19:20:28.344 [INFO] user-service: Cache hit ratio 90%
2026-06-15 19:20:28.844 [INFO] redis: Request processed successfully in 154ms
2026-06-15 19:20:29.344 [INFO] api-gateway: Health check passed
2026-06-15 19:20:29.844 [CRITICAL] payment-service: Service crashed
2026-06-15 19:20:30.345 [INFO] payment-service: Cache hit ratio 97%
2026-06-15 19:20:30.845 [DEBUG] database: Connection pool size 15
2026-06-15 19:20:31.345 [INFO] redis: Health check passed
2026-06-15 19:20:31.845 [INFO] payment-service: Cache hit ratio 88%
2026-06-15 19:20:32.345 [CRITICAL] database: Connection pool exhausted
2026-06-15 19:20:32.845 [INFO] database: Health check passed
2026-06-15 19:20:33.346 [INFO] database: Health check passed
2026-06-15 19:20:33.846 [ERROR] payment-service: Request timeout after 56s
2026-06-15 19:20:34.346 [INFO] api-gateway: Health check passed
2026-06-15 19:20:34.846 [DEBUG] user-service: Connection pool size 13
2026-06-15 19:20:35.346 [DEBUG] api-gateway: Connection pool size 19
2026-06-15 19:20:35.847 [INFO] redis: Health check passed
2026-06-15 19:20:36.347 [INFO] payment-service: Request processed successfully in 167ms
2026-06-15 19:20:36.847 [DEBUG] auth-service: Connection pool size 16
2026-06-15 19:20:37.347 [INFO] payment-service: Health check passed after recovery
2026-06-15 19:20:37.847 [INFO] redis: Health check passed
2026-06-15 19:20:38.347 [INFO] api-gateway: Cache hit ratio 97%
2026-06-15 19:20:38.847 [ERROR] auth-service: Request timeout after 34s
2026-06-15 19:20:39.347 [ERROR] database: Connection timeout after 4995ms
2026-06-15 19:20:39.847 [INFO] auth-service: Request processed successfully in 10ms
2026-06-15 19:20:40.348 [INFO] nginx: Health check passed
2026-06-15 19:20:40.848 [INFO] auth-service: Request processed successfully in 151ms
2026-06-15 19:20:41.348 [DEBUG] auth-service: Connection pool size 5
2026-06-15 19:20:41.848 [ERROR] auth-service: Dependency failure from redis
2026-06-15 19:20:42.348 [ERROR] user-service: Upstream service unavailable
2026-06-15 19:20:42.848 [DEBUG] user-service: Connection pool size 5
2026-06-15 19:20:43.348 [DEBUG] payment-service: Connection pool size 8
2026-06-15 19:20:43.848 [INFO] payment-service: Request processed successfully in 176ms
2026-06-15 19:20:44.348 [DEBUG] database: Connection pool size 7
2026-06-15 19:20:44.849 [INFO] redis: Health check passed after recovery
2026-06-15 19:20:45.349 [CRITICAL] redis: Service crashed
2026-06-15 19:20:45.849 [WARNING] redis: GC overhead limit reached
2026-06-15 19:20:46.349 [INFO] auth-service: Health check passed
2026-06-15 19:20:46.849 [INFO] redis: Request processed successfully in 62ms
2026-06-15 19:20:47.349 [INFO] user-service: Cache hit ratio 97%
2026-06-15 19:20:47.849 [INFO] nginx: Request processed successfully in 84ms
2026-06-15 19:20:48.349 [INFO] nginx: Service restarted successfully
2026-06-15 19:20:48.850 [ERROR] database: Connection timeout after 2863ms
2026-06-15 19:20:49.350 [INFO] redis: Connection pool restored
2026-06-15 19:20:49.850 [ERROR] database: Query failed - relation 'orders' does not exist
2026-06-15 19:20:50.350 [WARNING] api-gateway: Slow query detected (22s)
2026-06-15 19:20:50.850 [INFO] nginx: Health check passed
2026-06-15 19:20:51.350 [WARNING] payment-service: Slow query detected (10s)
2026-06-15 19:20:51.850 [ERROR] database: Circuit breaker open for auth-service
2026-06-15 19:20:52.350 [INFO] database: Health check passed
2026-06-15 19:20:52.850 [INFO] database: Connection pool restored
2026-06-15 19:20:53.351 [INFO] payment-service: Health check passed
2026-06-15 19:20:53.851 [DEBUG] redis: Connection pool size 19
2026-06-15 19:20:54.351 [INFO] redis: Request processed successfully in 140ms
2026-06-15 19:20:54.851 [INFO] user-service: Request processed successfully in 99ms
2026-06-15 19:20:55.351 [INFO] redis: Request processed successfully in 137ms
2026-06-15 19:20:55.851 [INFO] database: Connection pool restored
2026-06-15 19:20:56.351 [INFO] database: Health check passed
2026-06-15 19:20:56.851 [DEBUG] user-service: Connection pool size 16
2026-06-15 19:20:57.351 [INFO] redis: Connection pool restored
2026-06-15 19:20:57.852 [INFO] auth-service: Connection pool restored
2026-06-15 19:20:58.352 [INFO] auth-service: Request processed successfully in 152ms
2026-06-15 19:20:58.852 [INFO] redis: Cache hit ratio 86%
2026-06-15 19:20:59.352 [DEBUG] redis: Connection pool size 13
2026-06-15 19:20:59.852 [DEBUG] auth-service: Connection pool size 10
2026-06-15 19:21:00.352 [ERROR] database: Connection timeout after 1905ms
2026-06-15 19:21:00.852 [INFO] auth-service: Health check passed after recovery
2026-06-15 19:21:01.352 [INFO] payment-service: Health check passed
2026-06-15 19:21:01.852 [INFO] auth-service: Health check passed
2026-06-15 19:21:02.352 [INFO] user-service: Health check passed
2026-06-15 19:21:02.852 [DEBUG] user-service: Connection pool size 16
2026-06-15 19:21:03.353 [DEBUG] nginx: Connection pool size 18
2026-06-15 19:21:03.853 [ERROR] database: Deadlock detected in transaction
2026-06-15 19:21:04.353 [INFO] nginx: Cache hit ratio 88%
2026-06-15 19:21:04.853 [CRITICAL] payment-service: Service crashed
2026-06-15 19:21:05.353 [INFO] auth-service: Connection pool restored
2026-06-15 19:21:05.853 [INFO] database: Request processed successfully in 107ms
2026-06-15 19:21:06.354 [INFO] auth-service: Health check passed
2026-06-15 19:21:06.854 [INFO] database: Health check passed
2026-06-15 19:21:07.354 [INFO] auth-service: Health check passed
2026-06-15 19:21:07.854 [INFO] database: Request processed successfully in 98ms
2026-06-15 19:21:08.354 [INFO] payment-service: Health check passed
2026-06-15 19:21:08.854 [INFO] api-gateway: Cache hit ratio 96%
2026-06-15 19:21:09.354 [ERROR] user-service: Request timeout after 60s
2026-06-15 19:21:09.854 [CRITICAL] database: Connection pool exhausted
2026-06-15 19:21:10.354 [ERROR] api-gateway: Circuit breaker open for nginx
2026-06-15 19:21:10.855 [INFO] payment-service: Health check passed
2026-06-15 19:21:11.355 [INFO] nginx: Health check passed
2026-06-15 19:21:11.855 [INFO] database: Health check passed
2026-06-15 19:21:12.355 [INFO] payment-service: Health check passed
2026-06-15 19:21:12.855 [ERROR] database: Deadlock detected in transaction
2026-06-15 19:21:13.355 [WARNING] payment-service: Slow query detected (11s)
2026-06-15 19:21:13.856 [INFO] auth-service: Request processed successfully in 176ms
2026-06-15 19:21:14.356 [INFO] redis: Cache hit ratio 83%
2026-06-15 19:21:14.856 [INFO] redis: Request processed successfully in 181ms
2026-06-15 19:21:15.356 [WARNING] payment-service: GC overhead limit reached
2026-06-15 19:21:15.856 [INFO] redis: Request processed successfully in 77ms
2026-06-15 19:21:16.356 [INFO] api-gateway: Connection pool restored
2026-06-15 19:21:16.856 [INFO] payment-service: Cache hit ratio 97%
2026-06-15 19:21:17.356 [DEBUG] payment-service: Connection pool size 11
2026-06-15 19:21:17.856 [INFO] redis: Health check passed
2026-06-15 19:21:18.356 [INFO] payment-service: Connection pool restored
2026-06-15 19:21:18.857 [INFO] database: Health check passed
2026-06-15 19:21:19.357 [INFO] database: Request processed successfully in 124ms
2026-06-15 19:21:19.857 [INFO] api-gateway: Request processed successfully in 86ms
2026-06-15 19:21:20.357 [INFO] database: Service restarted successfully
2026-06-15 19:21:20.857 [INFO] redis: Cache hit ratio 89%
2026-06-15 19:21:21.357 [ERROR] payment-service: Circuit breaker open for database
2026-06-15 19:21:21.857 [DEBUG] user-service: Connection pool size 20
2026-06-15 19:21:22.357 [DEBUG] user-service: Connection pool size 18
2026-06-15 19:21:22.858 [DEBUG] nginx: Connection pool size 6
2026-06-15 19:21:23.358 [INFO] api-gateway: Cache hit ratio 86%
2026-06-15 19:21:23.858 [INFO] redis: Request processed successfully in 37ms
2026-06-15 19:21:24.358 [INFO] redis: Cache hit ratio 89%
2026-06-15 19:21:24.858 [WARNING] user-service: GC overhead limit reached
2026-06-15 19:21:25.358 [INFO] database: Service restarted successfully
2026-06-15 19:21:25.858 [INFO] payment-service: Health check passed after recovery
2026-06-15 19:21:26.358 [INFO] auth-service: Connection pool restored
2026-06-15 19:21:26.859 [DEBUG] payment-service: Connection pool size 19
2026-06-15 19:21:27.359 [INFO] payment-service: Service restarted successfully
2026-06-15 19:21:27.859 [ERROR] database: Connection timeout after 2253ms
2026-06-15 19:21:28.359 [INFO] database: Health check passed
2026-06-15 19:21:28.859 [ERROR] database: Connection timeout after 1290ms
2026-06-15 19:21:29.359 [WARNING] redis: Memory usage 95%
2026-06-15 19:21:29.859 [INFO] nginx: Health check passed
2026-06-15 19:21:30.359 [INFO] database: Request processed successfully in 85ms
2026-06-15 19:21:30.860 [INFO] api-gateway: Health check passed after recovery
2026-06-15 19:21:31.360 [DEBUG] user-service: Connection pool size 11
2026-06-15 19:21:31.860 [INFO] auth-service: Cache hit ratio 94%
2026-06-15 19:21:32.360 [DEBUG] user-service: Connection pool size 19
2026-06-15 19:21:32.860 [INFO] payment-service: Service restarted successfully
2026-06-15 19:21:33.360 [ERROR] database: Connection timeout after 3818ms
2026-06-15 19:21:33.860 [INFO] api-gateway: Cache hit ratio 97%
2026-06-15 19:21:34.361 [CRITICAL] auth-service: Service crashed
2026-06-15 19:21:34.861 [DEBUG] api-gateway: Connection pool size 6
2026-06-15 19:21:35.361 [DEBUG] redis: Connection pool size 18
2026-06-15 19:21:35.861 [INFO] database: Request processed successfully in 156ms
2026-06-15 19:21:36.361 [DEBUG] user-service: Connection pool size 9
2026-06-15 19:21:36.861 [INFO] database: Request processed successfully in 71ms
2026-06-15 19:21:37.361 [INFO] api-gateway: Cache hit ratio 80%
2026-06-15 19:21:37.861 [ERROR] database: Query failed - relation 'orders' does not exist
2026-06-15 19:21:38.361 [INFO] redis: Health check passed
2026-06-15 19:21:38.862 [INFO] database: Health check passed
2026-06-15 19:21:39.362 [DEBUG] payment-service: Connection pool size 10
2026-06-15 19:21:39.862 [INFO] auth-service: Cache hit ratio 88%
2026-06-15 19:21:40.362 [INFO] payment-service: Health check passed
2026-06-15 19:21:40.862 [INFO] payment-service: Health check passed
2026-06-15 19:21:41.362 [INFO] auth-service: Health check passed
2026-06-15 19:21:41.862 [ERROR] payment-service: Request timeout after 57s
2026-06-15 19:21:42.362 [INFO] payment-service: Health check passed
2026-06-15 19:21:42.862 [INFO] nginx: Cache hit ratio 83%
2026-06-15 19:21:43.363 [ERROR] auth-service: Upstream service unavailable
2026-06-15 19:21:43.863 [ERROR] database: Deadlock detected in transaction
2026-06-15 19:21:44.363 [WARNING] nginx: Slow query detected (19s)
2026-06-15 19:21:44.863 [CRITICAL] user-service: Out of memory error - process killed
2026-06-15 19:21:45.363 [INFO] api-gateway: Request processed successfully in 171ms
2026-06-15 19:21:45.864 [DEBUG] nginx: Connection pool size 9
2026-06-15 19:21:46.364 [INFO] nginx: Connection pool restored
2026-06-15 19:21:46.864 [INFO] api-gateway: Cache hit ratio 91%
2026-06-15 19:21:47.364 [INFO] api-gateway: Health check passed after recovery
2026-06-15 19:21:47.864 [INFO] redis: Health check passed
2026-06-15 19:21:48.364 [ERROR] api-gateway: Upstream service unavailable
2026-06-15 19:21:48.864 [WARNING] api-gateway: Slow query detected (9s)
2026-06-15 19:21:49.365 [INFO] payment-service: Request processed successfully in 60ms
2026-06-15 19:21:49.865 [INFO] auth-service: Cache hit ratio 90%
2026-06-15 19:21:50.365 [INFO] api-gateway: Cache hit ratio 81%
2026-06-15 19:21:50.865 [INFO] redis: Health check passed
2026-06-15 19:21:51.365 [DEBUG] nginx: Connection pool size 17
2026-06-15 19:21:51.865 [INFO] user-service: Health check passed
2026-06-15 19:21:52.365 [WARNING] payment-service: GC overhead limit reached
2026-06-15 19:21:52.865 [INFO] nginx: Request processed successfully in 159ms
2026-06-15 19:21:53.365 [INFO] api-gateway: Health check passed
2026-06-15 19:21:53.865 [DEBUG] auth-service: Connection pool size 14
2026-06-15 19:21:54.366 [ERROR] auth-service: Request timeout after 47s
2026-06-15 19:21:54.866 [ERROR] user-service: Request timeout after 36s
2026-06-15 19:21:55.366 [INFO] payment-service: Cache hit ratio 96%
2026-06-15 19:21:55.866 [DEBUG] user-service: Connection pool size 8
2026-06-15 19:21:56.366 [DEBUG] nginx: Connection pool size 15
2026-06-15 19:21:56.866 [INFO] nginx: Health check passed
2026-06-15 19:21:57.366 [ERROR] database: Circuit breaker open for api-gateway
2026-06-15 19:21:57.866 [INFO] database: Request processed successfully in 70ms
2026-06-15 19:21:58.366 [INFO] redis: Request processed successfully in 13ms
2026-06-15 19:21:58.867 [INFO] api-gateway: Connection pool restored
2026-06-15 19:21:59.367 [DEBUG] api-gateway: Connection pool size 10
2026-06-15 19:21:59.867 [INFO] api-gateway: Health check passed
2026-06-15 19:22:00.367 [ERROR] database: Query failed - relation 'orders' does not exist
2026-06-15 19:22:00.867 [DEBUG] redis: Connection pool size 19
2026-06-15 19:22:01.367 [INFO] database: Cache hit ratio 90%
2026-06-15 19:22:01.867 [INFO] api-gateway: Service restarted successfully
2026-06-15 19:22:02.367 [WARNING] payment-service: Memory usage 91%
2026-06-15 19:22:02.868 [INFO] nginx: Request processed successfully in 17ms
2026-06-15 19:22:03.368 [INFO] payment-service: Health check passed
2026-06-15 19:22:03.868 [INFO] api-gateway: Health check passed
2026-06-15 19:22:04.368 [CRITICAL] payment-service: Service crashed
2026-06-15 19:22:04.868 [INFO] auth-service: Cache hit ratio 99%
2026-06-15 19:22:05.368 [CRITICAL] nginx: Out of memory error - process killed
2026-06-15 19:22:05.868 [ERROR] database: Connection timeout after 4366ms
2026-06-15 19:22:06.368 [WARNING] database: GC overhead limit reached
2026-06-15 19:22:06.869 [INFO] redis: Health check passed
2026-06-15 19:22:07.369 [INFO] nginx: Request processed successfully in 181ms
2026-06-15 19:22:07.869 [INFO] redis: Cache hit ratio 86%
2026-06-15 19:22:08.369 [INFO] redis: Request processed successfully in 132ms
2026-06-15 19:22:08.869 [INFO] payment-service: Connection pool restored
2026-06-15 19:22:09.369 [ERROR] api-gateway: Circuit breaker open for database
2026-06-15 19:22:09.869 [ERROR] nginx: Circuit breaker open for user-service
2026-06-15 19:22:10.369 [INFO] user-service: Health check passed
2026-06-15 19:22:10.869 [ERROR] redis: Circuit breaker open for nginx
2026-06-15 19:22:11.369 [ERROR] database: Connection timeout after 3362ms
2026-06-15 19:22:11.870 [ERROR] nginx: Request timeout after 43s
2026-06-15 19:22:12.370 [INFO] database: Health check passed
2026-06-15 19:22:12.870 [INFO] auth-service: Cache hit ratio 95%
2026-06-15 19:22:13.370 [ERROR] user-service: Upstream service unavailable
2026-06-15 19:22:13.870 [CRITICAL] database: Service crashed
2026-06-15 19:22:14.370 [INFO] auth-service: Health check passed
2026-06-15 19:22:14.870 [INFO] nginx: Health check passed
2026-06-15 19:22:15.370 [ERROR] user-service: Request timeout after 30s
2026-06-15 19:22:15.871 [INFO] payment-service: Health check passed
2026-06-15 19:22:16.371 [CRITICAL] database: Connection pool exhausted
2026-06-15 19:22:16.871 [INFO] payment-service: Request processed successfully in 186ms
2026-06-15 19:22:17.371 [INFO] redis: Request processed successfully in 48ms
2026-06-15 19:22:17.871 [INFO] auth-service: Health check passed
2026-06-15 19:22:18.371 [ERROR] redis: Upstream service unavailable
2026-06-15 19:22:18.871 [INFO] database: Connection pool restored
2026-06-15 19:22:19.371 [INFO] nginx: Health check passed
2026-06-15 19:22:19.871 [INFO] api-gateway: Request processed successfully in 84ms
2026-06-15 19:22:20.372 [INFO] redis: Request processed successfully in 191ms
2026-06-15 19:22:20.872 [INFO] user-service: Request processed successfully in 151ms
2026-06-15 19:22:21.372 [INFO] database: Cache hit ratio 92%
2026-06-15 19:22:21.872 [INFO] nginx: Health check passed
2026-06-15 19:22:22.372 [INFO] auth-service: Cache hit ratio 97%
2026-06-15 19:22:22.872 [INFO] auth-service: Cache hit ratio 93%
2026-06-15 19:22:23.372 [INFO] nginx: Health check passed after recovery
2026-06-15 19:22:23.872 [INFO] auth-service: Request processed successfully in 96ms
2026-06-15 19:22:24.372 [INFO] redis: Request processed successfully in 92ms
2026-06-15 19:22:24.873 [INFO] payment-service: Health check passed
2026-06-15 19:22:25.373 [INFO] user-service: Cache hit ratio 95%
2026-06-15 19:22:25.873 [ERROR] nginx: Circuit breaker open for auth-service
2026-06-15 19:22:26.373 [INFO] auth-service: Connection pool restored
2026-06-15 19:22:26.873 [INFO] auth-service: Health check passed
2026-06-15 19:22:27.373 [INFO] auth-service: Health check passed after recovery
2026-06-15 19:22:27.873 [INFO] nginx: Request processed successfully in 129ms
2026-06-15 19:22:28.373 [INFO] api-gateway: Health check passed
2026-06-15 19:22:28.873 [ERROR] database: Deadlock detected in transaction
2026-06-15 19:22:29.374 [INFO] api-gateway: Request processed successfully in 45ms
2026-06-15 19:22:29.874 [WARNING] payment-service: Slow query detected (19s)
2026-06-15 19:22:30.374 [INFO] payment-service: Request processed successfully in 153ms
2026-06-15 19:22:30.874 [INFO] database: Cache hit ratio 84%
2026-06-15 19:22:31.374 [INFO] api-gateway: Connection pool restored
2026-06-15 19:22:31.874 [INFO] auth-service: Health check passed
2026-06-15 19:22:32.374 [INFO] redis: Health check passed
2026-06-15 19:22:32.874 [INFO] auth-service: Health check passed
2026-06-15 19:22:33.374 [DEBUG] user-service: Connection pool size 8
2026-06-15 19:22:33.874 [INFO] auth-service: Cache hit ratio 85%
2026-06-15 19:22:34.375 [ERROR] nginx: Circuit breaker open for auth-service
2026-06-15 19:22:34.875 [INFO] payment-service: Health check passed
2026-06-15 19:22:35.375 [INFO] auth-service: Health check passed
2026-06-15 19:22:35.875 [INFO] payment-service: Health check passed
2026-06-15 19:22:36.375 [INFO] user-service: Request processed successfully in 163ms
2026-06-15 19:22:36.875 [DEBUG] nginx: Connection pool size 19
2026-06-15 19:22:37.375 [INFO] database: Service restarted successfully
2026-06-15 19:22:37.876 [CRITICAL] database: Out of memory error - process killed
2026-06-15 19:22:38.376 [INFO] database: Request processed successfully in 133ms
2026-06-15 19:22:38.876 [ERROR] database: Query failed - relation 'orders' does not exist
2026-06-15 19:22:39.376 [DEBUG] user-service: Connection pool size 10
2026-06-15 19:22:39.876 [INFO] api-gateway: Health check passed after recovery
2026-06-15 19:22:40.376 [INFO] user-service: Health check passed
2026-06-15 19:22:40.876 [INFO] database: Request processed successfully in 20ms
2026-06-15 19:22:41.376 [INFO] user-service: Cache hit ratio 94%
2026-06-15 19:22:41.877 [INFO] user-service: Cache hit ratio 84%
2026-06-15 19:22:42.377 [INFO] redis: Health check passed
2026-06-15 19:22:42.877 [INFO] user-service: Request processed successfully in 150ms
2026-06-15 19:22:43.377 [INFO] auth-service: Cache hit ratio 89%
2026-06-15 19:22:43.877 [ERROR] api-gateway: Request timeout after 53s
2026-06-15 19:22:44.377 [ERROR] database: Connection timeout after 4877ms
2026-06-15 19:22:44.877 [DEBUG] payment-service: Connection pool size 11
2026-06-15 19:22:45.377 [ERROR] auth-service: Upstream service unavailable
2026-06-15 19:22:45.878 [WARNING] redis: Slow query detected (22s)
2026-06-15 19:22:46.378 [INFO] payment-service: Cache hit ratio 99%
2026-06-15 19:22:46.878 [INFO] api-gateway: Health check passed
2026-06-15 19:22:47.378 [ERROR] database: Deadlock detected in transaction
2026-06-15 19:22:47.878 [INFO] auth-service: Service restarted successfully
2026-06-15 19:22:48.378 [INFO] user-service: Connection pool restored
2026-06-15 19:22:48.878 [INFO] auth-service: Request processed successfully in 99ms
2026-06-15 19:22:49.378 [DEBUG] auth-service: Connection pool size 8
2026-06-15 19:22:49.879 [ERROR] redis: Circuit breaker open for nginx
2026-06-15 19:22:50.379 [INFO] database: Health check passed
2026-06-15 19:22:50.879 [INFO] database: Health check passed
2026-06-15 19:22:51.379 [DEBUG] redis: Connection pool size 19
2026-06-15 19:22:51.879 [ERROR] database: Query failed - relation 'orders' does not exist
2026-06-15 19:22:52.379 [DEBUG] payment-service: Connection pool size 15
2026-06-15 19:22:52.879 [INFO] database: Cache hit ratio 85%
2026-06-15 19:22:53.380 [DEBUG] api-gateway: Connection pool size 6
2026-06-15 19:22:53.880 [INFO] user-service: Health check passed
2026-06-15 19:22:54.380 [INFO] user-service: Cache hit ratio 81%
2026-06-15 19:22:54.880 [DEBUG] redis: Connection pool size 8
2026-06-15 19:22:55.380 [INFO] redis: Cache hit ratio 94%
2026-06-15 19:22:55.880 [INFO] api-gateway: Health check passed after recovery
2026-06-15 19:22:56.380 [INFO] database: Request processed successfully in 137ms
2026-06-15 19:22:56.881 [INFO] user-service: Cache hit ratio 85%
2026-06-15 19:22:57.381 [CRITICAL] redis: Service crashed
2026-06-15 19:22:57.881 [DEBUG] redis: Connection pool size 11
2026-06-15 19:22:58.381 [DEBUG] redis: Connection pool size 5
2026-06-15 19:22:58.881 [INFO] redis: Request processed successfully in 35ms
2026-06-15 19:22:59.381 [INFO] database: Health check passed
2026-06-15 19:22:59.881 [CRITICAL] redis: Out of memory error - process killed
2026-06-15 19:23:00.381 [WARNING] auth-service: Slow query detected (14s)
2026-06-15 19:23:00.881 [INFO] api-gateway: Health check passed
2026-06-15 19:23:01.381 [ERROR] nginx: Request timeout after 43s
2026-06-15 19:23:01.882 [INFO] database: Health check passed
2026-06-15 19:23:02.382 [INFO] payment-service: Cache hit ratio 92%
2026-06-15 19:23:02.882 [INFO] auth-service: Request processed successfully in 114ms
2026-06-15 19:23:03.382 [INFO] payment-service: Health check passed
2026-06-15 19:23:03.882 [DEBUG] nginx: Connection pool size 11
2026-06-15 19:23:04.382 [INFO] nginx: Health check passed
2026-06-15 19:23:04.882 [INFO] database: Connection pool restored
2026-06-15 19:23:05.382 [WARNING] auth-service: Memory usage 95%
2026-06-15 19:23:05.883 [ERROR] database: Query failed - relation 'orders' does not exist
2026-06-15 19:23:06.383 [INFO] payment-service: Service restarted successfully
2026-06-15 19:23:06.883 [INFO] redis: Request processed successfully in 176ms
2026-06-15 19:23:07.383 [CRITICAL] database: Connection pool exhausted
2026-06-15 19:23:07.883 [INFO] payment-service: Cache hit ratio 95%
2026-06-15 19:23:08.383 [INFO] api-gateway: Request processed successfully in 55ms
2026-06-15 19:23:08.883 [INFO] api-gateway: Cache hit ratio 97%
2026-06-15 19:23:09.383 [ERROR] database: Connection timeout after 3299ms
2026-06-15 19:23:09.883 [WARNING] payment-service: Memory usage 85%
2026-06-15 19:23:10.383 [INFO] redis: Health check passed
2026-06-15 19:23:10.884 [INFO] api-gateway: Health check passed
2026-06-15 19:23:11.384 [INFO] database: Health check passed
2026-06-15 19:23:11.884 [INFO] payment-service: Cache hit ratio 82%
2026-06-15 19:23:12.384 [INFO] payment-service: Cache hit ratio 82%
2026-06-15 19:23:12.884 [INFO] payment-service: Health check passed
2026-06-15 19:23:13.384 [INFO] user-service: Connection pool restored
2026-06-15 19:23:13.884 [INFO] api-gateway: Health check passed
2026-06-15 19:23:14.384 [INFO] redis: Health check passed
2026-06-15 19:23:14.885 [INFO] payment-service: Request processed successfully in 129ms
2026-06-15 19:23:15.385 [INFO] nginx: Request processed successfully in 149ms
2026-06-15 19:23:15.885 [INFO] api-gateway: Service restarted successfully
2026-06-15 19:23:16.385 [DEBUG] payment-service: Connection pool size 15
2026-06-15 19:23:16.885 [INFO] payment-service: Health check passed
2026-06-15 19:23:17.385 [CRITICAL] database: Connection pool exhausted
2026-06-15 19:23:17.885 [INFO] nginx: Request processed successfully in 37ms
2026-06-15 19:23:18.385 [INFO] database: Request processed successfully in 118ms
2026-06-15 19:23:18.886 [INFO] nginx: Cache hit ratio 96%
2026-06-15 19:23:19.386 [INFO] database: Request processed successfully in 56ms
2026-06-15 19:23:19.886 [INFO] user-service: Request processed successfully in 82ms
2026-06-15 19:23:20.386 [ERROR] payment-service: Upstream service unavailable
2026-06-15 19:23:20.886 [INFO] api-gateway: Cache hit ratio 81%
2026-06-15 19:23:21.386 [INFO] user-service: Cache hit ratio 81%
2026-06-15 19:23:21.886 [INFO] api-gateway: Cache hit ratio 82%
2026-06-15 19:23:22.386 [WARNING] nginx: Slow query detected (27s)
2026-06-15 19:23:22.887 [INFO] user-service: Health check passed
2026-06-15 19:23:23.387 [INFO] auth-service: Health check passed
2026-06-15 19:23:23.887 [INFO] auth-service: Health check passed
2026-06-15 19:23:24.387 [DEBUG] payment-service: Connection pool size 15
2026-06-15 19:23:24.887 [INFO] auth-service: Health check passed
2026-06-15 19:23:25.387 [INFO] redis: Cache hit ratio 84%
2026-06-15 19:23:25.887 [INFO] api-gateway: Cache hit ratio 81%
2026-06-15 19:23:26.387 [INFO] redis: Request processed successfully in 36ms
2026-06-15 19:23:26.887 [DEBUG] user-service: Connection pool size 19
2026-06-15 19:23:27.388 [DEBUG] nginx: Connection pool size 19
2026-06-15 19:23:27.888 [WARNING] user-service: Memory usage 95%
2026-06-15 19:23:28.388 [INFO] user-service: Request processed successfully in 117ms
2026-06-15 19:23:28.888 [DEBUG] database: Connection pool size 7
2026-06-15 19:23:29.388 [INFO] nginx: Request processed successfully in 45ms
2026-06-15 19:23:29.888 [INFO] user-service: Cache hit ratio 93%
2026-06-15 19:23:30.388 [INFO] nginx: Health check passed
2026-06-15 19:23:30.888 [DEBUG] user-service: Connection pool size 18
2026-06-15 19:23:31.388 [INFO] database: Health check passed
2026-06-15 19:23:31.888 [INFO] database: Request processed successfully in 147ms
2026-06-15 19:23:32.389 [ERROR] database: Query failed - relation 'orders' does not exist
2026-06-15 19:23:32.889 [INFO] nginx: Cache hit ratio 96%
2026-06-15 19:23:33.389 [INFO] payment-service: Request processed successfully in 22ms
2026-06-15 19:23:33.889 [CRITICAL] database: Connection pool exhausted
2026-06-15 19:23:34.389 [INFO] auth-service: Cache hit ratio 86%
2026-06-15 19:23:34.889 [DEBUG] payment-service: Connection pool size 13
2026-06-15 19:23:35.389 [INFO] nginx: Cache hit ratio 80%
2026-06-15 19:23:35.890 [INFO] nginx: Request processed successfully in 98ms
2026-06-15 19:23:36.390 [INFO] payment-service: Cache hit ratio 82%
2026-06-15 19:23:36.890 [INFO] database: Request processed successfully in 164ms
2026-06-15 19:23:37.390 [WARNING] auth-service: Memory usage 95%
2026-06-15 19:23:37.890 [DEBUG] payment-service: Connection pool size 16
2026-06-15 19:23:38.390 [INFO] user-service: Cache hit ratio 95%
2026-06-15 19:23:38.890 [INFO] redis: Health check passed
2026-06-15 19:23:39.390 [DEBUG] redis: Connection pool size 12
2026-06-15 19:23:39.890 [INFO] nginx: Health check passed after recovery
2026-06-15 19:23:40.391 [INFO] database: Service restarted successfully
2026-06-15 19:23:40.891 [WARNING] nginx: Slow query detected (28s)
2026-06-15 19:23:41.391 [INFO] auth-service: Request processed successfully in 119ms
2026-06-15 19:23:41.891 [INFO] redis: Health check passed
2026-06-15 19:23:42.391 [INFO] api-gateway: Request processed successfully in 71ms
2026-06-15 19:23:42.891 [INFO] nginx: Connection pool restored
2026-06-15 19:23:43.391 [WARNING] api-gateway: Slow query detected (10s)
2026-06-15 19:23:43.891 [INFO] nginx: Cache hit ratio 80%
2026-06-15 19:23:44.392 [DEBUG] user-service: Connection pool size 7
2026-06-15 19:23:44.892 [INFO] database: Health check passed
2026-06-15 19:23:45.392 [DEBUG] redis: Connection pool size 5
2026-06-15 19:23:45.892 [DEBUG] auth-service: Connection pool size 6
2026-06-15 19:23:46.392 [WARNING] database: GC overhead limit reached
2026-06-15 19:23:46.892 [INFO] database: Request processed successfully in 117ms
2026-06-15 19:23:47.392 [CRITICAL] database: Connection pool exhausted
2026-06-15 19:23:47.892 [ERROR] database: Deadlock detected in transaction
2026-06-15 19:23:48.392 [INFO] nginx: Request processed successfully in 47ms
2026-06-15 19:23:48.893 [INFO] redis: Request processed successfully in 170ms
2026-06-15 19:23:49.393 [DEBUG] user-service: Connection pool size 12
2026-06-15 19:23:49.893 [INFO] nginx: Cache hit ratio 84%
2026-06-15 19:23:50.393 [INFO] redis: Health check passed
2026-06-15 19:23:50.893 [INFO] user-service: Cache hit ratio 89%
2026-06-15 19:23:51.393 [INFO] redis: Request processed successfully in 38ms
2026-06-15 19:23:51.893 [INFO] nginx: Health check passed
2026-06-15 19:23:52.393 [INFO] api-gateway: Request processed successfully in 132ms
2026-06-15 19:23:52.893 [ERROR] database: Deadlock detected in transaction
2026-06-15 19:23:53.394 [INFO] payment-service: Request processed successfully in 16ms
2026-06-15 19:23:53.894 [CRITICAL] payment-service: Service crashed
2026-06-15 19:23:54.394 [DEBUG] auth-service: Connection pool size 15
2026-06-15 19:23:54.894 [INFO] api-gateway: Cache hit ratio 82%
2026-06-15 19:23:55.394 [DEBUG] user-service: Connection pool size 19
2026-06-15 19:23:55.894 [INFO] database: Health check passed after recovery
2026-06-15 19:23:56.394 [WARNING] user-service: Slow query detected (17s)
2026-06-15 19:23:56.895 [INFO] database: Health check passed
2026-06-15 19:23:57.395 [INFO] api-gateway: Request processed successfully in 155ms
2026-06-15 19:23:57.895 [INFO] redis: Health check passed
2026-06-15 19:23:58.395 [CRITICAL] nginx: Out of memory error - process killed
2026-06-15 19:23:58.895 [INFO] user-service: Cache hit ratio 95%
2026-06-15 19:23:59.395 [INFO] database: Health check passed
2026-06-15 19:23:59.895 [CRITICAL] database: Connection pool exhausted
2026-06-15 19:24:00.395 [CRITICAL] database: Connection pool exhausted
2026-06-15 19:24:00.896 [DEBUG] payment-service: Connection pool size 8
2026-06-15 19:24:01.396 [INFO] database: Cache hit ratio 81%
2026-06-15 19:24:01.896 [INFO] redis: Health check passed
2026-06-15 19:24:02.396 [INFO] auth-service: Cache hit ratio 89%
2026-06-15 19:24:02.896 [DEBUG] user-service: Connection pool size 8
2026-06-15 19:24:03.396 [INFO] redis: Health check passed
2026-06-15 19:24:03.897 [INFO] user-service: Request processed successfully in 139ms
2026-06-15 19:24:04.397 [INFO] api-gateway: Cache hit ratio 95%
2026-06-15 19:24:04.897 [CRITICAL] redis: Out of memory error - process killed
2026-06-15 19:24:05.397 [INFO] api-gateway: Cache hit ratio 91%
2026-06-15 19:24:05.897 [WARNING] api-gateway: Slow query detected (11s)
2026-06-15 19:24:06.397 [DEBUG] database: Connection pool size 11
2026-06-15 19:24:06.897 [DEBUG] auth-service: Connection pool size 7
2026-06-15 19:24:07.398 [DEBUG] nginx: Connection pool size 13
2026-06-15 19:24:07.898 [INFO] redis: Request processed successfully in 74ms
2026-06-15 19:24:08.398 [INFO] database: Request processed successfully in 81ms
2026-06-15 19:24:08.898 [INFO] nginx: Health check passed after recovery
2026-06-15 19:24:09.398 [INFO] api-gateway: Request processed successfully in 125ms
2026-06-15 19:24:09.898 [ERROR] database: Deadlock detected in transaction
2026-06-15 19:24:10.398 [INFO] api-gateway: Request processed successfully in 141ms
2026-06-15 19:24:10.899 [ERROR] api-gateway: Circuit breaker open for user-service
2026-06-15 19:24:11.399 [INFO] auth-service: Health check passed
2026-06-15 19:24:11.899 [ERROR] database: Upstream service unavailable
2026-06-15 19:24:12.399 [DEBUG] user-service: Connection pool size 5
2026-06-15 19:24:12.899 [DEBUG] auth-service: Connection pool size 20
2026-06-15 19:24:13.399 [INFO] database: Connection pool restored
2026-06-15 19:24:13.899 [INFO] database: Request processed successfully in 133ms
2026-06-15 19:24:14.399 [INFO] nginx: Cache hit ratio 80%
2026-06-15 19:24:14.900 [DEBUG] nginx: Connection pool size 13
2026-06-15 19:24:15.400 [INFO] auth-service: Request processed successfully in 137ms
2026-06-15 19:24:15.900 [INFO] redis: Request processed successfully in 189ms
2026-06-15 19:24:16.400 [DEBUG] payment-service: Connection pool size 18
2026-06-15 19:24:16.900 [ERROR] auth-service: Upstream service unavailable
2026-06-15 19:24:17.400 [DEBUG] redis: Connection pool size 18
2026-06-15 19:24:17.901 [ERROR] database: Connection timeout after 4246ms
2026-06-15 19:24:18.401 [INFO] api-gateway: Health check passed
2026-06-15 19:24:18.901 [INFO] payment-service: Request processed successfully in 57ms
2026-06-15 19:24:19.401 [WARNING] nginx: Memory usage 95%
2026-06-15 19:24:19.901 [INFO] database: Request processed successfully in 145ms
2026-06-15 19:24:20.401 [DEBUG] nginx: Connection pool size 14
2026-06-15 19:24:20.902 [INFO] redis: Health check passed
2026-06-15 19:24:21.402 [INFO] payment-service: Request processed successfully in 117ms
2026-06-15 19:24:21.902 [CRITICAL] redis: Out of memory error - process killed
2026-06-15 19:24:22.402 [INFO] user-service: Health check passed
2026-06-15 19:24:22.902 [INFO] auth-service: Cache hit ratio 93%
2026-06-15 19:24:23.402 [INFO] database: Service restarted successfully
2026-06-15 19:24:23.902 [INFO] user-service: Request processed successfully in 87ms
2026-06-15 19:24:24.402 [ERROR] user-service: Circuit breaker open for nginx
2026-06-15 19:24:24.903 [INFO] auth-service: Request processed successfully in 107ms
2026-06-15 19:24:25.403 [DEBUG] database: Connection pool size 14
2026-06-15 19:24:25.903 [DEBUG] user-service: Connection pool size 10
2026-06-15 19:24:26.403 [ERROR] database: Query failed - relation 'orders' does not exist
2026-06-15 19:24:26.903 [CRITICAL] nginx: Out of memory error - process killed
2026-06-15 19:24:27.403 [ERROR] database: Deadlock detected in transaction
2026-06-15 19:24:27.903 [INFO] nginx: Cache hit ratio 82%
2026-06-15 19:24:28.403 [INFO] user-service: Cache hit ratio 86%
2026-06-15 19:24:28.903 [INFO] nginx: Request processed successfully in 150ms
2026-06-15 19:24:29.404 [INFO] payment-service: Health check passed
2026-06-15 19:24:29.904 [INFO] auth-service: Cache hit ratio 95%
2026-06-15 19:24:30.404 [INFO] database: Cache hit ratio 96%
2026-06-15 19:24:30.904 [DEBUG] nginx: Connection pool size 7
2026-06-15 19:24:31.404 [INFO] user-service: Health check passed
2026-06-15 19:24:31.904 [DEBUG] nginx: Connection pool size 6
2026-06-15 19:24:32.404 [DEBUG] payment-service: Connection pool size 17
2026-06-15 19:24:32.904 [INFO] payment-service: Request processed successfully in 137ms
2026-06-15 19:24:33.404 [INFO] database: Service restarted successfully
2026-06-15 19:24:33.905 [DEBUG] user-service: Connection pool size 14
2026-06-15 19:24:34.405 [INFO] nginx: Health check passed
2026-06-15 19:24:34.905 [INFO] api-gateway: Health check passed
2026-06-15 19:24:35.405 [INFO] redis: Request processed successfully in 158ms
2026-06-15 19:24:35.905 [INFO] nginx: Cache hit ratio 94%
2026-06-15 19:24:36.405 [DEBUG] api-gateway: Connection pool size 20
2026-06-15 19:24:36.905 [INFO] nginx: Request processed successfully in 155ms
2026-06-15 19:24:37.405 [INFO] database: Health check passed after recovery
2026-06-15 19:24:37.906 [DEBUG] auth-service: Connection pool size 5
2026-06-15 19:24:38.406 [WARNING] redis: Slow query detected (29s)
2026-06-15 19:24:38.906 [INFO] redis: Cache hit ratio 87%
2026-06-15 19:24:39.406 [INFO] api-gateway: Connection pool restored
2026-06-15 19:24:39.906 [INFO] user-service: Health check passed
2026-06-15 19:24:40.406 [INFO] user-service: Service restarted successfully
2026-06-15 19:24:40.907 [ERROR] database: Deadlock detected in transaction
2026-06-15 19:24:41.407 [INFO] auth-service: Request processed successfully in 180ms
2026-06-15 19:24:41.907 [INFO] auth-service: Health check passed after recovery
2026-06-15 19:24:42.407 [DEBUG] database: Connection pool size 11
2026-06-15 19:24:42.907 [ERROR] database: Deadlock detected in transaction
2026-06-15 19:24:43.407 [WARNING] redis: Slow query detected (30s)
2026-06-15 19:24:43.908 [INFO] payment-service: Cache hit ratio 95%
2026-06-15 19:24:44.408 [INFO] auth-service: Service restarted successfully
2026-06-15 19:24:44.908 [DEBUG] api-gateway: Connection pool size 12
2026-06-15 19:24:45.408 [INFO] database: Health check passed
2026-06-15 19:24:45.908 [INFO] redis: Service restarted successfully
2026-06-15 19:24:46.408 [INFO] auth-service: Health check passed
2026-06-15 19:24:46.908 [ERROR] database: Connection timeout after 2439ms
2026-06-15 19:24:47.409 [INFO] database: Health check passed
2026-06-15 19:24:47.909 [DEBUG] api-gateway: Connection pool size 5
2026-06-15 19:24:48.409 [ERROR] database: Deadlock detected in transaction
2026-06-15 19:24:48.909 [DEBUG] auth-service: Connection pool size 17
2026-06-15 19:24:49.409 [ERROR] redis: Circuit breaker open for nginx
2026-06-15 19:24:49.909 [WARNING] payment-service: Slow query detected (30s)
2026-06-15 19:24:50.409 [INFO] nginx: Request processed successfully in 165ms
2026-06-15 19:24:50.910 [INFO] payment-service: Health check passed
2026-06-15 19:24:51.410 [ERROR] database: Query failed - relation 'orders' does not exist
2026-06-15 19:24:51.910 [INFO] nginx: Request processed successfully in 150ms
2026-06-15 19:24:52.410 [DEBUG] redis: Connection pool size 19
2026-06-15 19:24:52.910 [DEBUG] api-gateway: Connection pool size 8
2026-06-15 19:24:53.410 [INFO] api-gateway: Cache hit ratio 90%
2026-06-15 19:24:53.910 [INFO] user-service: Health check passed
2026-06-15 19:24:54.411 [CRITICAL] database: Connection pool exhausted
2026-06-15 19:24:54.911 [INFO] payment-service: Cache hit ratio 98%
2026-06-15 19:24:55.411 [INFO] redis: Health check passed after recovery
2026-06-15 19:24:55.911 [INFO] database: Service restarted successfully
2026-06-15 19:24:56.411 [CRITICAL] auth-service: Service crashed
2026-06-15 19:24:56.911 [INFO] redis: Health check passed
2026-06-15 19:24:57.411 [DEBUG] nginx: Connection pool size 17
2026-06-15 19:24:57.911 [INFO] nginx: Health check passed
2026-06-15 19:24:58.412 [INFO] payment-service: Cache hit ratio 85%
2026-06-15 19:24:58.912 [INFO] redis: Request processed successfully in 114ms
2026-06-15 19:24:59.412 [ERROR] database: Deadlock detected in transaction
2026-06-15 19:24:59.912 [ERROR] database: Connection timeout after 2350ms
2026-06-15 19:25:00.412 [DEBUG] redis: Connection pool size 5
2026-06-15 19:25:00.912 [INFO] payment-service: Health check passed
2026-06-15 19:25:01.412 [INFO] nginx: Health check passed
2026-06-15 19:25:01.913 [DEBUG] redis: Connection pool size 14
2026-06-15 19:25:02.413 [INFO] redis: Request processed successfully in 21ms
2026-06-15 19:25:02.913 [INFO] user-service: Request processed successfully in 136ms
2026-06-15 19:25:03.413 [INFO] database: Health check passed after recovery
2026-06-15 19:25:03.913 [CRITICAL] user-service: Service crashed
2026-06-15 19:25:04.413 [DEBUG] api-gateway: Connection pool size 10
2026-06-15 19:25:04.914 [WARNING] payment-service: Memory usage 85%
2026-06-15 19:25:05.414 [INFO] payment-service: Connection pool restored
2026-06-15 19:25:05.914 [ERROR] auth-service: Request timeout after 55s
2026-06-15 19:25:06.414 [INFO] nginx: Service restarted successfully
2026-06-15 19:25:06.914 [INFO] nginx: Cache hit ratio 98%
2026-06-15 19:25:07.414 [INFO] api-gateway: Cache hit ratio 90%
2026-06-15 19:25:07.914 [INFO] payment-service: Health check passed
2026-06-15 19:25:08.414 [INFO] nginx: Request processed successfully in 26ms
2026-06-15 19:25:08.914 [DEBUG] user-service: Connection pool size 10
2026-06-15 19:25:09.414 [DEBUG] database: Connection pool size 6
2026-06-15 19:25:09.915 [INFO] api-gateway: Cache hit ratio 96%
2026-06-15 19:25:10.415 [DEBUG] payment-service: Connection pool size 14
2026-06-15 19:25:10.915 [ERROR] database: Circuit breaker open for api-gateway
2026-06-15 19:25:11.415 [INFO] nginx: Cache hit ratio 93%
2026-06-15 19:25:11.915 [INFO] user-service: Request processed successfully in 197ms
2026-06-15 19:25:12.415 [ERROR] database: Query failed - relation 'orders' does not exist
2026-06-15 19:25:12.915 [DEBUG] payment-service: Connection pool size 8
2026-06-15 19:25:13.415 [INFO] database: Cache hit ratio 98%
2026-06-15 19:25:13.915 [ERROR] database: Deadlock detected in transaction
2026-06-15 19:25:14.416 [INFO] nginx: Request processed successfully in 188ms
2026-06-15 19:25:14.916 [DEBUG] database: Connection pool size 13
2026-06-15 19:25:15.416 [INFO] redis: Request processed successfully in 172ms
2026-06-15 19:25:15.916 [INFO] api-gateway: Health check passed
2026-06-15 19:25:16.416 [ERROR] database: Connection timeout after 1785ms
2026-06-15 19:25:16.916 [INFO] user-service: Cache hit ratio 98%
2026-06-15 19:25:17.416 [INFO] auth-service: Health check passed
2026-06-15 19:25:17.917 [INFO] database: Health check passed
2026-06-15 19:25:18.417 [INFO] payment-service: Health check passed after recovery
2026-06-15 19:25:18.917 [ERROR] database: Connection timeout after 3186ms
2026-06-15 19:25:19.417 [WARNING] api-gateway: Slow query detected (29s)
2026-06-15 19:25:19.917 [INFO] nginx: Cache hit ratio 81%
2026-06-15 19:25:20.417 [ERROR] redis: Circuit breaker open for nginx
2026-06-15 19:25:20.918 [INFO] database: Health check passed
2026-06-15 19:25:21.418 [CRITICAL] payment-service: Out of memory error - process killed
2026-06-15 19:25:21.918 [ERROR] database: Query failed - relation 'orders' does not exist
2026-06-15 19:25:22.418 [INFO] payment-service: Health check passed
2026-06-15 19:25:22.918 [INFO] api-gateway: Request processed successfully in 142ms
2026-06-15 19:25:23.418 [ERROR] redis: Request timeout after 48s
2026-06-15 19:25:23.918 [INFO] database: Service restarted successfully
2026-06-15 19:25:24.419 [INFO] api-gateway: Request processed successfully in 48ms
2026-06-15 19:25:24.919 [DEBUG] api-gateway: Connection pool size 7
2026-06-15 19:25:25.419 [ERROR] database: Connection timeout after 3047ms
2026-06-15 19:25:25.919 [INFO] database: Cache hit ratio 83%
2026-06-15 19:25:26.419 [ERROR] database: Query failed - relation 'orders' does not exist
2026-06-15 19:25:26.919 [INFO] payment-service: Request processed successfully in 151ms
2026-06-15 19:25:27.419 [DEBUG] api-gateway: Connection pool size 9
2026-06-15 19:25:27.919 [WARNING] database: Slow query detected (15s)
2026-06-15 19:25:28.420 [DEBUG] redis: Connection pool size 12
2026-06-15 19:25:28.920 [DEBUG] database: Connection pool size 14
2026-06-15 19:25:29.420 [INFO] redis: Health check passed
2026-06-15 19:25:29.920 [INFO] database: Connection pool restored
2026-06-15 19:25:30.420 [ERROR] database: Connection timeout after 1178ms
2026-06-15 19:25:30.920 [CRITICAL] database: Connection pool exhausted
2026-06-15 19:25:31.420 [INFO] payment-service: Cache hit ratio 97%
2026-06-15 19:25:31.920 [INFO] nginx: Cache hit ratio 91%
2026-06-15 19:25:32.420 [DEBUG] user-service: Connection pool size 12
2026-06-15 19:25:32.921 [ERROR] payment-service: Upstream service unavailable
2026-06-15 19:25:33.421 [INFO] nginx: Health check passed
2026-06-15 19:25:33.921 [INFO] api-gateway: Cache hit ratio 95%
2026-06-15 19:25:34.421 [INFO] redis: Health check passed
2026-06-15 19:25:34.921 [CRITICAL] auth-service: Out of memory error - process killed
2026-06-15 19:25:35.421 [DEBUG] payment-service: Connection pool size 8
2026-06-15 19:25:35.921 [ERROR] database: Query failed - relation 'orders' does not exist
2026-06-15 19:25:36.421 [INFO] payment-service: Health check passed
2026-06-15 19:25:36.921 [WARNING] api-gateway: Memory usage 85%
2026-06-15 19:25:37.422 [INFO] auth-service: Request processed successfully in 62ms
2026-06-15 19:25:37.922 [INFO] api-gateway: Cache hit ratio 81%
2026-06-15 19:25:38.422 [INFO] nginx: Health check passed
2026-06-15 19:25:38.922 [WARNING] auth-service: Memory usage 92%
2026-06-15 19:25:39.422 [DEBUG] auth-service: Connection pool size 11
2026-06-15 19:25:39.922 [INFO] redis: Request processed successfully in 186ms
2026-06-15 19:25:40.422 [INFO] payment-service: Health check passed
2026-06-15 19:25:40.922 [INFO] nginx: Cache hit ratio 84%
2026-06-15 19:25:41.422 [INFO] user-service: Health check passed
2026-06-15 19:25:41.922 [INFO] auth-service: Request processed successfully in 55ms
2026-06-15 19:25:42.423 [WARNING] api-gateway: Slow query detected (28s)
2026-06-15 19:25:42.923 [INFO] user-service: Health check passed
2026-06-15 19:25:43.423 [INFO] auth-service: Health check passed
2026-06-15 19:25:43.923 [INFO] api-gateway: Request processed successfully in 193ms
2026-06-15 19:25:44.423 [ERROR] database: Deadlock detected in transaction
2026-06-15 19:25:44.923 [INFO] auth-service: Service restarted successfully
2026-06-15 19:25:45.423 [INFO] redis: Health check passed
2026-06-15 19:25:45.923 [ERROR] database: Query failed - relation 'orders' does not exist
2026-06-15 19:25:46.424 [CRITICAL] database: Connection pool exhausted
2026-06-15 19:25:46.924 [INFO] nginx: Service restarted successfully
2026-06-15 19:25:47.424 [INFO] redis: Request processed successfully in 179ms
2026-06-15 19:25:47.924 [INFO] payment-service: Request processed successfully in 170ms
2026-06-15 19:25:48.424 [INFO] database: Health check passed
2026-06-15 19:25:48.924 [DEBUG] api-gateway: Connection pool size 19
2026-06-15 19:25:49.424 [ERROR] database: Deadlock detected in transaction
2026-06-15 19:25:49.925 [INFO] api-gateway: Request processed successfully in 179ms
2026-06-15 19:25:50.425 [DEBUG] payment-service: Connection pool size 5
2026-06-15 19:25:50.925 [CRITICAL] database: Connection pool exhausted
2026-06-15 19:25:51.425 [DEBUG] redis: Connection pool size 8
2026-06-15 19:25:51.925 [ERROR] database: Connection timeout after 3487ms
2026-06-15 19:25:52.425 [WARNING] redis: Memory usage 88%
2026-06-15 19:25:52.925 [INFO] auth-service: Health check passed
2026-06-15 19:25:53.426 [CRITICAL] database: Connection pool exhausted
2026-06-15 19:25:53.926 [DEBUG] api-gateway: Connection pool size 5
2026-06-15 19:25:54.426 [INFO] user-service: Health check passed
2026-06-15 19:25:54.926 [CRITICAL] database: Out of memory error - process killed
2026-06-15 19:25:55.426 [INFO] api-gateway: Request processed successfully in 50ms
2026-06-15 19:25:55.926 [INFO] nginx: Request processed successfully in 189ms
2026-06-15 19:25:56.427 [INFO] auth-service: Cache hit ratio 85%
2026-06-15 19:25:56.927 [ERROR] database: Deadlock detected in transaction
2026-06-15 19:25:57.427 [WARNING] user-service: GC overhead limit reached
2026-06-15 19:25:57.927 [INFO] payment-service: Cache hit ratio 88%
2026-06-15 19:25:58.427 [INFO] api-gateway: Connection pool restored
2026-06-15 19:25:58.927 [INFO] payment-service: Request processed successfully in 29ms
2026-06-15 19:25:59.427 [INFO] api-gateway: Health check passed
2026-06-15 19:25:59.927 [INFO] database: Request processed successfully in 144ms
2026-06-15 19:26:00.428 [INFO] user-service: Cache hit ratio 96%
2026-06-15 19:26:00.928 [INFO] api-gateway: Health check passed
2026-06-15 19:26:01.428 [INFO] user-service: Request processed successfully in 125ms
2026-06-15 19:26:01.928 [INFO] api-gateway: Request processed successfully in 108ms
2026-06-15 19:26:02.428 [INFO] nginx: Cache hit ratio 91%
2026-06-15 19:26:02.928 [INFO] api-gateway: Cache hit ratio 83%
2026-06-15 19:26:03.428 [DEBUG] database: Connection pool size 20
2026-06-15 19:26:03.928 [WARNING] database: GC overhead limit reached
2026-06-15 19:26:04.429 [DEBUG] api-gateway: Connection pool size 5
2026-06-15 19:26:04.929 [DEBUG] payment-service: Connection pool size 18
2026-06-15 19:26:05.429 [WARNING] auth-service: Memory usage 87%
2026-06-15 19:26:05.929 [DEBUG] redis: Connection pool size 5
2026-06-15 19:26:06.429 [CRITICAL] redis: Out of memory error - process killed
2026-06-15 19:26:06.929 [INFO] api-gateway: Cache hit ratio 84%
2026-06-15 19:26:07.429 [INFO] redis: Cache hit ratio 86%
2026-06-15 19:26:07.929 [CRITICAL] nginx: Service crashed
2026-06-15 19:26:08.430 [INFO] nginx: Health check passed
2026-06-15 19:26:08.930 [INFO] payment-service: Request processed successfully in 181ms
2026-06-15 19:26:09.430 [WARNING] database: Slow query detected (27s)
2026-06-15 19:26:09.930 [WARNING] redis: GC overhead limit reached
2026-06-15 19:26:10.430 [DEBUG] payment-service: Connection pool size 19
2026-06-15 19:26:10.930 [DEBUG] redis: Connection pool size 19
2026-06-15 19:26:11.430 [INFO] api-gateway: Health check passed
2026-06-15 19:26:11.930 [DEBUG] database: Connection pool size 16
2026-06-15 19:26:12.430 [DEBUG] redis: Connection pool size 8
2026-06-15 19:26:12.931 [DEBUG] database: Connection pool size 11
2026-06-15 19:26:13.431 [ERROR] nginx: Dependency failure from redis
2026-06-15 19:26:13.931 [INFO] database: Health check passed
2026-06-15 19:26:14.431 [INFO] database: Request processed successfully in 24ms
2026-06-15 19:26:14.931 [INFO] api-gateway: Cache hit ratio 93%
2026-06-15 19:26:15.431 [INFO] database: Service restarted successfully
2026-06-15 19:26:15.931 [DEBUG] database: Connection pool size 14
2026-06-15 19:26:16.431 [DEBUG] redis: Connection pool size 8
2026-06-15 19:26:16.932 [DEBUG] auth-service: Connection pool size 12
2026-06-15 19:26:17.432 [INFO] api-gateway: Request processed successfully in 89ms
2026-06-15 19:26:17.932 [INFO] payment-service: Health check passed
2026-06-15 19:26:18.432 [INFO] redis: Cache hit ratio 83%
2026-06-15 19:26:18.932 [INFO] database: Health check passed
2026-06-15 19:26:19.432 [INFO] user-service: Cache hit ratio 91%
2026-06-15 19:26:19.932 [DEBUG] nginx: Connection pool size 6
2026-06-15 19:26:20.432 [WARNING] database: Slow query detected (7s)
2026-06-15 19:26:20.932 [INFO] user-service: Request processed successfully in 159ms
2026-06-15 19:26:21.433 [INFO] payment-service: Request processed successfully in 61ms
2026-06-15 19:26:21.933 [INFO] nginx: Cache hit ratio 96%
2026-06-15 19:26:22.433 [ERROR] database: Deadlock detected in transaction
2026-06-15 19:26:22.933 [INFO] redis: Request processed successfully in 38ms
2026-06-15 19:26:23.433 [WARNING] api-gateway: Memory usage 90%
2026-06-15 19:26:23.933 [INFO] payment-service: Request processed successfully in 141ms
2026-06-15 19:26:24.433 [ERROR] redis: Dependency failure from user-service
2026-06-15 19:26:24.934 [INFO] redis: Cache hit ratio 89%
2026-06-15 19:26:25.434 [INFO] auth-service: Request processed successfully in 197ms
2026-06-15 19:26:25.934 [INFO] user-service: Health check passed
2026-06-15 19:26:26.434 [INFO] api-gateway: Cache hit ratio 85%
2026-06-15 19:26:26.934 [INFO] database: Request processed successfully in 75ms
2026-06-15 19:26:27.434 [INFO] redis: Health check passed after recovery
2026-06-15 19:26:27.935 [INFO] database: Health check passed
2026-06-15 19:26:28.435 [DEBUG] redis: Connection pool size 20
2026-06-15 19:26:28.935 [INFO] redis: Cache hit ratio 98%
2026-06-15 19:26:29.435 [INFO] redis: Health check passed after recovery
2026-06-15 19:26:29.936 [INFO] payment-service: Request processed successfully in 90ms
2026-06-15 19:26:30.436 [DEBUG] auth-service: Connection pool size 14
2026-06-15 19:26:30.936 [INFO] api-gateway: Health check passed
2026-06-15 19:26:31.436 [ERROR] database: Request timeout after 38s
2026-06-15 19:26:31.936 [ERROR] user-service: Dependency failure from auth-service
2026-06-15 19:26:32.436 [WARNING] user-service: Slow query detected (26s)
2026-06-15 19:26:32.936 [INFO] nginx: Request processed successfully in 50ms
2026-06-15 19:26:33.436 [INFO] nginx: Cache hit ratio 94%
2026-06-15 19:26:33.937 [CRITICAL] user-service: Out of memory error - process killed
2026-06-15 19:26:34.437 [INFO] auth-service: Cache hit ratio 81%
2026-06-15 19:26:34.937 [DEBUG] auth-service: Connection pool size 17
2026-06-15 19:26:35.437 [INFO] nginx: Service restarted successfully
2026-06-15 19:26:35.937 [DEBUG] payment-service: Connection pool size 9
2026-06-15 19:26:36.437 [INFO] api-gateway: Request processed successfully in 84ms
2026-06-15 19:26:36.937 [INFO] redis: Cache hit ratio 97%
2026-06-15 19:26:37.437 [INFO] database: Cache hit ratio 97%
2026-06-15 19:26:37.937 [INFO] user-service: Health check passed
2026-06-15 19:26:38.438 [ERROR] database: Connection timeout after 2661ms
2026-06-15 19:26:38.938 [INFO] user-service: Health check passed
2026-06-15 19:26:39.438 [CRITICAL] nginx: Out of memory error - process killed
2026-06-15 19:26:39.938 [DEBUG] database: Connection pool size 15
2026-06-15 19:26:40.438 [DEBUG] redis: Connection pool size 14
2026-06-15 19:26:40.938 [INFO] payment-service: Cache hit ratio 80%
2026-06-15 19:26:41.438 [INFO] api-gateway: Service restarted successfully
2026-06-15 19:26:41.939 [DEBUG] payment-service: Connection pool size 9
2026-06-15 19:26:42.439 [INFO] api-gateway: Request processed successfully in 57ms
2026-06-15 19:26:42.939 [INFO] api-gateway: Health check passed
2026-06-15 19:26:43.439 [INFO] auth-service: Request processed successfully in 186ms
2026-06-15 19:26:43.939 [INFO] redis: Cache hit ratio 82%
2026-06-15 19:26:44.439 [CRITICAL] database: Connection pool exhausted
2026-06-15 19:26:44.939 [ERROR] database: Connection timeout after 3297ms
2026-06-15 19:26:45.439 [INFO] redis: Request processed successfully in 112ms
2026-06-15 19:26:45.940 [INFO] nginx: Cache hit ratio 96%
2026-06-15 19:26:46.440 [DEBUG] api-gateway: Connection pool size 11
2026-06-15 19:26:46.940 [INFO] payment-service: Request processed successfully in 132ms
2026-06-15 19:26:47.440 [INFO] redis: Health check passed
2026-06-15 19:26:47.940 [INFO] nginx: Health check passed after recovery
2026-06-15 19:26:48.440 [INFO] redis: Request processed successfully in 65ms
2026-06-15 19:26:48.940 [INFO] nginx: Cache hit ratio 86%
2026-06-15 19:26:49.440 [INFO] redis: Request processed successfully in 123ms
2026-06-15 19:26:49.941 [INFO] api-gateway: Health check passed
2026-06-15 19:26:50.441 [INFO] payment-service: Cache hit ratio 85%
2026-06-15 19:26:50.941 [CRITICAL] api-gateway: Out of memory error - process killed
2026-06-15 19:26:51.441 [INFO] payment-service: Connection pool restored
2026-06-15 19:26:51.941 [WARNING] nginx: Slow query detected (5s)
2026-06-15 19:26:52.441 [INFO] api-gateway: Request processed successfully in 84ms
2026-06-15 19:26:52.941 [DEBUG] user-service: Connection pool size 20
2026-06-15 19:26:53.441 [ERROR] database: Deadlock detected in transaction
2026-06-15 19:26:53.942 [DEBUG] nginx: Connection pool size 7
2026-06-15 19:26:54.442 [INFO] auth-service: Cache hit ratio 83%
2026-06-15 19:26:54.942 [INFO] api-gateway: Request processed successfully in 16ms
2026-06-15 19:26:55.442 [DEBUG] api-gateway: Connection pool size 19
2026-06-15 19:26:55.942 [INFO] api-gateway: Cache hit ratio 95%
2026-06-15 19:26:56.442 [DEBUG] user-service: Connection pool size 9
2026-06-15 19:26:56.942 [INFO] auth-service: Health check passed
2026-06-15 19:26:57.442 [INFO] payment-service: Request processed successfully in 80ms
2026-06-15 19:26:57.942 [INFO] user-service: Health check passed
2026-06-15 19:26:58.443 [INFO] payment-service: Request processed successfully in 92ms
2026-06-15 19:26:58.943 [ERROR] database: Query failed - relation 'orders' does not exist
2026-06-15 19:26:59.443 [DEBUG] api-gateway: Connection pool size 14
2026-06-15 19:26:59.943 [INFO] auth-service: Cache hit ratio 85%
2026-06-15 19:27:00.443 [INFO] database: Health check passed
2026-06-15 19:27:00.943 [INFO] payment-service: Health check passed after recovery
2026-06-15 19:27:01.443 [INFO] database: Cache hit ratio 94%
2026-06-15 19:27:01.943 [ERROR] database: Deadlock detected in transaction
2026-06-15 19:27:02.444 [WARNING] auth-service: Slow query detected (28s)
2026-06-15 19:27:02.944 [CRITICAL] payment-service: Out of memory error - process killed
2026-06-15 19:27:03.444 [INFO] auth-service: Cache hit ratio 94%
2026-06-15 19:27:03.944 [INFO] api-gateway: Request processed successfully in 127ms
2026-06-15 19:27:04.444 [INFO] nginx: Health check passed
2026-06-15 19:27:04.944 [INFO] redis: Cache hit ratio 89%
2026-06-15 19:27:05.444 [INFO] user-service: Request processed successfully in 55ms
2026-06-15 19:27:05.945 [WARNING] redis: GC overhead limit reached
2026-06-15 19:27:06.445 [ERROR] nginx: Dependency failure from auth-service
2026-06-15 19:27:06.945 [INFO] api-gateway: Cache hit ratio 80%
2026-06-15 19:27:07.445 [INFO] user-service: Request processed successfully in 136ms
2026-06-15 19:27:07.945 [INFO] redis: Health check passed
2026-06-15 19:27:08.445 [INFO] database: Health check passed
2026-06-15 19:27:08.946 [DEBUG] payment-service: Connection pool size 5
2026-06-15 19:27:09.446 [ERROR] database: Query failed - relation 'orders' does not exist
2026-06-15 19:27:09.946 [DEBUG] user-service: Connection pool size 10
2026-06-15 19:27:10.446 [INFO] user-service: Request processed successfully in 66ms
2026-06-15 19:27:10.946 [INFO] user-service: Health check passed
2026-06-15 19:27:11.446 [ERROR] database: Deadlock detected in transaction
2026-06-15 19:27:11.946 [WARNING] payment-service: Slow query detected (22s)
2026-06-15 19:27:12.446 [INFO] auth-service: Cache hit ratio 87%
2026-06-15 19:27:12.947 [INFO] database: Cache hit ratio 94%
2026-06-15 19:27:13.447 [DEBUG] redis: Connection pool size 5
2026-06-15 19:27:13.947 [INFO] database: Cache hit ratio 98%
2026-06-15 19:27:14.447 [INFO] user-service: Cache hit ratio 96%
2026-06-15 19:27:14.947 [INFO] auth-service: Health check passed
2026-06-15 19:27:15.447 [INFO] database: Cache hit ratio 97%
2026-06-15 19:27:15.947 [INFO] nginx: Request processed successfully in 91ms
2026-06-15 19:27:16.447 [INFO] payment-service: Request processed successfully in 134ms
2026-06-15 19:27:16.948 [INFO] api-gateway: Request processed successfully in 179ms
2026-06-15 19:27:17.448 [DEBUG] payment-service: Connection pool size 9
2026-06-15 19:27:17.948 [INFO] user-service: Health check passed
2026-06-15 19:27:18.448 [INFO] auth-service: Request processed successfully in 52ms
2026-06-15 19:27:18.948 [DEBUG] api-gateway: Connection pool size 15
2026-06-15 19:27:19.448 [ERROR] database: Connection timeout after 2915ms
2026-06-15 19:27:19.948 [DEBUG] api-gateway: Connection pool size 18
2026-06-15 19:27:20.448 [INFO] api-gateway: Request processed successfully in 49ms
2026-06-15 19:27:20.948 [INFO] payment-service: Request processed successfully in 106ms
2026-06-15 19:27:21.448 [INFO] nginx: Request processed successfully in 146ms
2026-06-15 19:27:21.949 [INFO] auth-service: Cache hit ratio 83%
2026-06-15 19:27:22.449 [INFO] redis: Request processed successfully in 21ms
2026-06-15 19:27:22.949 [INFO] database: Service restarted successfully
2026-06-15 19:27:23.449 [DEBUG] auth-service: Connection pool size 9
2026-06-15 19:27:23.949 [INFO] api-gateway: Request processed successfully in 32ms
2026-06-15 19:27:24.449 [DEBUG] auth-service: Connection pool size 17
2026-06-15 19:27:24.949 [ERROR] database: Connection timeout after 1673ms
2026-06-15 19:27:25.449 [DEBUG] payment-service: Connection pool size 13
2026-06-15 19:27:25.950 [WARNING] auth-service: GC overhead limit reached
2026-06-15 19:27:26.450 [CRITICAL] database: Out of memory error - process killed
2026-06-15 19:27:26.950 [DEBUG] auth-service: Connection pool size 18
2026-06-15 19:27:27.450 [INFO] payment-service: Health check passed
2026-06-15 19:27:27.950 [INFO] payment-service: Request processed successfully in 148ms
2026-06-15 19:27:28.450 [INFO] api-gateway: Health check passed
2026-06-15 19:27:28.950 [INFO] payment-service: Request processed successfully in 82ms
2026-06-15 19:27:29.450 [ERROR] database: Connection timeout after 3792ms
2026-06-15 19:27:29.950 [INFO] redis: Connection pool restored
2026-06-15 19:27:30.451 [INFO] api-gateway: Health check passed after recovery
2026-06-15 19:27:30.951 [DEBUG] auth-service: Connection pool size 19
2026-06-15 19:27:31.451 [INFO] auth-service: Request processed successfully in 22ms
2026-06-15 19:27:31.951 [DEBUG] database: Connection pool size 11
2026-06-15 19:27:32.451 [ERROR] database: Dependency failure from user-service
2026-06-15 19:27:32.951 [INFO] database: Cache hit ratio 83%
2026-06-15 19:27:33.451 [INFO] nginx: Request processed successfully in 31ms
2026-06-15 19:27:33.951 [INFO] nginx: Cache hit ratio 86%
2026-06-15 19:27:34.452 [INFO] database: Connection pool restored
2026-06-15 19:27:34.952 [INFO] api-gateway: Health check passed
2026-06-15 19:27:35.452 [INFO] redis: Health check passed
2026-06-15 19:27:35.952 [ERROR] user-service: Upstream service unavailable
2026-06-15 19:27:36.452 [DEBUG] payment-service: Connection pool size 15
2026-06-15 19:27:36.952 [CRITICAL] database: Connection pool exhausted
2026-06-15 19:27:37.453 [INFO] database: Connection pool restored
2026-06-15 19:27:37.953 [INFO] nginx: Request processed successfully in 59ms
2026-06-15 19:27:38.453 [INFO] redis: Cache hit ratio 97%
2026-06-15 19:27:38.953 [INFO] payment-service: Cache hit ratio 95%
2026-06-15 19:27:39.453 [INFO] auth-service: Connection pool restored
2026-06-15 19:27:39.953 [INFO] nginx: Cache hit ratio 81%
2026-06-15 19:27:40.453 [WARNING] database: Memory usage 94%
2026-06-15 19:27:40.953 [ERROR] database: Connection timeout after 3200ms
2026-06-15 19:27:41.453 [CRITICAL] database: Connection pool exhausted
2026-06-15 19:27:41.953 [DEBUG] redis: Connection pool size 6
2026-06-15 19:27:42.453 [INFO] database: Service restarted successfully
2026-06-15 19:27:42.954 [ERROR] database: Query failed - relation 'orders' does not exist
2026-06-15 19:27:43.454 [INFO] database: Request processed successfully in 60ms
2026-06-15 19:27:43.954 [INFO] payment-service: Health check passed
2026-06-15 19:27:44.454 [INFO] payment-service: Cache hit ratio 85%
2026-06-15 19:27:44.954 [INFO] nginx: Health check passed
2026-06-15 19:27:45.454 [INFO] auth-service: Service restarted successfully
2026-06-15 19:27:45.954 [INFO] redis: Health check passed
2026-06-15 19:27:46.454 [ERROR] user-service: Dependency failure from auth-service
2026-06-15 19:27:46.954 [INFO] nginx: Request processed successfully in 57ms
2026-06-15 19:27:47.455 [ERROR] database: Connection timeout after 3884ms
2026-06-15 19:27:47.955 [DEBUG] api-gateway: Connection pool size 6
2026-06-15 19:27:48.455 [DEBUG] api-gateway: Connection pool size 7
2026-06-15 19:27:48.955 [ERROR] database: Deadlock detected in transaction
2026-06-15 19:27:49.455 [INFO] nginx: Cache hit ratio 82%
2026-06-15 19:27:49.955 [INFO] database: Request processed successfully in 103ms
2026-06-15 19:27:50.455 [INFO] api-gateway: Request processed successfully in 118ms
2026-06-15 19:27:50.955 [DEBUG] payment-service: Connection pool size 19
2026-06-15 19:27:51.455 [INFO] redis: Request processed successfully in 200ms
2026-06-15 19:27:51.956 [CRITICAL] database: Out of memory error - process killed
2026-06-15 19:27:52.456 [INFO] nginx: Cache hit ratio 95%
2026-06-15 19:27:52.956 [INFO] api-gateway: Request processed successfully in 159ms
2026-06-15 19:27:53.456 [WARNING] database: Slow query detected (23s)
2026-06-15 19:27:53.956 [INFO] payment-service: Request processed successfully in 200ms
2026-06-15 19:27:54.456 [INFO] api-gateway: Request processed successfully in 141ms
2026-06-15 19:27:54.956 [INFO] database: Health check passed
2026-06-15 19:27:55.456 [ERROR] database: Query failed - relation 'orders' does not exist
2026-06-15 19:27:55.957 [DEBUG] auth-service: Connection pool size 20
2026-06-15 19:27:56.457 [ERROR] database: Deadlock detected in transaction
2026-06-15 19:27:56.957 [ERROR] database: Query failed - relation 'orders' does not exist
2026-06-15 19:27:57.457 [CRITICAL] database: Connection pool exhausted
2026-06-15 19:27:57.957 [DEBUG] nginx: Connection pool size 16
2026-06-15 19:27:58.457 [INFO] api-gateway: Request processed successfully in 22ms
2026-06-15 19:27:58.957 [DEBUG] nginx: Connection pool size 15
2026-06-15 19:27:59.457 [INFO] user-service: Health check passed
2026-06-15 19:27:59.957 [INFO] payment-service: Health check passed
2026-06-15 19:28:00.457 [INFO] nginx: Health check passed after recovery
2026-06-15 19:28:00.958 [INFO] nginx: Cache hit ratio 82%
2026-06-15 19:28:01.458 [INFO] database: Cache hit ratio 85%
2026-06-15 19:28:01.958 [INFO] auth-service: Cache hit ratio 86%
2026-06-15 19:28:02.458 [INFO] api-gateway: Health check passed
2026-06-15 19:28:02.958 [ERROR] nginx: Circuit breaker open for redis
2026-06-15 19:28:03.458 [INFO] auth-service: Request processed successfully in 44ms
2026-06-15 19:28:03.959 [INFO] redis: Request processed successfully in 52ms
2026-06-15 19:28:04.459 [INFO] user-service: Health check passed
2026-06-15 19:28:04.959 [INFO] redis: Request processed successfully in 52ms
2026-06-15 19:28:05.459 [INFO] database: Cache hit ratio 93%
2026-06-15 19:28:05.960 [ERROR] database: Deadlock detected in transaction
2026-06-15 19:28:06.460 [INFO] auth-service: Connection pool restored
2026-06-15 19:28:06.960 [INFO] user-service: Health check passed after recovery
2026-06-15 19:28:07.460 [INFO] database: Cache hit ratio 98%
2026-06-15 19:28:07.960 [INFO] database: Request processed successfully in 93ms
2026-06-15 19:28:08.460 [INFO] nginx: Request processed successfully in 119ms
2026-06-15 19:28:08.960 [INFO] auth-service: Request processed successfully in 74ms
2026-06-15 19:28:09.460 [INFO] api-gateway: Request processed successfully in 13ms
2026-06-15 19:28:09.961 [INFO] user-service: Request processed successfully in 97ms
2026-06-15 19:28:10.461 [ERROR] database: Query failed - relation 'orders' does not exist
2026-06-15 19:28:10.961 [INFO] nginx: Health check passed
2026-06-15 19:28:11.461 [INFO] auth-service: Cache hit ratio 98%
2026-06-15 19:28:11.961 [ERROR] nginx: Request timeout after 46s
2026-06-15 19:28:12.461 [INFO] api-gateway: Health check passed
2026-06-15 19:28:12.961 [INFO] payment-service: Request processed successfully in 54ms
2026-06-15 19:28:13.462 [INFO] redis: Request processed successfully in 123ms
2026-06-15 19:28:13.962 [INFO] nginx: Cache hit ratio 89%
2026-06-15 19:28:14.462 [CRITICAL] database: Connection pool exhausted
2026-06-15 19:28:14.962 [INFO] api-gateway: Health check passed
2026-06-15 19:28:15.462 [INFO] api-gateway: Connection pool restored
2026-06-15 19:28:15.963 [INFO] auth-service: Request processed successfully in 118ms
2026-06-15 19:28:16.463 [CRITICAL] redis: Out of memory error - process killed
2026-06-15 19:28:16.963 [INFO] nginx: Health check passed
2026-06-15 19:28:17.463 [WARNING] redis: Memory usage 87%
2026-06-15 19:28:17.963 [INFO] nginx: Request processed successfully in 168ms
2026-06-15 19:28:18.463 [CRITICAL] database: Connection pool exhausted
2026-06-15 19:28:18.963 [DEBUG] auth-service: Connection pool size 11
2026-06-15 19:28:19.463 [DEBUG] redis: Connection pool size 14
2026-06-15 19:28:19.964 [DEBUG] user-service: Connection pool size 12
2026-06-15 19:28:20.464 [ERROR] database: Deadlock detected in transaction
2026-06-15 19:28:20.964 [INFO] redis: Health check passed
2026-06-15 19:28:21.464 [INFO] api-gateway: Request processed successfully in 43ms
2026-06-15 19:28:21.964 [INFO] redis: Service restarted successfully
2026-06-15 19:28:22.464 [WARNING] nginx: GC overhead limit reached
2026-06-15 19:28:22.965 [DEBUG] nginx: Connection pool size 17
2026-06-15 19:28:23.465 [DEBUG] database: Connection pool size 8
2026-06-15 19:28:23.965 [INFO] user-service: Cache hit ratio 88%
2026-06-15 19:28:24.465 [DEBUG] api-gateway: Connection pool size 14
2026-06-15 19:28:24.965 [INFO] payment-service: Cache hit ratio 93%
2026-06-15 19:28:25.465 [CRITICAL] database: Connection pool exhausted
2026-06-15 19:28:25.966 [INFO] api-gateway: Connection pool restored
2026-06-15 19:28:26.466 [INFO] api-gateway: Health check passed
2026-06-15 19:28:26.966 [INFO] auth-service: Health check passed
2026-06-15 19:28:27.466 [INFO] nginx: Cache hit ratio 80%
2026-06-15 19:28:27.966 [DEBUG] api-gateway: Connection pool size 13
2026-06-15 19:28:28.466 [INFO] redis: Cache hit ratio 80%
2026-06-15 19:28:28.966 [INFO] database: Health check passed
2026-06-15 19:28:29.466 [DEBUG] api-gateway: Connection pool size 10
2026-06-15 19:28:29.966 [DEBUG] api-gateway: Connection pool size 8
2026-06-15 19:28:30.466 [INFO] database: Request processed successfully in 128ms
2026-06-15 19:28:30.966 [DEBUG] api-gateway: Connection pool size 13
2026-06-15 19:28:31.466 [DEBUG] nginx: Connection pool size 6
2026-06-15 19:28:31.967 [INFO] nginx: Health check passed
2026-06-15 19:28:32.467 [INFO] user-service: Health check passed
2026-06-15 19:28:32.967 [INFO] payment-service: Request processed successfully in 50ms
2026-06-15 19:28:33.467 [INFO] database: Connection pool restored
2026-06-15 19:28:33.967 [CRITICAL] database: Connection pool exhausted
2026-06-15 19:28:34.467 [INFO] redis: Cache hit ratio 85%
2026-06-15 19:28:34.967 [INFO] payment-service: Request processed successfully in 130ms
2026-06-15 19:28:35.467 [INFO] redis: Cache hit ratio 83%
2026-06-15 19:28:35.967 [INFO] payment-service: Cache hit ratio 91%
2026-06-15 19:28:36.468 [INFO] database: Request processed successfully in 147ms
2026-06-15 19:28:36.968 [CRITICAL] database: Service crashed
2026-06-15 19:28:37.468 [DEBUG] api-gateway: Connection pool size 6
2026-06-15 19:28:37.968 [INFO] api-gateway: Cache hit ratio 83%
2026-06-15 19:28:38.468 [ERROR] database: Query failed - relation 'orders' does not exist
2026-06-15 19:28:38.968 [DEBUG] redis: Connection pool size 6
2026-06-15 19:28:39.468 [ERROR] database: Deadlock detected in transaction
2026-06-15 19:28:39.969 [CRITICAL] database: Connection pool exhausted
2026-06-15 19:28:40.469 [INFO] database: Service restarted successfully
2026-06-15 19:28:40.969 [INFO] api-gateway: Cache hit ratio 85%
2026-06-15 19:28:41.469 [INFO] nginx: Request processed successfully in 96ms
2026-06-15 19:28:41.969 [INFO] nginx: Health check passed
2026-06-15 19:28:42.469 [ERROR] database: Query failed - relation 'orders' does not exist
2026-06-15 19:28:42.969 [DEBUG] api-gateway: Connection pool size 8
2026-06-15 19:28:43.469 [DEBUG] api-gateway: Connection pool size 20
2026-06-15 19:28:43.970 [INFO] api-gateway: Service restarted successfully
2026-06-15 19:28:44.470 [INFO] database: Request processed successfully in 56ms
2026-06-15 19:28:44.970 [DEBUG] auth-service: Connection pool size 13
2026-06-15 19:28:45.470 [INFO] api-gateway: Health check passed
2026-06-15 19:28:45.970 [ERROR] database: Connection timeout after 3501ms
2026-06-15 19:28:46.471 [INFO] database: Health check passed
2026-06-15 19:28:46.971 [INFO] payment-service: Health check passed
2026-06-15 19:28:47.471 [ERROR] database: Connection timeout after 2916ms
2026-06-15 19:28:47.971 [INFO] nginx: Cache hit ratio 99%
2026-06-15 19:28:48.471 [ERROR] database: Deadlock detected in transaction
2026-06-15 19:28:48.971 [INFO] payment-service: Health check passed
2026-06-15 19:28:49.471 [INFO] api-gateway: Service restarted successfully
2026-06-15 19:28:49.972 [INFO] api-gateway: Connection pool restored
2026-06-15 19:28:50.472 [INFO] user-service: Connection pool restored
2026-06-15 19:28:50.972 [INFO] redis: Health check passed
2026-06-15 19:28:51.472 [ERROR] nginx: Upstream service unavailable
2026-06-15 19:28:51.972 [DEBUG] auth-service: Connection pool size 10
2026-06-15 19:28:52.472 [INFO] redis: Health check passed
2026-06-15 19:28:52.972 [INFO] auth-service: Request processed successfully in 165ms
2026-06-15 19:28:53.472 [WARNING] api-gateway: GC overhead limit reached
2026-06-15 19:28:53.973 [INFO] api-gateway: Request processed successfully in 144ms
2026-06-15 19:28:54.473 [INFO] api-gateway: Health check passed
2026-06-15 19:28:54.973 [INFO] redis: Health check passed
2026-06-15 19:28:55.473 [ERROR] database: Deadlock detected in transaction
2026-06-15 19:28:55.973 [ERROR] database: Connection timeout after 4957ms
2026-06-15 19:28:56.473 [DEBUG] api-gateway: Connection pool size 15
2026-06-15 19:28:56.973 [DEBUG] database: Connection pool size 17
2026-06-15 19:28:57.473 [INFO] nginx: Health check passed
2026-06-15 19:28:57.973 [ERROR] database: Connection timeout after 4058ms
2026-06-15 19:28:58.474 [INFO] database: Health check passed after recovery
2026-06-15 19:28:58.974 [INFO] payment-service: Cache hit ratio 94%
2026-06-15 19:28:59.474 [INFO] payment-service: Request processed successfully in 100ms
2026-06-15 19:28:59.974 [ERROR] database: Deadlock detected in transaction
2026-06-15 19:29:00.474 [INFO] user-service: Health check passed
2026-06-15 19:29:00.974 [INFO] database: Health check passed
2026-06-15 19:29:01.474 [INFO] auth-service: Connection pool restored
2026-06-15 19:29:01.974 [INFO] redis: Service restarted successfully
2026-06-15 19:29:02.474 [INFO] redis: Cache hit ratio 98%
2026-06-15 19:29:02.974 [INFO] redis: Request processed successfully in 103ms
2026-06-15 19:29:03.475 [INFO] database: Request processed successfully in 73ms
2026-06-15 19:29:03.975 [INFO] auth-service: Cache hit ratio 80%
2026-06-15 19:29:04.475 [INFO] payment-service: Health check passed
2026-06-15 19:29:04.975 [INFO] payment-service: Cache hit ratio 84%
2026-06-15 19:29:05.475 [DEBUG] payment-service: Connection pool size 18
2026-06-15 19:29:05.975 [INFO] database: Request processed successfully in 86ms
2026-06-15 19:29:06.475 [INFO] api-gateway: Health check passed
2026-06-15 19:29:06.975 [DEBUG] redis: Connection pool size 19
2026-06-15 19:29:07.475 [DEBUG] database: Connection pool size 11
2026-06-15 19:29:07.975 [INFO] database: Cache hit ratio 89%
2026-06-15 19:29:08.476 [INFO] nginx: Cache hit ratio 83%
2026-06-15 19:29:08.976 [INFO] nginx: Health check passed
2026-06-15 19:29:09.476 [INFO] redis: Health check passed
2026-06-15 19:29:09.976 [INFO] auth-service: Request processed successfully in 84ms
2026-06-15 19:29:10.476 [DEBUG] api-gateway: Connection pool size 15
2026-06-15 19:29:10.976 [INFO] nginx: Request processed successfully in 55ms
2026-06-15 19:29:11.476 [INFO] api-gateway: Cache hit ratio 90%
2026-06-15 19:29:11.976 [INFO] payment-service: Connection pool restored
2026-06-15 19:29:12.476 [ERROR] payment-service: Dependency failure from database
2026-06-15 19:29:12.976 [INFO] database: Cache hit ratio 98%
2026-06-15 19:29:13.477 [INFO] redis: Health check passed
2026-06-15 19:29:13.977 [DEBUG] redis: Connection pool size 14
2026-06-15 19:29:14.477 [INFO] payment-service: Request processed successfully in 178ms
2026-06-15 19:29:14.977 [DEBUG] user-service: Connection pool size 19
2026-06-15 19:29:15.477 [INFO] nginx: Health check passed
2026-06-15 19:29:15.977 [ERROR] database: Connection timeout after 4306ms
2026-06-15 19:29:16.477 [DEBUG] database: Connection pool size 19
2026-06-15 19:29:16.977 [ERROR] redis: Upstream service unavailable
2026-06-15 19:29:17.477 [DEBUG] nginx: Connection pool size 14
2026-06-15 19:29:17.978 [DEBUG] database: Connection pool size 9
2026-06-15 19:29:18.478 [INFO] user-service: Request processed successfully in 30ms
2026-06-15 19:29:18.978 [INFO] payment-service: Health check passed
2026-06-15 19:29:19.478 [INFO] nginx: Connection pool restored
2026-06-15 19:29:19.978 [INFO] redis: Health check passed
2026-06-15 19:29:20.478 [DEBUG] payment-service: Connection pool size 17
2026-06-15 19:29:20.978 [INFO] database: Request processed successfully in 97ms
2026-06-15 19:29:21.478 [DEBUG] api-gateway: Connection pool size 7
2026-06-15 19:29:21.978 [INFO] redis: Cache hit ratio 85%
2026-06-15 19:29:22.478 [INFO] database: Cache hit ratio 99%
2026-06-15 19:29:22.979 [DEBUG] database: Connection pool size 15
2026-06-15 19:29:23.479 [INFO] database: Health check passed
2026-06-15 19:29:23.979 [DEBUG] api-gateway: Connection pool size 9
2026-06-15 19:29:24.479 [INFO] api-gateway: Request processed successfully in 182ms
2026-06-15 19:29:24.979 [INFO] user-service: Health check passed
2026-06-15 19:29:25.479 [DEBUG] database: Connection pool size 13
2026-06-15 19:29:25.979 [INFO] payment-service: Cache hit ratio 96%
2026-06-15 19:29:26.479 [DEBUG] redis: Connection pool size 12
2026-06-15 19:29:26.979 [INFO] user-service: Request processed successfully in 168ms
2026-06-15 19:29:27.480 [INFO] nginx: Health check passed
2026-06-15 19:29:27.980 [INFO] auth-service: Cache hit ratio 82%
2026-06-15 19:29:28.480 [INFO] nginx: Health check passed
2026-06-15 19:29:28.980 [WARNING] database: GC overhead limit reached
2026-06-15 19:29:29.480 [INFO] nginx: Health check passed
2026-06-15 19:29:29.980 [INFO] user-service: Cache hit ratio 95%
2026-06-15 19:29:30.480 [ERROR] database: Circuit breaker open for nginx
2026-06-15 19:29:30.980 [INFO] redis: Cache hit ratio 96%
2026-06-15 19:29:31.481 [INFO] api-gateway: Health check passed
2026-06-15 19:29:31.981 [INFO] payment-service: Health check passed
2026-06-15 19:29:32.481 [INFO] database: Connection pool restored
2026-06-15 19:29:32.981 [INFO] redis: Health check passed
2026-06-15 19:29:33.481 [INFO] nginx: Cache hit ratio 93%
2026-06-15 19:29:33.981 [INFO] database: Health check passed
2026-06-15 19:29:34.482 [DEBUG] user-service: Connection pool size 19
2026-06-15 19:29:34.982 [INFO] user-service: Request processed successfully in 95ms
2026-06-15 19:29:35.482 [INFO] auth-service: Health check passed after recovery
2026-06-15 19:29:35.982 [WARNING] redis: Memory usage 86%
2026-06-15 19:29:36.482 [INFO] database: Request processed successfully in 103ms
2026-06-15 19:29:36.982 [INFO] api-gateway: Health check passed
2026-06-15 19:29:37.482 [DEBUG] user-service: Connection pool size 14
2026-06-15 19:29:37.982 [ERROR] user-service: Request timeout after 55s
2026-06-15 19:29:38.483 [INFO] api-gateway: Health check passed
2026-06-15 19:29:38.983 [INFO] nginx: Request processed successfully in 168ms
2026-06-15 19:29:39.483 [DEBUG] api-gateway: Connection pool size 5
2026-06-15 19:29:39.983 [DEBUG] redis: Connection pool size 14
2026-06-15 19:29:40.483 [INFO] redis: Request processed successfully in 92ms
2026-06-15 19:29:40.983 [INFO] api-gateway: Request processed successfully in 40ms
2026-06-15 19:29:41.483 [INFO] payment-service: Request processed successfully in 83ms
2026-06-15 19:29:41.983 [INFO] payment-service: Service restarted successfully
2026-06-15 19:29:42.484 [INFO] nginx: Cache hit ratio 90%
2026-06-15 19:29:42.984 [INFO] payment-service: Health check passed
2026-06-15 19:29:43.484 [CRITICAL] database: Connection pool exhausted
2026-06-15 19:29:43.984 [DEBUG] database: Connection pool size 10
2026-06-15 19:29:44.484 [DEBUG] nginx: Connection pool size 20
2026-06-15 19:29:44.984 [INFO] database: Cache hit ratio 92%
2026-06-15 19:29:45.484 [ERROR] api-gateway: Dependency failure from user-service
2026-06-15 19:29:45.985 [INFO] api-gateway: Health check passed
2026-06-15 19:29:46.485 [INFO] auth-service: Request processed successfully in 169ms
2026-06-15 19:29:46.985 [ERROR] database: Connection timeout after 1233ms
2026-06-15 19:29:47.485 [DEBUG] user-service: Connection pool size 8
2026-06-15 19:29:47.985 [INFO] nginx: Connection pool restored
2026-06-15 19:29:48.485 [DEBUG] database: Connection pool size 5
2026-06-15 19:29:48.985 [INFO] auth-service: Cache hit ratio 97%
2026-06-15 19:29:49.485 [INFO] auth-service: Service restarted successfully
2026-06-15 19:29:49.986 [DEBUG] auth-service: Connection pool size 17
2026-06-15 19:29:50.486 [INFO] database: Cache hit ratio 94%
2026-06-15 19:29:50.986 [ERROR] database: Connection timeout after 1212ms
2026-06-15 19:29:51.486 [DEBUG] database: Connection pool size 12
2026-06-15 19:29:51.986 [INFO] user-service: Health check passed
2026-06-15 19:29:52.486 [INFO] database: Health check passed
2026-06-15 19:29:52.986 [DEBUG] nginx: Connection pool size 8
2026-06-15 19:29:53.487 [ERROR] api-gateway: Upstream service unavailable
2026-06-15 19:29:53.987 [INFO] payment-service: Cache hit ratio 94%
2026-06-15 19:29:54.487 [CRITICAL] database: Connection pool exhausted
2026-06-15 19:29:54.987 [INFO] api-gateway: Health check passed
2026-06-15 19:29:55.487 [DEBUG] api-gateway: Connection pool size 9
2026-06-15 19:29:55.987 [INFO] database: Health check passed after recovery
2026-06-15 19:29:56.487 [INFO] api-gateway: Cache hit ratio 97%
2026-06-15 19:29:56.988 [CRITICAL] redis: Service crashed
2026-06-15 19:29:57.488 [DEBUG] payment-service: Connection pool size 18
2026-06-15 19:29:57.988 [INFO] auth-service: Cache hit ratio 81%
2026-06-15 19:29:58.488 [INFO] auth-service: Request processed successfully in 47ms
2026-06-15 19:29:58.988 [INFO] redis: Cache hit ratio 94%
2026-06-15 19:29:59.488 [INFO] redis: Request processed successfully in 53ms
2026-06-15 19:29:59.988 [INFO] redis: Request processed successfully in 70ms
2026-06-15 19:30:00.488 [INFO] user-service: Cache hit ratio 80%
2026-06-15 19:30:00.989 [INFO] auth-service: Connection pool restored
2026-06-15 19:30:01.489 [INFO] redis: Request processed successfully in 62ms
2026-06-15 19:30:01.989 [WARNING] redis: Memory usage 93%
2026-06-15 19:30:02.489 [INFO] api-gateway: Cache hit ratio 80%
2026-06-15 19:30:02.989 [INFO] auth-service: Request processed successfully in 69ms
2026-06-15 19:30:03.489 [INFO] nginx: Health check passed
2026-06-15 19:30:03.989 [INFO] redis: Health check passed
2026-06-15 19:30:04.489 [INFO] nginx: Request processed successfully in 27ms
2026-06-15 19:30:04.990 [DEBUG] redis: Connection pool size 13
2026-06-15 19:30:05.490 [INFO] payment-service: Request processed successfully in 45ms
2026-06-15 19:30:05.990 [INFO] auth-service: Request processed successfully in 84ms
2026-06-15 19:30:06.490 [INFO] redis: Request processed successfully in 118ms
2026-06-15 19:30:06.990 [INFO] auth-service: Request processed successfully in 19ms
2026-06-15 19:30:07.490 [INFO] api-gateway: Health check passed
2026-06-15 19:30:07.990 [ERROR] payment-service: Upstream service unavailable
2026-06-15 19:30:08.490 [DEBUG] auth-service: Connection pool size 20
2026-06-15 19:30:08.991 [INFO] nginx: Health check passed
2026-06-15 19:30:09.491 [DEBUG] database: Connection pool size 19
2026-06-15 19:30:09.991 [INFO] database: Request processed successfully in 65ms
2026-06-15 19:30:10.491 [ERROR] database: Query failed - relation 'orders' does not exist
2026-06-15 19:30:10.991 [INFO] database: Request processed successfully in 200ms
2026-06-15 19:30:11.491 [DEBUG] auth-service: Connection pool size 16
2026-06-15 19:30:11.991 [DEBUG] api-gateway: Connection pool size 6
2026-06-15 19:30:12.491 [INFO] payment-service: Health check passed
2026-06-15 19:30:12.992 [ERROR] database: Deadlock detected in transaction
2026-06-15 19:30:13.492 [DEBUG] user-service: Connection pool size 19
2026-06-15 19:30:13.992 [ERROR] database: Query failed - relation 'orders' does not exist
2026-06-15 19:30:14.492 [DEBUG] auth-service: Connection pool size 19
2026-06-15 19:30:14.992 [INFO] nginx: Service restarted successfully
2026-06-15 19:30:15.492 [INFO] auth-service: Request processed successfully in 139ms
2026-06-15 19:30:15.992 [ERROR] nginx: Dependency failure from redis
2026-06-15 19:30:16.493 [INFO] database: Request processed successfully in 27ms
2026-06-15 19:30:16.993 [INFO] nginx: Request processed successfully in 114ms
2026-06-15 19:30:17.493 [DEBUG] database: Connection pool size 17
2026-06-15 19:30:17.993 [INFO] api-gateway: Health check passed
2026-06-15 19:30:18.493 [INFO] database: Health check passed
2026-06-15 19:30:18.993 [INFO] redis: Cache hit ratio 93%
2026-06-15 19:30:19.493 [INFO] nginx: Request processed successfully in 166ms
2026-06-15 19:30:19.993 [INFO] api-gateway: Request processed successfully in 177ms
2026-06-15 19:30:20.494 [INFO] api-gateway: Health check passed
2026-06-15 19:30:20.994 [INFO] auth-service: Request processed successfully in 188ms
2026-06-15 19:30:21.494 [INFO] redis: Cache hit ratio 99%
2026-06-15 19:30:21.994 [INFO] redis: Cache hit ratio 83%
2026-06-15 19:30:22.494 [ERROR] database: Connection timeout after 1663ms
2026-06-15 19:30:22.994 [INFO] user-service: Cache hit ratio 80%
2026-06-15 19:30:23.494 [INFO] payment-service: Cache hit ratio 89%
2026-06-15 19:30:23.994 [INFO] payment-service: Cache hit ratio 81%
2026-06-15 19:30:24.495 [INFO] auth-service: Request processed successfully in 140ms
2026-06-15 19:30:24.995 [INFO] api-gateway: Request processed successfully in 178ms
2026-06-15 19:30:25.495 [INFO] nginx: Request processed successfully in 94ms
2026-06-15 19:30:25.995 [DEBUG] user-service: Connection pool size 6
2026-06-15 19:30:26.495 [INFO] user-service: Request processed successfully in 161ms
2026-06-15 19:30:26.996 [INFO] payment-service: Health check passed
2026-06-15 19:30:27.496 [INFO] api-gateway: Cache hit ratio 86%
2026-06-15 19:30:27.996 [ERROR] redis: Circuit breaker open for payment-service
2026-06-15 19:30:28.496 [INFO] auth-service: Health check passed
2026-06-15 19:30:28.996 [INFO] redis: Health check passed after recovery
2026-06-15 19:30:29.496 [DEBUG] nginx: Connection pool size 10
2026-06-15 19:30:29.997 [INFO] payment-service: Health check passed
2026-06-15 19:30:30.497 [INFO] auth-service: Health check passed
2026-06-15 19:30:30.997 [INFO] database: Health check passed
2026-06-15 19:30:31.497 [INFO] auth-service: Connection pool restored
2026-06-15 19:30:31.997 [ERROR] auth-service: Request timeout after 50s
2026-06-15 19:30:32.497 [DEBUG] api-gateway: Connection pool size 17
2026-06-15 19:30:32.997 [INFO] payment-service: Request processed successfully in 34ms
2026-06-15 19:30:33.498 [ERROR] database: Deadlock detected in transaction
2026-06-15 19:30:33.998 [INFO] user-service: Health check passed
2026-06-15 19:30:34.498 [DEBUG] nginx: Connection pool size 9
2026-06-15 19:30:34.998 [INFO] redis: Request processed successfully in 38ms
2026-06-15 19:30:35.498 [INFO] user-service: Health check passed
2026-06-15 19:30:35.998 [ERROR] user-service: Dependency failure from auth-service
2026-06-15 19:30:36.499 [INFO] redis: Request processed successfully in 87ms
2026-06-15 19:30:36.999 [DEBUG] api-gateway: Connection pool size 12
2026-06-15 19:30:37.499 [INFO] redis: Cache hit ratio 91%
2026-06-15 19:30:37.999 [INFO] nginx: Health check passed after recovery
2026-06-15 19:30:38.499 [INFO] redis: Health check passed
2026-06-15 19:30:38.999 [INFO] api-gateway: Cache hit ratio 88%
2026-06-15 19:30:39.500 [DEBUG] user-service: Connection pool size 11
2026-06-15 19:30:40.000 [INFO] user-service: Request processed successfully in 144ms
2026-06-15 19:30:40.500 [INFO] auth-service: Request processed successfully in 165ms
2026-06-15 19:30:41.000 [DEBUG] redis: Connection pool size 13
2026-06-15 19:30:41.500 [WARNING] nginx: Memory usage 88%
2026-06-15 19:30:42.000 [INFO] auth-service: Cache hit ratio 87%
2026-06-15 19:30:42.500 [INFO] auth-service: Health check passed
2026-06-15 19:30:43.000 [DEBUG] user-service: Connection pool size 19
2026-06-15 19:30:43.501 [DEBUG] payment-service: Connection pool size 17
2026-06-15 19:30:44.001 [INFO] auth-service: Request processed successfully in 192ms
2026-06-15 19:30:44.501 [ERROR] redis: Request timeout after 34s
2026-06-15 19:30:45.001 [INFO] user-service: Health check passed after recovery
2026-06-15 19:30:45.501 [WARNING] user-service: Memory usage 86%
2026-06-15 19:30:46.001 [DEBUG] auth-service: Connection pool size 16
2026-06-15 19:30:46.501 [INFO] redis: Health check passed
2026-06-15 19:30:47.002 [ERROR] api-gateway: Circuit breaker open for user-service
2026-06-15 19:30:47.502 [DEBUG] user-service: Connection pool size 12
2026-06-15 19:30:48.002 [DEBUG] redis: Connection pool size 13
2026-06-15 19:30:48.502 [INFO] user-service: Health check passed
2026-06-15 19:30:49.002 [INFO] user-service: Cache hit ratio 94%
2026-06-15 19:30:49.502 [INFO] user-service: Cache hit ratio 97%
2026-06-15 19:30:50.002 [INFO] nginx: Cache hit ratio 98%
2026-06-15 19:30:50.502 [INFO] auth-service: Cache hit ratio 98%
2026-06-15 19:30:51.002 [INFO] auth-service: Health check passed
2026-06-15 19:30:51.502 [INFO] nginx: Request processed successfully in 69ms
2026-06-15 19:30:52.003 [DEBUG] payment-service: Connection pool size 8
2026-06-15 19:30:52.503 [INFO] redis: Cache hit ratio 82%
2026-06-15 19:30:53.003 [CRITICAL] database: Connection pool exhausted
2026-06-15 19:30:53.503 [INFO] nginx: Health check passed
2026-06-15 19:30:54.003 [INFO] auth-service: Health check passed
2026-06-15 19:30:54.503 [INFO] api-gateway: Cache hit ratio 87%
2026-06-15 19:30:55.003 [INFO] user-service: Cache hit ratio 96%
2026-06-15 19:30:55.503 [DEBUG] nginx: Connection pool size 15
2026-06-15 19:30:56.003 [DEBUG] auth-service: Connection pool size 12
2026-06-15 19:30:56.503 [ERROR] database: Connection timeout after 4245ms
2026-06-15 19:30:57.004 [INFO] api-gateway: Request processed successfully in 155ms
2026-06-15 19:30:57.504 [CRITICAL] database: Connection pool exhausted
2026-06-15 19:30:58.004 [INFO] nginx: Health check passed
2026-06-15 19:30:58.504 [INFO] database: Request processed successfully in 56ms
2026-06-15 19:30:59.004 [INFO] api-gateway: Request processed successfully in 15ms
2026-06-15 19:30:59.504 [INFO] payment-service: Cache hit ratio 99%
2026-06-15 19:31:00.004 [INFO] nginx: Cache hit ratio 89%
2026-06-15 19:31:00.504 [INFO] auth-service: Health check passed
2026-06-15 19:31:01.005 [INFO] database: Health check passed
2026-06-15 19:31:01.505 [INFO] database: Health check passed
2026-06-15 19:31:02.005 [INFO] redis: Request processed successfully in 126ms
2026-06-15 19:31:02.505 [DEBUG] redis: Connection pool size 14
2026-06-15 19:31:03.005 [ERROR] database: Connection timeout after 3992ms
2026-06-15 19:31:03.505 [DEBUG] auth-service: Connection pool size 14
2026-06-15 19:31:04.005 [WARNING] auth-service: Slow query detected (10s)
2026-06-15 19:31:04.505 [WARNING] api-gateway: GC overhead limit reached
2026-06-15 19:31:05.006 [INFO] redis: Request processed successfully in 167ms
2026-06-15 19:31:05.506 [DEBUG] redis: Connection pool size 8
2026-06-15 19:31:06.006 [CRITICAL] database: Connection pool exhausted
2026-06-15 19:31:06.506 [INFO] auth-service: Health check passed
2026-06-15 19:31:07.006 [INFO] auth-service: Health check passed
2026-06-15 19:31:07.506 [DEBUG] api-gateway: Connection pool size 9
2026-06-15 19:31:08.006 [CRITICAL] user-service: Service crashed
2026-06-15 19:31:08.507 [INFO] payment-service: Request processed successfully in 106ms
2026-06-15 19:31:09.007 [DEBUG] database: Connection pool size 15
2026-06-15 19:31:09.507 [INFO] auth-service: Cache hit ratio 82%
2026-06-15 19:31:10.007 [INFO] auth-service: Request processed successfully in 73ms
2026-06-15 19:31:10.507 [INFO] api-gateway: Request processed successfully in 30ms
2026-06-15 19:31:11.007 [DEBUG] payment-service: Connection pool size 8
2026-06-15 19:31:11.507 [INFO] user-service: Health check passed
2026-06-15 19:31:12.007 [ERROR] database: Circuit breaker open for user-service
2026-06-15 19:31:12.507 [INFO] nginx: Request processed successfully in 55ms
2026-06-15 19:31:13.007 [DEBUG] user-service: Connection pool size 7
2026-06-15 19:31:13.507 [INFO] payment-service: Request processed successfully in 72ms
2026-06-15 19:31:14.008 [INFO] payment-service: Request processed successfully in 155ms
2026-06-15 19:31:14.508 [DEBUG] auth-service: Connection pool size 20
2026-06-15 19:31:15.008 [DEBUG] payment-service: Connection pool size 13
2026-06-15 19:31:15.508 [INFO] user-service: Health check passed
2026-06-15 19:31:16.008 [INFO] database: Health check passed
2026-06-15 19:31:16.508 [ERROR] database: Query failed - relation 'orders' does not exist
2026-06-15 19:31:17.008 [ERROR] database: Deadlock detected in transaction
2026-06-15 19:31:17.509 [CRITICAL] database: Connection pool exhausted
2026-06-15 19:31:18.009 [DEBUG] redis: Connection pool size 17
2026-06-15 19:31:18.509 [CRITICAL] database: Connection pool exhausted
2026-06-15 19:31:19.009 [DEBUG] nginx: Connection pool size 7
2026-06-15 19:31:19.509 [INFO] api-gateway: Request processed successfully in 33ms
2026-06-15 19:31:20.009 [ERROR] api-gateway: Dependency failure from auth-service
2026-06-15 19:31:20.509 [INFO] redis: Service restarted successfully
2026-06-15 19:31:21.009 [CRITICAL] database: Connection pool exhausted
2026-06-15 19:31:21.510 [DEBUG] user-service: Connection pool size 17
2026-06-15 19:31:22.010 [DEBUG] database: Connection pool size 5
2026-06-15 19:31:22.510 [INFO] user-service: Service restarted successfully
2026-06-15 19:31:23.010 [INFO] user-service: Request processed successfully in 87ms
2026-06-15 19:31:23.510 [INFO] redis: Request processed successfully in 198ms
2026-06-15 19:31:24.010 [INFO] api-gateway: Request processed successfully in 28ms
2026-06-15 19:31:24.510 [INFO] payment-service: Request processed successfully in 19ms
2026-06-15 19:31:25.010 [WARNING] nginx: Slow query detected (15s)
2026-06-15 19:31:25.510 [INFO] auth-service: Cache hit ratio 83%
2026-06-15 19:31:26.011 [INFO] database: Cache hit ratio 88%
2026-06-15 19:31:26.511 [INFO] auth-service: Connection pool restored
2026-06-15 19:31:27.011 [INFO] database: Request processed successfully in 196ms
2026-06-15 19:31:27.511 [INFO] user-service: Cache hit ratio 90%
2026-06-15 19:31:28.011 [INFO] payment-service: Health check passed
2026-06-15 19:31:28.511 [DEBUG] user-service: Connection pool size 20
2026-06-15 19:31:29.011 [ERROR] redis: Request timeout after 38s
2026-06-15 19:31:29.511 [INFO] user-service: Request processed successfully in 151ms
2026-06-15 19:31:30.011 [DEBUG] auth-service: Connection pool size 9
2026-06-15 19:31:30.512 [INFO] redis: Health check passed
2026-06-15 19:31:31.012 [INFO] payment-service: Request processed successfully in 24ms
2026-06-15 19:31:31.512 [INFO] database: Request processed successfully in 91ms
2026-06-15 19:31:32.012 [DEBUG] payment-service: Connection pool size 17
2026-06-15 19:31:32.512 [DEBUG] api-gateway: Connection pool size 17
2026-06-15 19:31:33.012 [INFO] redis: Request processed successfully in 168ms
2026-06-15 19:31:33.512 [DEBUG] nginx: Connection pool size 7
2026-06-15 19:31:34.013 [INFO] auth-service: Request processed successfully in 76ms
2026-06-15 19:31:34.513 [DEBUG] nginx: Connection pool size 5
2026-06-15 19:31:35.013 [INFO] database: Cache hit ratio 83%
2026-06-15 19:31:35.513 [DEBUG] user-service: Connection pool size 9
2026-06-15 19:31:36.013 [INFO] auth-service: Cache hit ratio 96%
2026-06-15 19:31:36.513 [INFO] nginx: Cache hit ratio 98%
2026-06-15 19:31:37.013 [INFO] redis: Request processed successfully in 198ms
2026-06-15 19:31:37.514 [INFO] user-service: Health check passed after recovery
2026-06-15 19:31:38.014 [WARNING] redis: GC overhead limit reached
2026-06-15 19:31:38.514 [DEBUG] payment-service: Connection pool size 15
2026-06-15 19:31:39.014 [WARNING] auth-service: Memory usage 92%
2026-06-15 19:31:39.514 [CRITICAL] redis: Service crashed
2026-06-15 19:31:40.014 [WARNING] auth-service: GC overhead limit reached
2026-06-15 19:31:40.514 [ERROR] nginx: Request timeout after 41s
2026-06-15 19:31:41.015 [INFO] user-service: Health check passed
2026-06-15 19:31:41.515 [CRITICAL] redis: Out of memory error - process killed
2026-06-15 19:31:42.015 [INFO] api-gateway: Request processed successfully in 51ms
2026-06-15 19:31:42.515 [ERROR] user-service: Upstream service unavailable
2026-06-15 19:31:43.015 [ERROR] database: Connection timeout after 4682ms
2026-06-15 19:31:43.515 [CRITICAL] database: Connection pool exhausted
2026-06-15 19:31:44.015 [INFO] nginx: Request processed successfully in 182ms
2026-06-15 19:31:44.516 [INFO] payment-service: Cache hit ratio 81%
2026-06-15 19:31:45.016 [INFO] nginx: Request processed successfully in 83ms
2026-06-15 19:31:45.516 [ERROR] database: Query failed - relation 'orders' does not exist
2026-06-15 19:31:46.016 [CRITICAL] user-service: Out of memory error - process killed
2026-06-15 19:31:46.516 [ERROR] database: Deadlock detected in transaction
2026-06-15 19:31:47.016 [DEBUG] payment-service: Connection pool size 8
2026-06-15 19:31:47.516 [ERROR] redis: Request timeout after 35s
2026-06-15 19:31:48.016 [INFO] database: Request processed successfully in 57ms
2026-06-15 19:31:48.516 [DEBUG] payment-service: Connection pool size 5
2026-06-15 19:31:49.016 [INFO] redis: Request processed successfully in 83ms
2026-06-15 19:31:49.516 [INFO] user-service: Health check passed after recovery
2026-06-15 19:31:50.017 [INFO] database: Request processed successfully in 14ms
2026-06-15 19:31:50.517 [INFO] auth-service: Request processed successfully in 78ms
2026-06-15 19:31:51.017 [INFO] payment-service: Cache hit ratio 97%
2026-06-15 19:31:51.517 [ERROR] database: Deadlock detected in transaction
2026-06-15 19:31:52.017 [INFO] payment-service: Health check passed
2026-06-15 19:31:52.517 [CRITICAL] database: Out of memory error - process killed
2026-06-15 19:31:53.017 [INFO] redis: Request processed successfully in 168ms
2026-06-15 19:31:53.517 [INFO] user-service: Request processed successfully in 38ms
2026-06-15 19:31:54.017 [DEBUG] database: Connection pool size 18
2026-06-15 19:31:54.517 [DEBUG] redis: Connection pool size 7
2026-06-15 19:31:55.018 [DEBUG] api-gateway: Connection pool size 7
2026-06-15 19:31:55.518 [INFO] user-service: Request processed successfully in 38ms
2026-06-15 19:31:56.018 [INFO] nginx: Health check passed
2026-06-15 19:31:56.518 [INFO] api-gateway: Health check passed
2026-06-15 19:31:57.018 [INFO] payment-service: Request processed successfully in 155ms
2026-06-15 19:31:57.518 [INFO] nginx: Request processed successfully in 200ms
2026-06-15 19:31:58.018 [INFO] api-gateway: Health check passed
2026-06-15 19:31:58.518 [INFO] database: Cache hit ratio 86%
2026-06-15 19:31:59.018 [WARNING] payment-service: GC overhead limit reached
2026-06-15 19:31:59.518 [INFO] payment-service: Request processed successfully in 87ms
2026-06-15 19:32:00.019 [CRITICAL] database: Connection pool exhausted
2026-06-15 19:32:00.519 [ERROR] database: Deadlock detected in transaction
2026-06-15 19:32:01.019 [INFO] auth-service: Request processed successfully in 142ms
2026-06-15 19:32:01.519 [INFO] payment-service: Cache hit ratio 85%
2026-06-15 19:32:02.019 [INFO] redis: Health check passed
2026-06-15 19:32:02.519 [ERROR] database: Request timeout after 49s
2026-06-15 19:32:03.019 [INFO] database: Cache hit ratio 99%
2026-06-15 19:32:03.519 [INFO] database: Health check passed
2026-06-15 19:32:04.019 [INFO] user-service: Request processed successfully in 26ms
2026-06-15 19:32:04.519 [INFO] auth-service: Cache hit ratio 96%
2026-06-15 19:32:05.020 [INFO] auth-service: Health check passed
2026-06-15 19:32:05.520 [ERROR] database: Connection timeout after 4380ms
2026-06-15 19:32:06.020 [CRITICAL] database: Connection pool exhausted
2026-06-15 19:32:06.520 [DEBUG] api-gateway: Connection pool size 7
2026-06-15 19:32:07.020 [ERROR] database: Deadlock detected in transaction
2026-06-15 19:32:07.520 [ERROR] database: Query failed - relation 'orders' does not exist
2026-06-15 19:32:08.020 [ERROR] redis: Circuit breaker open for api-gateway
2026-06-15 19:32:08.520 [DEBUG] user-service: Connection pool size 11
2026-06-15 19:32:09.020 [INFO] auth-service: Request processed successfully in 121ms
2026-06-15 19:32:09.520 [WARNING] user-service: Memory usage 95%
2026-06-15 19:32:10.021 [INFO] auth-service: Cache hit ratio 81%
2026-06-15 19:32:10.521 [DEBUG] user-service: Connection pool size 7
2026-06-15 19:32:11.021 [CRITICAL] redis: Out of memory error - process killed
2026-06-15 19:32:11.521 [INFO] database: Request processed successfully in 123ms
2026-06-15 19:32:12.021 [INFO] api-gateway: Health check passed
2026-06-15 19:32:12.521 [INFO] auth-service: Health check passed after recovery
2026-06-15 19:32:13.021 [ERROR] database: Query failed - relation 'orders' does not exist
2026-06-15 19:32:13.521 [INFO] redis: Health check passed after recovery
2026-06-15 19:32:14.021 [INFO] redis: Health check passed
2026-06-15 19:32:14.521 [INFO] payment-service: Request processed successfully in 81ms
2026-06-15 19:32:15.022 [INFO] api-gateway: Request processed successfully in 139ms
2026-06-15 19:32:15.522 [ERROR] database: Deadlock detected in transaction
2026-06-15 19:32:16.022 [ERROR] api-gateway: Upstream service unavailable
2026-06-15 19:32:16.522 [DEBUG] nginx: Connection pool size 5
2026-06-15 19:32:17.022 [ERROR] database: Connection timeout after 1330ms
2026-06-15 19:32:17.522 [CRITICAL] database: Connection pool exhausted
2026-06-15 19:32:18.022 [INFO] database: Cache hit ratio 97%
2026-06-15 19:32:18.522 [INFO] auth-service: Cache hit ratio 81%
2026-06-15 19:32:19.022 [INFO] payment-service: Health check passed
2026-06-15 19:32:19.523 [INFO] database: Request processed successfully in 14ms
2026-06-15 19:32:20.023 [INFO] payment-service: Cache hit ratio 91%
2026-06-15 19:32:20.523 [ERROR] payment-service: Upstream service unavailable
2026-06-15 19:32:21.023 [INFO] payment-service: Health check passed
2026-06-15 19:32:21.523 [ERROR] nginx: Upstream service unavailable
2026-06-15 19:32:22.023 [INFO] nginx: Health check passed
2026-06-15 19:32:22.523 [DEBUG] user-service: Connection pool size 12
2026-06-15 19:32:23.023 [DEBUG] redis: Connection pool size 19
2026-06-15 19:32:23.523 [WARNING] redis: Memory usage 90%
2026-06-15 19:32:24.024 [DEBUG] database: Connection pool size 15
2026-06-15 19:32:24.524 [DEBUG] payment-service: Connection pool size 8
2026-06-15 19:32:25.024 [ERROR] database: Connection timeout after 4792ms
2026-06-15 19:32:25.524 [INFO] payment-service: Cache hit ratio 99%
2026-06-15 19:32:26.024 [INFO] auth-service: Cache hit ratio 90%
2026-06-15 19:32:26.524 [ERROR] database: Connection timeout after 4326ms
2026-06-15 19:32:27.024 [INFO] database: Service restarted successfully
2026-06-15 19:32:27.524 [INFO] payment-service: Health check passed
2026-06-15 19:32:28.025 [DEBUG] redis: Connection pool size 18
2026-06-15 19:32:28.525 [INFO] redis: Cache hit ratio 90%
2026-06-15 19:32:29.025 [INFO] redis: Health check passed
2026-06-15 19:32:29.525 [INFO] nginx: Cache hit ratio 94%
2026-06-15 19:32:30.025 [INFO] nginx: Health check passed
2026-06-15 19:32:30.525 [INFO] user-service: Request processed successfully in 84ms
2026-06-15 19:32:31.025 [INFO] database: Request processed successfully in 31ms
2026-06-15 19:32:31.525 [INFO] nginx: Request processed successfully in 156ms
2026-06-15 19:32:32.026 [INFO] database: Cache hit ratio 94%
2026-06-15 19:32:32.526 [DEBUG] user-service: Connection pool size 8
2026-06-15 19:32:33.026 [DEBUG] database: Connection pool size 11
2026-06-15 19:32:33.526 [INFO] user-service: Cache hit ratio 84%
2026-06-15 19:32:34.026 [INFO] nginx: Request processed successfully in 146ms
2026-06-15 19:32:34.526 [INFO] database: Request processed successfully in 88ms
2026-06-15 19:32:35.026 [INFO] redis: Request processed successfully in 156ms
2026-06-15 19:32:35.527 [ERROR] database: Query failed - relation 'orders' does not exist
2026-06-15 19:32:36.027 [DEBUG] user-service: Connection pool size 14
2026-06-15 19:32:36.527 [WARNING] database: Memory usage 88%
2026-06-15 19:32:37.027 [DEBUG] database: Connection pool size 11
2026-06-15 19:32:37.527 [INFO] redis: Cache hit ratio 84%
2026-06-15 19:32:38.027 [DEBUG] user-service: Connection pool size 9
2026-06-15 19:32:38.527 [WARNING] user-service: Slow query detected (25s)
2026-06-15 19:32:39.027 [INFO] nginx: Cache hit ratio 85%
2026-06-15 19:32:39.527 [INFO] user-service: Request processed successfully in 71ms
2026-06-15 19:32:40.028 [INFO] user-service: Request processed successfully in 186ms
2026-06-15 19:32:40.528 [DEBUG] nginx: Connection pool size 8
2026-06-15 19:32:41.028 [ERROR] database: Connection timeout after 4381ms
2026-06-15 19:32:41.528 [ERROR] redis: Upstream service unavailable
2026-06-15 19:32:42.028 [INFO] user-service: Cache hit ratio 92%
2026-06-15 19:32:42.528 [INFO] auth-service: Health check passed after recovery
2026-06-15 19:32:43.028 [DEBUG] database: Connection pool size 14
2026-06-15 19:32:43.528 [DEBUG] redis: Connection pool size 10
2026-06-15 19:32:44.028 [INFO] user-service: Cache hit ratio 90%
2026-06-15 19:32:44.529 [INFO] redis: Request processed successfully in 183ms
2026-06-15 19:32:45.029 [INFO] redis: Health check passed
2026-06-15 19:32:45.529 [INFO] database: Request processed successfully in 179ms
2026-06-15 19:32:46.029 [CRITICAL] nginx: Service crashed
2026-06-15 19:32:46.529 [ERROR] database: Connection timeout after 3687ms
2026-06-15 19:32:47.029 [INFO] auth-service: Request processed successfully in 129ms
2026-06-15 19:32:47.529 [INFO] api-gateway: Cache hit ratio 99%
2026-06-15 19:32:48.029 [INFO] api-gateway: Cache hit ratio 83%
2026-06-15 19:32:48.529 [INFO] database: Health check passed
2026-06-15 19:32:49.029 [INFO] database: Request processed successfully in 128ms
2026-06-15 19:32:49.530 [INFO] database: Cache hit ratio 95%
2026-06-15 19:32:50.030 [INFO] nginx: Health check passed after recovery
2026-06-15 19:32:50.530 [ERROR] redis: Circuit breaker open for auth-service
2026-06-15 19:32:51.030 [INFO] auth-service: Request processed successfully in 110ms
2026-06-15 19:32:51.530 [ERROR] database: Connection timeout after 2055ms
2026-06-15 19:32:52.030 [DEBUG] user-service: Connection pool size 13
2026-06-15 19:32:52.530 [ERROR] database: Query failed - relation 'orders' does not exist
2026-06-15 19:32:53.030 [DEBUG] payment-service: Connection pool size 5
2026-06-15 19:32:53.531 [DEBUG] nginx: Connection pool size 18
2026-06-15 19:32:54.031 [DEBUG] payment-service: Connection pool size 19
2026-06-15 19:32:54.531 [INFO] api-gateway: Health check passed
2026-06-15 19:32:55.031 [DEBUG] redis: Connection pool size 7
2026-06-15 19:32:55.531 [DEBUG] user-service: Connection pool size 9
2026-06-15 19:32:56.031 [INFO] nginx: Cache hit ratio 97%
2026-06-15 19:32:56.531 [CRITICAL] database: Connection pool exhausted
2026-06-15 19:32:57.032 [WARNING] database: Slow query detected (27s)
2026-06-15 19:32:57.532 [DEBUG] api-gateway: Connection pool size 13
2026-06-15 19:32:58.032 [INFO] user-service: Health check passed
2026-06-15 19:32:58.532 [ERROR] database: Connection timeout after 2619ms
2026-06-15 19:32:59.032 [INFO] nginx: Health check passed
2026-06-15 19:32:59.532 [CRITICAL] database: Connection pool exhausted
2026-06-15 19:33:00.032 [DEBUG] database: Connection pool size 8
2026-06-15 19:33:00.532 [INFO] database: Cache hit ratio 80%
2026-06-15 19:33:01.032 [INFO] auth-service: Health check passed after recovery
2026-06-15 19:33:01.533 [ERROR] user-service: Request timeout after 33s
2026-06-15 19:33:02.033 [ERROR] database: Deadlock detected in transaction
2026-06-15 19:33:02.533 [INFO] database: Health check passed
2026-06-15 19:33:03.033 [CRITICAL] database: Connection pool exhausted
2026-06-15 19:33:03.533 [INFO] nginx: Health check passed
2026-06-15 19:33:04.033 [DEBUG] user-service: Connection pool size 5
2026-06-15 19:33:04.533 [ERROR] database: Deadlock detected in transaction
2026-06-15 19:33:05.033 [DEBUG] user-service: Connection pool size 19
2026-06-15 19:33:05.533 [INFO] nginx: Request processed successfully in 13ms
2026-06-15 19:33:06.034 [INFO] auth-service: Cache hit ratio 88%
2026-06-15 19:33:06.534 [INFO] database: Cache hit ratio 80%
2026-06-15 19:33:07.034 [ERROR] database: Query failed - relation 'orders' does not exist
2026-06-15 19:33:07.534 [WARNING] auth-service: Slow query detected (15s)
2026-06-15 19:33:08.034 [INFO] payment-service: Request processed successfully in 137ms
2026-06-15 19:33:08.534 [INFO] payment-service: Cache hit ratio 91%
2026-06-15 19:33:09.034 [DEBUG] nginx: Connection pool size 19
2026-06-15 19:33:09.534 [INFO] user-service: Health check passed
2026-06-15 19:33:10.034 [INFO] payment-service: Request processed successfully in 168ms
2026-06-15 19:33:10.534 [INFO] database: Request processed successfully in 44ms
2026-06-15 19:33:11.035 [INFO] nginx: Cache hit ratio 87%
2026-06-15 19:33:11.535 [DEBUG] payment-service: Connection pool size 19
2026-06-15 19:33:12.035 [DEBUG] api-gateway: Connection pool size 20
2026-06-15 19:33:12.535 [DEBUG] user-service: Connection pool size 8
2026-06-15 19:33:13.035 [INFO] database: Request processed successfully in 85ms
2026-06-15 19:33:13.535 [ERROR] database: Query failed - relation 'orders' does not exist
2026-06-15 19:33:14.035 [INFO] payment-service: Health check passed
2026-06-15 19:33:14.535 [INFO] redis: Health check passed after recovery
2026-06-15 19:33:15.035 [INFO] payment-service: Health check passed after recovery
2026-06-15 19:33:15.536 [INFO] redis: Cache hit ratio 85%
2026-06-15 19:33:16.036 [DEBUG] redis: Connection pool size 15
2026-06-15 19:33:16.536 [ERROR] database: Deadlock detected in transaction
2026-06-15 19:33:17.036 [INFO] redis: Health check passed
2026-06-15 19:33:17.536 [INFO] api-gateway: Request processed successfully in 25ms
2026-06-15 19:33:18.036 [INFO] database: Connection pool restored
2026-06-15 19:33:18.536 [INFO] database: Request processed successfully in 115ms
2026-06-15 19:33:19.036 [INFO] auth-service: Connection pool restored
2026-06-15 19:33:19.536 [INFO] auth-service: Cache hit ratio 80%
2026-06-15 19:33:20.036 [INFO] auth-service: Request processed successfully in 64ms
2026-06-15 19:33:20.536 [ERROR] database: Query failed - relation 'orders' does not exist
2026-06-15 19:33:21.037 [DEBUG] nginx: Connection pool size 16
2026-06-15 19:33:21.537 [INFO] payment-service: Health check passed after recovery
2026-06-15 19:33:22.037 [INFO] nginx: Cache hit ratio 92%
2026-06-15 19:33:22.537 [DEBUG] nginx: Connection pool size 11
2026-06-15 19:33:23.037 [INFO] redis: Connection pool restored
2026-06-15 19:33:23.537 [INFO] nginx: Cache hit ratio 92%
2026-06-15 19:33:24.037 [INFO] redis: Health check passed
2026-06-15 19:33:24.537 [INFO] payment-service: Request processed successfully in 81ms
2026-06-15 19:33:25.037 [INFO] auth-service: Cache hit ratio 97%
2026-06-15 19:33:25.537 [DEBUG] database: Connection pool size 20
2026-06-15 19:33:26.038 [INFO] user-service: Health check passed
2026-06-15 19:33:26.538 [INFO] api-gateway: Cache hit ratio 96%
2026-06-15 19:33:27.038 [INFO] nginx: Connection pool restored
2026-06-15 19:33:27.538 [CRITICAL] auth-service: Out of memory error - process killed
2026-06-15 19:33:28.038 [ERROR] payment-service: Request timeout after 56s
2026-06-15 19:33:28.538 [INFO] database: Request processed successfully in 96ms
2026-06-15 19:33:29.038 [INFO] user-service: Request processed successfully in 53ms
2026-06-15 19:33:29.538 [CRITICAL] database: Connection pool exhausted
2026-06-15 19:33:30.038 [ERROR] database: Connection timeout after 4428ms
2026-06-15 19:33:30.538 [ERROR] database: Connection timeout after 3674ms
2026-06-15 19:33:31.038 [INFO] redis: Health check passed
2026-06-15 19:33:31.539 [INFO] user-service: Cache hit ratio 81%
2026-06-15 19:33:32.039 [DEBUG] nginx: Connection pool size 6
2026-06-15 19:33:32.539 [INFO] api-gateway: Cache hit ratio 85%
2026-06-15 19:33:33.039 [INFO] user-service: Health check passed
2026-06-15 19:33:33.539 [WARNING] api-gateway: GC overhead limit reached
2026-06-15 19:33:34.039 [INFO] database: Request processed successfully in 154ms
2026-06-15 19:33:34.539 [DEBUG] database: Connection pool size 19
2026-06-15 19:33:35.039 [INFO] user-service: Connection pool restored
2026-06-15 19:33:35.540 [INFO] database: Health check passed
2026-06-15 19:33:36.040 [DEBUG] auth-service: Connection pool size 11
2026-06-15 19:33:36.540 [INFO] redis: Cache hit ratio 89%
2026-06-15 19:33:37.040 [DEBUG] api-gateway: Connection pool size 5
2026-06-15 19:33:37.540 [ERROR] database: Connection timeout after 1109ms
2026-06-15 19:33:38.040 [INFO] redis: Cache hit ratio 92%
2026-06-15 19:33:38.540 [INFO] auth-service: Cache hit ratio 95%
2026-06-15 19:33:39.040 [CRITICAL] payment-service: Out of memory error - process killed
2026-06-15 19:33:39.541 [INFO] payment-service: Health check passed
2026-06-15 19:33:40.041 [INFO] nginx: Request processed successfully in 75ms
2026-06-15 19:33:40.541 [INFO] nginx: Request processed successfully in 59ms
2026-06-15 19:33:41.041 [INFO] payment-service: Health check passed
2026-06-15 19:33:41.541 [CRITICAL] payment-service: Service crashed
2026-06-15 19:33:42.041 [INFO] redis: Request processed successfully in 194ms
2026-06-15 19:33:42.541 [DEBUG] database: Connection pool size 6
2026-06-15 19:33:43.041 [ERROR] database: Deadlock detected in transaction
2026-06-15 19:33:43.541 [INFO] auth-service: Health check passed
2026-06-15 19:33:44.042 [INFO] api-gateway: Cache hit ratio 86%
2026-06-15 19:33:44.542 [DEBUG] api-gateway: Connection pool size 5
2026-06-15 19:33:45.042 [ERROR] database: Upstream service unavailable
2026-06-15 19:33:45.542 [INFO] payment-service: Request processed successfully in 193ms
2026-06-15 19:33:46.042 [CRITICAL] database: Connection pool exhausted
2026-06-15 19:33:46.542 [INFO] user-service: Cache hit ratio 93%
2026-06-15 19:33:47.043 [INFO] auth-service: Cache hit ratio 83%
2026-06-15 19:33:47.543 [ERROR] database: Connection timeout after 2592ms
2026-06-15 19:33:48.043 [DEBUG] auth-service: Connection pool size 14
2026-06-15 19:33:48.543 [INFO] redis: Cache hit ratio 85%
2026-06-15 19:33:49.043 [WARNING] payment-service: Slow query detected (12s)
2026-06-15 19:33:49.543 [INFO] nginx: Cache hit ratio 92%
2026-06-15 19:33:50.043 [INFO] payment-service: Health check passed
2026-06-15 19:33:50.544 [INFO] api-gateway: Health check passed after recovery
2026-06-15 19:33:51.044 [INFO] auth-service: Health check passed
2026-06-15 19:33:51.544 [INFO] user-service: Request processed successfully in 29ms
2026-06-15 19:33:52.044 [DEBUG] api-gateway: Connection pool size 20
2026-06-15 19:33:52.544 [INFO] database: Health check passed after recovery
2026-06-15 19:33:53.044 [INFO] api-gateway: Health check passed
2026-06-15 19:33:53.545 [INFO] payment-service: Health check passed
2026-06-15 19:33:54.045 [INFO] database: Request processed successfully in 49ms
2026-06-15 19:33:54.545 [ERROR] database: Connection timeout after 2430ms
2026-06-15 19:33:55.045 [CRITICAL] nginx: Service crashed
2026-06-15 19:33:55.545 [ERROR] database: Deadlock detected in transaction
2026-06-15 19:33:56.045 [INFO] database: Health check passed
2026-06-15 19:33:56.545 [INFO] user-service: Cache hit ratio 97%
2026-06-15 19:33:57.045 [INFO] payment-service: Health check passed
2026-06-15 19:33:57.546 [WARNING] auth-service: Memory usage 93%
2026-06-15 19:33:58.046 [INFO] redis: Request processed successfully in 93ms
2026-06-15 19:33:58.546 [INFO] api-gateway: Health check passed
2026-06-15 19:33:59.046 [WARNING] payment-service: Memory usage 93%
2026-06-15 19:33:59.546 [INFO] nginx: Connection pool restored
2026-06-15 19:34:00.046 [WARNING] payment-service: Memory usage 85%
2026-06-15 19:34:00.546 [INFO] auth-service: Health check passed
2026-06-15 19:34:01.046 [CRITICAL] database: Connection pool exhausted
2026-06-15 19:34:01.546 [INFO] redis: Cache hit ratio 88%
2026-06-15 19:34:02.046 [INFO] auth-service: Cache hit ratio 96%
2026-06-15 19:34:02.547 [DEBUG] redis: Connection pool size 18
2026-06-15 19:34:03.047 [DEBUG] api-gateway: Connection pool size 5
2026-06-15 19:34:03.547 [INFO] auth-service: Service restarted successfully
2026-06-15 19:34:04.047 [DEBUG] auth-service: Connection pool size 10
2026-06-15 19:34:04.547 [INFO] payment-service: Request processed successfully in 64ms
2026-06-15 19:34:05.047 [INFO] database: Health check passed
2026-06-15 19:34:05.547 [WARNING] redis: Memory usage 94%
2026-06-15 19:34:06.047 [INFO] payment-service: Health check passed
2026-06-15 19:34:06.547 [INFO] payment-service: Service restarted successfully
2026-06-15 19:34:07.047 [INFO] redis: Health check passed
2026-06-15 19:34:07.548 [INFO] nginx: Health check passed
2026-06-15 19:34:08.048 [INFO] api-gateway: Cache hit ratio 87%
2026-06-15 19:34:08.548 [DEBUG] payment-service: Connection pool size 15
2026-06-15 19:34:09.048 [INFO] api-gateway: Request processed successfully in 75ms
2026-06-15 19:34:09.548 [DEBUG] database: Connection pool size 13
2026-06-15 19:34:10.048 [DEBUG] payment-service: Connection pool size 11
2026-06-15 19:34:10.548 [DEBUG] nginx: Connection pool size 8
2026-06-15 19:34:11.048 [INFO] user-service: Cache hit ratio 85%
2026-06-15 19:34:11.548 [ERROR] user-service: Circuit breaker open for database
2026-06-15 19:34:12.049 [INFO] payment-service: Cache hit ratio 88%
2026-06-15 19:34:12.549 [DEBUG] user-service: Connection pool size 18
2026-06-15 19:34:13.049 [INFO] redis: Health check passed
2026-06-15 19:34:13.549 [INFO] payment-service: Cache hit ratio 93%
2026-06-15 19:34:14.049 [INFO] redis: Request processed successfully in 134ms
2026-06-15 19:34:14.549 [INFO] database: Request processed successfully in 14ms
2026-06-15 19:34:15.049 [WARNING] user-service: Memory usage 92%
2026-06-15 19:34:15.549 [INFO] user-service: Health check passed
2026-06-15 19:34:16.049 [INFO] auth-service: Request processed successfully in 126ms
2026-06-15 19:34:16.550 [INFO] api-gateway: Health check passed
2026-06-15 19:34:17.050 [INFO] redis: Cache hit ratio 93%
2026-06-15 19:34:17.550 [CRITICAL] redis: Service crashed
2026-06-15 19:34:18.050 [ERROR] database: Deadlock detected in transaction
2026-06-15 19:34:18.550 [CRITICAL] database: Connection pool exhausted
2026-06-15 19:34:19.050 [INFO] auth-service: Health check passed
2026-06-15 19:34:19.551 [INFO] redis: Health check passed
2026-06-15 19:34:20.051 [INFO] database: Cache hit ratio 89%
2026-06-15 19:34:20.551 [DEBUG] database: Connection pool size 14
2026-06-15 19:34:21.051 [INFO] database: Request processed successfully in 172ms
2026-06-15 19:34:21.551 [INFO] database: Cache hit ratio 92%
2026-06-15 19:34:22.051 [INFO] payment-service: Request processed successfully in 24ms
2026-06-15 19:34:22.551 [WARNING] redis: Slow query detected (17s)
2026-06-15 19:34:23.051 [INFO] auth-service: Health check passed
2026-06-15 19:34:23.552 [INFO] api-gateway: Request processed successfully in 200ms
2026-06-15 19:34:24.052 [INFO] redis: Cache hit ratio 83%
2026-06-15 19:34:24.552 [INFO] database: Request processed successfully in 38ms
2026-06-15 19:34:25.052 [INFO] redis: Service restarted successfully
2026-06-15 19:34:25.552 [INFO] user-service: Request processed successfully in 14ms
2026-06-15 19:34:26.052 [INFO] user-service: Cache hit ratio 93%
2026-06-15 19:34:26.552 [INFO] nginx: Request processed successfully in 170ms
2026-06-15 19:34:27.053 [INFO] user-service: Health check passed
2026-06-15 19:34:27.553 [WARNING] auth-service: Slow query detected (11s)
2026-06-15 19:34:28.053 [WARNING] auth-service: Slow query detected (20s)
2026-06-15 19:34:28.553 [ERROR] database: Connection timeout after 3742ms
2026-06-15 19:34:29.053 [ERROR] database: Connection timeout after 3868ms
2026-06-15 19:34:29.553 [DEBUG] database: Connection pool size 13
2026-06-15 19:34:30.053 [INFO] redis: Health check passed
2026-06-15 19:34:30.553 [ERROR] database: Connection timeout after 2327ms
2026-06-15 19:34:31.053 [DEBUG] api-gateway: Connection pool size 9
2026-06-15 19:34:31.553 [INFO] nginx: Health check passed
2026-06-15 19:34:32.054 [INFO] redis: Request processed successfully in 27ms
2026-06-15 19:34:32.554 [INFO] redis: Cache hit ratio 81%
2026-06-15 19:34:33.054 [INFO] api-gateway: Health check passed
2026-06-15 19:34:33.554 [DEBUG] database: Connection pool size 5
2026-06-15 19:34:34.054 [INFO] user-service: Request processed successfully in 144ms
2026-06-15 19:34:34.554 [INFO] api-gateway: Health check passed
2026-06-15 19:34:35.054 [INFO] redis: Health check passed
2026-06-15 19:34:35.554 [INFO] api-gateway: Health check passed
2026-06-15 19:34:36.055 [INFO] api-gateway: Cache hit ratio 95%
2026-06-15 19:34:36.555 [INFO] nginx: Request processed successfully in 161ms
2026-06-15 19:34:37.055 [INFO] nginx: Service restarted successfully
2026-06-15 19:34:37.555 [WARNING] redis: GC overhead limit reached
2026-06-15 19:34:38.055 [INFO] redis: Cache hit ratio 98%
2026-06-15 19:34:38.555 [INFO] nginx: Request processed successfully in 43ms
2026-06-15 19:34:39.055 [CRITICAL] database: Connection pool exhausted
2026-06-15 19:34:39.555 [DEBUG] payment-service: Connection pool size 11
2026-06-15 19:34:40.056 [INFO] user-service: Cache hit ratio 97%
2026-06-15 19:34:40.556 [INFO] api-gateway: Request processed successfully in 51ms
2026-06-15 19:34:41.056 [DEBUG] nginx: Connection pool size 16
2026-06-15 19:34:41.556 [INFO] database: Health check passed
2026-06-15 19:34:42.056 [INFO] auth-service: Request processed successfully in 64ms
2026-06-15 19:34:42.556 [INFO] database: Health check passed
2026-06-15 19:34:43.056 [DEBUG] auth-service: Connection pool size 18
2026-06-15 19:34:43.556 [INFO] database: Health check passed
2026-06-15 19:34:44.056 [INFO] user-service: Health check passed
2026-06-15 19:34:44.557 [INFO] user-service: Health check passed
2026-06-15 19:34:45.057 [INFO] payment-service: Cache hit ratio 90%
2026-06-15 19:34:45.557 [INFO] payment-service: Cache hit ratio 86%
2026-06-15 19:34:46.057 [DEBUG] nginx: Connection pool size 13
2026-06-15 19:34:46.557 [DEBUG] redis: Connection pool size 20
2026-06-15 19:34:47.057 [DEBUG] nginx: Connection pool size 18
2026-06-15 19:34:47.557 [ERROR] database: Query failed - relation 'orders' does not exist
2026-06-15 19:34:48.057 [INFO] user-service: Request processed successfully in 13ms
2026-06-15 19:34:48.558 [INFO] nginx: Cache hit ratio 86%
2026-06-15 19:34:49.058 [INFO] redis: Connection pool restored
2026-06-15 19:34:49.558 [INFO] api-gateway: Cache hit ratio 81%
2026-06-15 19:34:50.058 [ERROR] database: Connection timeout after 1319ms
2026-06-15 19:34:50.558 [ERROR] api-gateway: Request timeout after 41s
2026-06-15 19:34:51.058 [INFO] redis: Health check passed
2026-06-15 19:34:51.558 [INFO] nginx: Cache hit ratio 84%
2026-06-15 19:34:52.058 [INFO] user-service: Cache hit ratio 97%
2026-06-15 19:34:52.558 [INFO] user-service: Request processed successfully in 44ms
2026-06-15 19:34:53.059 [INFO] user-service: Request processed successfully in 108ms
2026-06-15 19:34:53.559 [INFO] auth-service: Health check passed
2026-06-15 19:34:54.059 [INFO] api-gateway: Health check passed
2026-06-15 19:34:54.559 [INFO] user-service: Cache hit ratio 83%
2026-06-15 19:34:55.059 [INFO] user-service: Health check passed
2026-06-15 19:34:55.559 [DEBUG] user-service: Connection pool size 15
2026-06-15 19:34:56.059 [CRITICAL] user-service: Service crashed
2026-06-15 19:34:56.560 [ERROR] database: Deadlock detected in transaction
2026-06-15 19:34:57.060 [INFO] user-service: Request processed successfully in 161ms
2026-06-15 19:34:57.560 [INFO] redis: Request processed successfully in 129ms
2026-06-15 19:34:58.060 [INFO] redis: Cache hit ratio 85%
2026-06-15 19:34:58.560 [DEBUG] database: Connection pool size 8
2026-06-15 19:34:59.060 [INFO] nginx: Health check passed
2026-06-15 19:34:59.560 [INFO] user-service: Cache hit ratio 86%
2026-06-15 19:35:00.060 [INFO] user-service: Cache hit ratio 80%
2026-06-15 19:35:00.560 [ERROR] database: Query failed - relation 'orders' does not exist
2026-06-15 19:35:01.060 [DEBUG] api-gateway: Connection pool size 15
2026-06-15 19:35:01.561 [DEBUG] payment-service: Connection pool size 15
2026-06-15 19:35:02.061 [DEBUG] nginx: Connection pool size 20
2026-06-15 19:35:02.561 [ERROR] database: Circuit breaker open for auth-service
2026-06-15 19:35:03.061 [INFO] payment-service: Cache hit ratio 96%
2026-06-15 19:35:03.561 [INFO] nginx: Cache hit ratio 84%
2026-06-15 19:35:04.061 [INFO] database: Health check passed
2026-06-15 19:35:04.561 [INFO] auth-service: Health check passed after recovery
2026-06-15 19:35:05.062 [DEBUG] nginx: Connection pool size 14
2026-06-15 19:35:05.562 [INFO] user-service: Request processed successfully in 127ms
2026-06-15 19:35:06.062 [INFO] nginx: Cache hit ratio 98%
2026-06-15 19:35:06.562 [INFO] user-service: Request processed successfully in 15ms
2026-06-15 19:35:07.062 [INFO] nginx: Cache hit ratio 99%
2026-06-15 19:35:07.562 [INFO] database: Health check passed
2026-06-15 19:35:08.062 [CRITICAL] database: Out of memory error - process killed
2026-06-15 19:35:08.562 [WARNING] database: Memory usage 85%
2026-06-15 19:35:09.062 [INFO] redis: Request processed successfully in 123ms
2026-06-15 19:35:09.562 [ERROR] nginx: Circuit breaker open for auth-service
2026-06-15 19:35:10.063 [INFO] user-service: Request processed successfully in 104ms
2026-06-15 19:35:10.563 [WARNING] nginx: Slow query detected (6s)
2026-06-15 19:35:11.063 [INFO] auth-service: Request processed successfully in 45ms
2026-06-15 19:35:11.563 [INFO] user-service: Cache hit ratio 82%
2026-06-15 19:35:12.063 [INFO] payment-service: Request processed successfully in 71ms
2026-06-15 19:35:12.563 [CRITICAL] auth-service: Out of memory error - process killed
2026-06-15 19:35:13.063 [INFO] payment-service: Health check passed
2026-06-15 19:35:13.563 [ERROR] database: Connection timeout after 4074ms
2026-06-15 19:35:14.064 [INFO] database: Request processed successfully in 107ms
2026-06-15 19:35:14.564 [INFO] api-gateway: Cache hit ratio 98%
2026-06-15 19:35:15.064 [INFO] payment-service: Health check passed
2026-06-15 19:35:15.564 [INFO] redis: Request processed successfully in 105ms
2026-06-15 19:35:16.064 [ERROR] payment-service: Dependency failure from user-service
2026-06-15 19:35:16.565 [INFO] database: Cache hit ratio 96%
2026-06-15 19:35:17.065 [INFO] payment-service: Request processed successfully in 19ms
2026-06-15 19:35:17.565 [INFO] auth-service: Health check passed
2026-06-15 19:35:18.065 [DEBUG] nginx: Connection pool size 11
2026-06-15 19:35:18.565 [DEBUG] redis: Connection pool size 13
2026-06-15 19:35:19.065 [ERROR] auth-service: Request timeout after 58s
2026-06-15 19:35:19.565 [INFO] redis: Request processed successfully in 69ms
2026-06-15 19:35:20.066 [ERROR] database: Query failed - relation 'orders' does not exist
2026-06-15 19:35:20.566 [INFO] redis: Health check passed
2026-06-15 19:35:21.066 [INFO] nginx: Request processed successfully in 192ms
2026-06-15 19:35:21.566 [DEBUG] payment-service: Connection pool size 14
2026-06-15 19:35:22.066 [DEBUG] user-service: Connection pool size 12
2026-06-15 19:35:22.566 [ERROR] database: Connection timeout after 2654ms
2026-06-15 19:35:23.066 [INFO] auth-service: Cache hit ratio 99%
2026-06-15 19:35:23.566 [CRITICAL] api-gateway: Out of memory error - process killed
2026-06-15 19:35:24.067 [INFO] api-gateway: Request processed successfully in 79ms
2026-06-15 19:35:24.567 [INFO] nginx: Health check passed
2026-06-15 19:35:25.067 [ERROR] user-service: Circuit breaker open for nginx
2026-06-15 19:35:25.567 [INFO] payment-service: Cache hit ratio 95%
2026-06-15 19:35:26.067 [DEBUG] database: Connection pool size 14
2026-06-15 19:35:26.567 [DEBUG] nginx: Connection pool size 14
2026-06-15 19:35:27.067 [DEBUG] user-service: Connection pool size 7
2026-06-15 19:35:27.567 [INFO] auth-service: Cache hit ratio 91%
2026-06-15 19:35:28.068 [INFO] user-service: Service restarted successfully
2026-06-15 19:35:28.568 [INFO] payment-service: Health check passed after recovery
2026-06-15 19:35:29.068 [INFO] database: Cache hit ratio 94%
2026-06-15 19:35:29.568 [INFO] redis: Cache hit ratio 86%
2026-06-15 19:35:30.068 [ERROR] user-service: Request timeout after 52s
2026-06-15 19:35:30.568 [ERROR] database: Query failed - relation 'orders' does not exist
2026-06-15 19:35:31.068 [INFO] database: Health check passed
2026-06-15 19:35:31.568 [INFO] auth-service: Health check passed after recovery
2026-06-15 19:35:32.069 [DEBUG] user-service: Connection pool size 9
2026-06-15 19:35:32.569 [DEBUG] auth-service: Connection pool size 10
2026-06-15 19:35:33.069 [INFO] redis: Health check passed
2026-06-15 19:35:33.569 [INFO] database: Health check passed
2026-06-15 19:35:34.069 [INFO] api-gateway: Health check passed
2026-06-15 19:35:34.569 [WARNING] redis: Memory usage 86%
2026-06-15 19:35:35.069 [INFO] auth-service: Cache hit ratio 88%
2026-06-15 19:35:35.569 [INFO] redis: Cache hit ratio 83%
2026-06-15 19:35:36.070 [DEBUG] database: Connection pool size 19
2026-06-15 19:35:36.570 [INFO] database: Health check passed
2026-06-15 19:35:37.070 [INFO] user-service: Cache hit ratio 88%
2026-06-15 19:35:37.570 [INFO] redis: Request processed successfully in 155ms
2026-06-15 19:35:38.070 [INFO] api-gateway: Service restarted successfully
2026-06-15 19:35:38.570 [INFO] database: Request processed successfully in 193ms
2026-06-15 19:35:39.070 [DEBUG] redis: Connection pool size 11
2026-06-15 19:35:39.570 [INFO] api-gateway: Health check passed
2026-06-15 19:35:40.070 [INFO] user-service: Request processed successfully in 174ms
2026-06-15 19:35:40.571 [ERROR] database: Connection timeout after 3683ms
2026-06-15 19:35:41.071 [DEBUG] redis: Connection pool size 13
2026-06-15 19:35:41.571 [INFO] payment-service: Cache hit ratio 84%
2026-06-15 19:35:42.071 [INFO] nginx: Health check passed after recovery
2026-06-15 19:35:42.571 [INFO] nginx: Cache hit ratio 90%
2026-06-15 19:35:43.071 [INFO] database: Health check passed
2026-06-15 19:35:43.571 [INFO] nginx: Request processed successfully in 142ms
2026-06-15 19:35:44.071 [ERROR] database: Query failed - relation 'orders' does not exist
2026-06-15 19:35:44.572 [ERROR] database: Deadlock detected in transaction
2026-06-15 19:35:45.072 [INFO] redis: Health check passed
2026-06-15 19:35:45.572 [INFO] redis: Connection pool restored
2026-06-15 19:35:46.072 [INFO] database: Health check passed
2026-06-15 19:35:46.572 [DEBUG] redis: Connection pool size 9
2026-06-15 19:35:47.072 [INFO] payment-service: Cache hit ratio 99%
2026-06-15 19:35:47.572 [DEBUG] nginx: Connection pool size 6
2026-06-15 19:35:48.072 [INFO] redis: Cache hit ratio 90%
2026-06-15 19:35:48.573 [INFO] database: Cache hit ratio 94%
2026-06-15 19:35:49.073 [WARNING] api-gateway: GC overhead limit reached
2026-06-15 19:35:49.573 [INFO] auth-service: Request processed successfully in 58ms
2026-06-15 19:35:50.073 [DEBUG] auth-service: Connection pool size 10
2026-06-15 19:35:50.573 [INFO] auth-service: Request processed successfully in 134ms
2026-06-15 19:35:51.073 [DEBUG] redis: Connection pool size 8
2026-06-15 19:35:51.573 [CRITICAL] database: Connection pool exhausted
2026-06-15 19:35:52.073 [DEBUG] redis: Connection pool size 8
2026-06-15 19:35:52.574 [INFO] redis: Health check passed
2026-06-15 19:35:53.074 [INFO] database: Request processed successfully in 137ms
2026-06-15 19:35:53.574 [ERROR] redis: Upstream service unavailable
2026-06-15 19:35:54.074 [CRITICAL] database: Connection pool exhausted
2026-06-15 19:35:54.574 [INFO] auth-service: Health check passed
2026-06-15 19:35:55.074 [INFO] payment-service: Request processed successfully in 38ms
2026-06-15 19:35:55.574 [DEBUG] nginx: Connection pool size 17
2026-06-15 19:35:56.075 [ERROR] database: Deadlock detected in transaction
2026-06-15 19:35:56.575 [CRITICAL] user-service: Service crashed
2026-06-15 19:35:57.075 [ERROR] nginx: Request timeout after 44s
2026-06-15 19:35:57.575 [WARNING] auth-service: GC overhead limit reached
2026-06-15 19:35:58.075 [ERROR] payment-service: Request timeout after 39s
2026-06-15 19:35:58.575 [ERROR] database: Deadlock detected in transaction
2026-06-15 19:35:59.076 [ERROR] user-service: Upstream service unavailable
2026-06-15 19:35:59.576 [ERROR] database: Connection timeout after 4659ms
2026-06-15 19:36:00.076 [INFO] database: Health check passed
2026-06-15 19:36:00.576 [INFO] payment-service: Cache hit ratio 89%
2026-06-15 19:36:01.076 [INFO] nginx: Request processed successfully in 115ms
2026-06-15 19:36:01.576 [INFO] api-gateway: Health check passed
2026-06-15 19:36:02.077 [DEBUG] redis: Connection pool size 17
2026-06-15 19:36:02.577 [INFO] payment-service: Health check passed
2026-06-15 19:36:03.077 [INFO] user-service: Request processed successfully in 13ms
2026-06-15 19:36:03.577 [INFO] database: Health check passed
2026-06-15 19:36:04.077 [DEBUG] auth-service: Connection pool size 17
2026-06-15 19:36:04.577 [INFO] user-service: Health check passed
2026-06-15 19:36:05.078 [DEBUG] payment-service: Connection pool size 19
2026-06-15 19:36:05.578 [DEBUG] database: Connection pool size 5
2026-06-15 19:36:06.078 [INFO] payment-service: Health check passed after recovery
2026-06-15 19:36:06.578 [INFO] auth-service: Health check passed
2026-06-15 19:36:07.078 [INFO] database: Health check passed after recovery
2026-06-15 19:36:07.578 [ERROR] database: Query failed - relation 'orders' does not exist
2026-06-15 19:36:08.078 [WARNING] auth-service: Slow query detected (10s)
2026-06-15 19:36:08.578 [DEBUG] user-service: Connection pool size 16
2026-06-15 19:36:09.079 [INFO] nginx: Cache hit ratio 97%
2026-06-15 19:36:09.579 [INFO] database: Cache hit ratio 91%
2026-06-15 19:36:10.079 [WARNING] payment-service: Slow query detected (21s)
2026-06-15 19:36:10.579 [ERROR] database: Connection timeout after 4522ms
2026-06-15 19:36:11.079 [DEBUG] auth-service: Connection pool size 8
2026-06-15 19:36:11.579 [DEBUG] database: Connection pool size 7
2026-06-15 19:36:12.079 [CRITICAL] nginx: Service crashed
2026-06-15 19:36:12.579 [INFO] database: Cache hit ratio 83%
2026-06-15 19:36:13.080 [INFO] payment-service: Request processed successfully in 72ms
2026-06-15 19:36:13.580 [INFO] payment-service: Request processed successfully in 121ms
2026-06-15 19:36:14.080 [INFO] api-gateway: Health check passed
2026-06-15 19:36:14.580 [CRITICAL] database: Connection pool exhausted
2026-06-15 19:36:15.080 [DEBUG] redis: Connection pool size 12
2026-06-15 19:36:15.580 [INFO] user-service: Cache hit ratio 97%
2026-06-15 19:36:16.080 [INFO] user-service: Health check passed
2026-06-15 19:36:16.580 [ERROR] redis: Request timeout after 55s
2026-06-15 19:36:17.081 [INFO] redis: Request processed successfully in 68ms
2026-06-15 19:36:17.581 [INFO] nginx: Cache hit ratio 89%
2026-06-15 19:36:18.081 [CRITICAL] database: Connection pool exhausted
2026-06-15 19:36:18.581 [INFO] database: Request processed successfully in 187ms
2026-06-15 19:36:19.081 [INFO] auth-service: Service restarted successfully
2026-06-15 19:36:19.581 [DEBUG] api-gateway: Connection pool size 15
2026-06-15 19:36:20.081 [INFO] api-gateway: Request processed successfully in 74ms
2026-06-15 19:36:20.581 [ERROR] user-service: Upstream service unavailable
2026-06-15 19:36:21.081 [INFO] api-gateway: Request processed successfully in 26ms
2026-06-15 19:36:21.581 [ERROR] user-service: Request timeout after 43s
2026-06-15 19:36:22.082 [ERROR] database: Connection timeout after 2228ms
2026-06-15 19:36:22.582 [ERROR] nginx: Upstream service unavailable
2026-06-15 19:36:23.082 [INFO] api-gateway: Request processed successfully in 114ms
2026-06-15 19:36:23.582 [INFO] api-gateway: Health check passed
2026-06-15 19:36:24.082 [INFO] auth-service: Request processed successfully in 56ms
2026-06-15 19:36:24.582 [INFO] payment-service: Connection pool restored
2026-06-15 19:36:25.082 [ERROR] database: Connection timeout after 2943ms
2026-06-15 19:36:25.583 [INFO] payment-service: Health check passed
2026-06-15 19:36:26.083 [INFO] redis: Health check passed
2026-06-15 19:36:26.583 [ERROR] database: Connection timeout after 1511ms
2026-06-15 19:36:27.083 [CRITICAL] api-gateway: Service crashed
2026-06-15 19:36:27.583 [DEBUG] auth-service: Connection pool size 7
2026-06-15 19:36:28.083 [CRITICAL] database: Out of memory error - process killed
2026-06-15 19:36:28.584 [DEBUG] payment-service: Connection pool size 6
2026-06-15 19:36:29.084 [INFO] database: Health check passed
2026-06-15 19:36:29.584 [ERROR] api-gateway: Circuit breaker open for nginx
2026-06-15 19:36:30.084 [INFO] auth-service: Health check passed
2026-06-15 19:36:30.584 [INFO] redis: Cache hit ratio 92%
2026-06-15 19:36:31.085 [DEBUG] nginx: Connection pool size 8
2026-06-15 19:36:31.585 [INFO] payment-service: Request processed successfully in 117ms
2026-06-15 19:36:32.085 [INFO] user-service: Health check passed after recovery
2026-06-15 19:36:32.585 [ERROR] database: Connection timeout after 1893ms
2026-06-15 19:36:33.085 [INFO] payment-service: Connection pool restored
2026-06-15 19:36:33.585 [INFO] redis: Request processed successfully in 135ms
2026-06-15 19:36:34.086 [WARNING] auth-service: GC overhead limit reached
2026-06-15 19:36:34.586 [INFO] user-service: Request processed successfully in 129ms
2026-06-15 19:36:35.086 [INFO] user-service: Connection pool restored
2026-06-15 19:36:35.586 [INFO] database: Cache hit ratio 81%
2026-06-15 19:36:36.086 [ERROR] database: Upstream service unavailable
2026-06-15 19:36:36.586 [DEBUG] database: Connection pool size 13
2026-06-15 19:36:37.086 [INFO] api-gateway: Cache hit ratio 93%
2026-06-15 19:36:37.586 [INFO] user-service: Health check passed after recovery
2026-06-15 19:36:38.087 [WARNING] user-service: Memory usage 89%
2026-06-15 19:36:38.587 [DEBUG] api-gateway: Connection pool size 5
2026-06-15 19:36:39.087 [DEBUG] redis: Connection pool size 16
2026-06-15 19:36:39.587 [WARNING] payment-service: Slow query detected (5s)
2026-06-15 19:36:40.087 [INFO] auth-service: Request processed successfully in 44ms
2026-06-15 19:36:40.588 [DEBUG] user-service: Connection pool size 15
2026-06-15 19:36:41.088 [ERROR] database: Connection timeout after 1713ms
2026-06-15 19:36:41.588 [INFO] redis: Health check passed
2026-06-15 19:36:42.088 [DEBUG] database: Connection pool size 15
2026-06-15 19:36:42.588 [INFO] database: Request processed successfully in 169ms
2026-06-15 19:36:43.088 [ERROR] database: Query failed - relation 'orders' does not exist
2026-06-15 19:36:43.589 [INFO] database: Health check passed
2026-06-15 19:36:44.089 [INFO] nginx: Health check passed
2026-06-15 19:36:44.589 [ERROR] redis: Circuit breaker open for database
2026-06-15 19:36:45.089 [INFO] database: Request processed successfully in 34ms
2026-06-15 19:36:45.589 [CRITICAL] database: Connection pool exhausted
2026-06-15 19:36:46.089 [INFO] user-service: Health check passed
2026-06-15 19:36:46.589 [ERROR] nginx: Upstream service unavailable
2026-06-15 19:36:47.089 [INFO] user-service: Cache hit ratio 86%
2026-06-15 19:36:47.589 [ERROR] api-gateway: Dependency failure from auth-service
2026-06-15 19:36:48.090 [ERROR] database: Query failed - relation 'orders' does not exist
2026-06-15 19:36:48.590 [INFO] database: Health check passed
2026-06-15 19:36:49.090 [ERROR] database: Deadlock detected in transaction
2026-06-15 19:36:49.590 [INFO] payment-service: Health check passed after recovery
2026-06-15 19:36:50.090 [INFO] user-service: Service restarted successfully
2026-06-15 19:36:50.590 [INFO] api-gateway: Cache hit ratio 86%
2026-06-15 19:36:51.090 [INFO] redis: Health check passed
2026-06-15 19:36:51.590 [INFO] payment-service: Request processed successfully in 83ms
2026-06-15 19:36:52.090 [INFO] api-gateway: Cache hit ratio 83%
2026-06-15 19:36:52.590 [INFO] redis: Cache hit ratio 82%
2026-06-15 19:36:53.091 [DEBUG] nginx: Connection pool size 10
2026-06-15 19:36:53.591 [CRITICAL] database: Connection pool exhausted
2026-06-15 19:36:54.091 [INFO] database: Request processed successfully in 177ms
2026-06-15 19:36:54.591 [DEBUG] payment-service: Connection pool size 5
2026-06-15 19:36:55.091 [INFO] auth-service: Request processed successfully in 170ms
2026-06-15 19:36:55.591 [INFO] nginx: Health check passed after recovery
2026-06-15 19:36:56.091 [INFO] redis: Health check passed
2026-06-15 19:36:56.591 [DEBUG] user-service: Connection pool size 13
2026-06-15 19:36:57.092 [INFO] database: Connection pool restored
2026-06-15 19:36:57.592 [INFO] nginx: Request processed successfully in 187ms
2026-06-15 19:36:58.092 [DEBUG] redis: Connection pool size 8
2026-06-15 19:36:58.592 [ERROR] database: Connection timeout after 1028ms
2026-06-15 19:36:59.092 [INFO] payment-service: Health check passed
2026-06-15 19:36:59.592 [INFO] nginx: Health check passed
2026-06-15 19:37:00.092 [INFO] user-service: Service restarted successfully
2026-06-15 19:37:00.592 [INFO] auth-service: Health check passed
2026-06-15 19:37:01.093 [INFO] api-gateway: Cache hit ratio 90%
2026-06-15 19:37:01.593 [INFO] database: Health check passed
2026-06-15 19:37:02.093 [WARNING] nginx: GC overhead limit reached
2026-06-15 19:37:02.593 [ERROR] database: Query failed - relation 'orders' does not exist
2026-06-15 19:37:03.093 [INFO] payment-service: Cache hit ratio 93%
2026-06-15 19:37:03.593 [INFO] auth-service: Health check passed
2026-06-15 19:37:04.093 [INFO] auth-service: Health check passed
2026-06-15 19:37:04.593 [INFO] user-service: Request processed successfully in 55ms
2026-06-15 19:37:05.094 [INFO] auth-service: Request processed successfully in 81ms
2026-06-15 19:37:05.594 [INFO] database: Cache hit ratio 90%
2026-06-15 19:37:06.094 [DEBUG] auth-service: Connection pool size 15
2026-06-15 19:37:06.594 [CRITICAL] database: Connection pool exhausted
2026-06-15 19:37:07.094 [INFO] payment-service: Request processed successfully in 111ms
2026-06-15 19:37:07.594 [INFO] database: Cache hit ratio 83%
2026-06-15 19:37:08.094 [DEBUG] nginx: Connection pool size 17
2026-06-15 19:37:08.594 [DEBUG] payment-service: Connection pool size 9
2026-06-15 19:37:09.094 [INFO] redis: Health check passed
2026-06-15 19:37:09.595 [INFO] redis: Request processed successfully in 195ms
2026-06-15 19:37:10.095 [INFO] nginx: Health check passed
2026-06-15 19:37:10.595 [INFO] nginx: Health check passed after recovery
2026-06-15 19:37:11.095 [ERROR] database: Upstream service unavailable
2026-06-15 19:37:11.595 [INFO] user-service: Cache hit ratio 90%
2026-06-15 19:37:12.095 [INFO] database: Cache hit ratio 85%
2026-06-15 19:37:12.595 [INFO] api-gateway: Health check passed
2026-06-15 19:37:13.095 [INFO] database: Health check passed
2026-06-15 19:37:13.595 [INFO] payment-service: Health check passed
2026-06-15 19:37:14.096 [ERROR] database: Query failed - relation 'orders' does not exist
2026-06-15 19:37:14.596 [INFO] api-gateway: Cache hit ratio 98%
2026-06-15 19:37:15.096 [WARNING] payment-service: Slow query detected (19s)
2026-06-15 19:37:15.596 [ERROR] auth-service: Upstream service unavailable
2026-06-15 19:37:16.096 [INFO] payment-service: Cache hit ratio 89%
2026-06-15 19:37:16.596 [INFO] user-service: Request processed successfully in 82ms
2026-06-15 19:37:17.096 [ERROR] database: Query failed - relation 'orders' does not exist
2026-06-15 19:37:17.596 [INFO] payment-service: Cache hit ratio 99%
2026-06-15 19:37:18.096 [INFO] user-service: Cache hit ratio 88%
2026-06-15 19:37:18.597 [DEBUG] nginx: Connection pool size 7
2026-06-15 19:37:19.097 [INFO] payment-service: Health check passed
2026-06-15 19:37:19.597 [INFO] api-gateway: Health check passed after recovery
2026-06-15 19:37:20.097 [INFO] redis: Request processed successfully in 38ms
2026-06-15 19:37:20.597 [INFO] payment-service: Connection pool restored
2026-06-15 19:37:21.097 [CRITICAL] database: Connection pool exhausted
2026-06-15 19:37:21.597 [INFO] api-gateway: Cache hit ratio 84%
2026-06-15 19:37:22.097 [INFO] auth-service: Cache hit ratio 80%
2026-06-15 19:37:22.598 [ERROR] api-gateway: Request timeout after 53s
2026-06-15 19:37:23.098 [INFO] payment-service: Request processed successfully in 31ms
2026-06-15 19:37:23.598 [ERROR] database: Deadlock detected in transaction
2026-06-15 19:37:24.098 [INFO] redis: Request processed successfully in 159ms
2026-06-15 19:37:24.598 [INFO] api-gateway: Health check passed
2026-06-15 19:37:25.098 [DEBUG] payment-service: Connection pool size 19
2026-06-15 19:37:25.598 [DEBUG] api-gateway: Connection pool size 16
2026-06-15 19:37:26.098 [CRITICAL] database: Connection pool exhausted
2026-06-15 19:37:26.598 [INFO] auth-service: Request processed successfully in 13ms
2026-06-15 19:37:27.099 [INFO] nginx: Cache hit ratio 85%
2026-06-15 19:37:27.599 [INFO] api-gateway: Cache hit ratio 98%
2026-06-15 19:37:28.099 [INFO] payment-service: Cache hit ratio 97%
2026-06-15 19:37:28.599 [ERROR] database: Query failed - relation 'orders' does not exist
2026-06-15 19:37:29.099 [INFO] nginx: Health check passed
2026-06-15 19:37:29.599 [ERROR] database: Deadlock detected in transaction
2026-06-15 19:37:30.099 [ERROR] database: Deadlock detected in transaction
2026-06-15 19:37:30.599 [INFO] api-gateway: Request processed successfully in 56ms
2026-06-15 19:37:31.099 [INFO] auth-service: Cache hit ratio 84%
2026-06-15 19:37:31.599 [INFO] nginx: Cache hit ratio 81%
2026-06-15 19:37:32.100 [ERROR] redis: Upstream service unavailable
2026-06-15 19:37:32.600 [INFO] payment-service: Request processed successfully in 73ms
2026-06-15 19:37:33.100 [INFO] redis: Health check passed
2026-06-15 19:37:33.600 [INFO] redis: Health check passed
2026-06-15 19:37:34.100 [INFO] database: Cache hit ratio 99%
2026-06-15 19:37:34.600 [CRITICAL] database: Connection pool exhausted
2026-06-15 19:37:35.100 [CRITICAL] nginx: Out of memory error - process killed
2026-06-15 19:37:35.600 [DEBUG] api-gateway: Connection pool size 5
2026-06-15 19:37:36.100 [INFO] payment-service: Request processed successfully in 44ms
2026-06-15 19:37:36.601 [INFO] auth-service: Cache hit ratio 98%
2026-06-15 19:37:37.101 [WARNING] database: Slow query detected (17s)
2026-06-15 19:37:37.601 [DEBUG] nginx: Connection pool size 6
2026-06-15 19:37:38.101 [INFO] database: Cache hit ratio 95%
2026-06-15 19:37:38.601 [INFO] payment-service: Cache hit ratio 87%
2026-06-15 19:37:39.101 [DEBUG] auth-service: Connection pool size 11
2026-06-15 19:37:39.601 [CRITICAL] api-gateway: Service crashed
2026-06-15 19:37:40.101 [ERROR] database: Query failed - relation 'orders' does not exist
2026-06-15 19:37:40.602 [WARNING] database: Memory usage 92%
2026-06-15 19:37:41.102 [INFO] nginx: Request processed successfully in 186ms
2026-06-15 19:37:41.602 [DEBUG] user-service: Connection pool size 18
2026-06-15 19:37:42.102 [INFO] redis: Request processed successfully in 56ms
2026-06-15 19:37:42.602 [INFO] auth-service: Cache hit ratio 85%
2026-06-15 19:37:43.102 [INFO] api-gateway: Request processed successfully in 105ms
2026-06-15 19:37:43.602 [INFO] redis: Request processed successfully in 32ms
2026-06-15 19:37:44.102 [INFO] auth-service: Health check passed
2026-06-15 19:37:44.602 [DEBUG] api-gateway: Connection pool size 6
2026-06-15 19:37:45.103 [CRITICAL] auth-service: Service crashed
2026-06-15 19:37:45.603 [DEBUG] payment-service: Connection pool size 8
2026-06-15 19:37:46.103 [ERROR] api-gateway: Request timeout after 53s
2026-06-15 19:37:46.603 [INFO] redis: Request processed successfully in 156ms
2026-06-15 19:37:47.103 [INFO] auth-service: Health check passed
2026-06-15 19:37:47.603 [INFO] api-gateway: Request processed successfully in 185ms
2026-06-15 19:37:48.103 [INFO] user-service: Cache hit ratio 93%
2026-06-15 19:37:48.603 [DEBUG] nginx: Connection pool size 15
2026-06-15 19:37:49.103 [INFO] nginx: Cache hit ratio 88%
2026-06-15 19:37:49.603 [INFO] redis: Health check passed
2026-06-15 19:37:50.104 [ERROR] database: Connection timeout after 1166ms
2026-06-15 19:37:50.604 [INFO] redis: Cache hit ratio 91%
2026-06-15 19:37:51.104 [ERROR] database: Connection timeout after 1175ms
2026-06-15 19:37:51.604 [INFO] nginx: Request processed successfully in 90ms
2026-06-15 19:37:52.104 [INFO] auth-service: Cache hit ratio 84%
2026-06-15 19:37:52.604 [INFO] auth-service: Health check passed
2026-06-15 19:37:53.104 [DEBUG] redis: Connection pool size 5
2026-06-15 19:37:53.604 [INFO] payment-service: Cache hit ratio 87%
2026-06-15 19:37:54.104 [INFO] api-gateway: Cache hit ratio 84%
2026-06-15 19:37:54.605 [DEBUG] nginx: Connection pool size 17
2026-06-15 19:37:55.105 [INFO] database: Health check passed
2026-06-15 19:37:55.605 [INFO] nginx: Cache hit ratio 96%
2026-06-15 19:37:56.105 [DEBUG] nginx: Connection pool size 12
2026-06-15 19:37:56.605 [INFO] user-service: Cache hit ratio 96%
2026-06-15 19:37:57.105 [DEBUG] auth-service: Connection pool size 7
2026-06-15 19:37:57.605 [DEBUG] api-gateway: Connection pool size 9
2026-06-15 19:37:58.105 [CRITICAL] user-service: Out of memory error - process killed
2026-06-15 19:37:58.605 [INFO] database: Cache hit ratio 96%
2026-06-15 19:37:59.105 [CRITICAL] api-gateway: Out of memory error - process killed
2026-06-15 19:37:59.606 [INFO] payment-service: Connection pool restored
2026-06-15 19:38:00.106 [DEBUG] nginx: Connection pool size 11
2026-06-15 19:38:00.606 [INFO] redis: Request processed successfully in 25ms
2026-06-15 19:38:01.106 [INFO] user-service: Health check passed
2026-06-15 19:38:01.606 [DEBUG] database: Connection pool size 20
2026-06-15 19:38:02.106 [DEBUG] user-service: Connection pool size 12
2026-06-15 19:38:02.606 [INFO] database: Cache hit ratio 88%
2026-06-15 19:38:03.106 [INFO] redis: Request processed successfully in 135ms
2026-06-15 19:38:03.606 [INFO] redis: Cache hit ratio 80%
2026-06-15 19:38:04.106 [INFO] payment-service: Service restarted successfully
2026-06-15 19:38:04.607 [DEBUG] database: Connection pool size 14
2026-06-15 19:38:05.107 [DEBUG] redis: Connection pool size 11
2026-06-15 19:38:05.607 [INFO] api-gateway: Cache hit ratio 82%
2026-06-15 19:38:06.107 [CRITICAL] nginx: Out of memory error - process killed
2026-06-15 19:38:06.607 [INFO] nginx: Health check passed
2026-06-15 19:38:07.107 [INFO] payment-service: Health check passed
2026-06-15 19:38:07.607 [INFO] nginx: Request processed successfully in 16ms
2026-06-15 19:38:08.107 [ERROR] database: Connection timeout after 3449ms
2026-06-15 19:38:08.607 [INFO] user-service: Health check passed
2026-06-15 19:38:09.108 [INFO] payment-service: Cache hit ratio 90%
2026-06-15 19:38:09.608 [WARNING] payment-service: GC overhead limit reached
2026-06-15 19:38:10.108 [DEBUG] nginx: Connection pool size 11
2026-06-15 19:38:10.608 [INFO] user-service: Health check passed
2026-06-15 19:38:11.108 [DEBUG] payment-service: Connection pool size 13
2026-06-15 19:38:11.608 [INFO] redis: Request processed successfully in 163ms
2026-06-15 19:38:12.108 [INFO] payment-service: Health check passed
2026-06-15 19:38:12.608 [DEBUG] user-service: Connection pool size 16
2026-06-15 19:38:13.108 [ERROR] nginx: Circuit breaker open for user-service
2026-06-15 19:38:13.608 [DEBUG] auth-service: Connection pool size 10
2026-06-15 19:38:14.109 [INFO] user-service: Cache hit ratio 85%
2026-06-15 19:38:14.609 [DEBUG] database: Connection pool size 8
2026-06-15 19:38:15.109 [CRITICAL] database: Connection pool exhausted
2026-06-15 19:38:15.609 [INFO] payment-service: Request processed successfully in 57ms
2026-06-15 19:38:16.109 [ERROR] database: Deadlock detected in transaction
2026-06-15 19:38:16.609 [ERROR] database: Dependency failure from redis
2026-06-15 19:38:17.109 [INFO] auth-service: Service restarted successfully
2026-06-15 19:38:17.609 [WARNING] user-service: Memory usage 93%
2026-06-15 19:38:18.109 [DEBUG] payment-service: Connection pool size 6
2026-06-15 19:38:18.610 [INFO] nginx: Request processed successfully in 146ms
2026-06-15 19:38:19.110 [WARNING] payment-service: Slow query detected (19s)
2026-06-15 19:38:19.610 [WARNING] redis: Memory usage 87%
2026-06-15 19:38:20.110 [INFO] api-gateway: Cache hit ratio 83%
2026-06-15 19:38:20.610 [INFO] api-gateway: Cache hit ratio 99%
2026-06-15 19:38:21.110 [WARNING] payment-service: GC overhead limit reached
2026-06-15 19:38:21.610 [INFO] database: Request processed successfully in 25ms
2026-06-15 19:38:22.110 [INFO] auth-service: Request processed successfully in 171ms
2026-06-15 19:38:22.610 [INFO] database: Cache hit ratio 92%
2026-06-15 19:38:23.110 [INFO] redis: Health check passed
2026-06-15 19:38:23.611 [INFO] user-service: Request processed successfully in 126ms
2026-06-15 19:38:24.111 [INFO] database: Health check passed
2026-06-15 19:38:24.611 [INFO] payment-service: Cache hit ratio 86%
2026-06-15 19:38:25.111 [INFO] redis: Connection pool restored
2026-06-15 19:38:25.611 [INFO] api-gateway: Cache hit ratio 93%
2026-06-15 19:38:26.111 [INFO] nginx: Request processed successfully in 175ms
2026-06-15 19:38:26.611 [INFO] database: Health check passed
2026-06-15 19:38:27.111 [WARNING] database: Memory usage 87%
2026-06-15 19:38:27.612 [INFO] payment-service: Cache hit ratio 81%
2026-06-15 19:38:28.112 [ERROR] database: Connection timeout after 3991ms
2026-06-15 19:38:28.612 [INFO] user-service: Health check passed
2026-06-15 19:38:29.112 [INFO] user-service: Request processed successfully in 167ms
2026-06-15 19:38:29.612 [ERROR] database: Connection timeout after 1184ms
2026-06-15 19:38:30.112 [INFO] nginx: Cache hit ratio 93%
2026-06-15 19:38:30.612 [DEBUG] payment-service: Connection pool size 14
2026-06-15 19:38:31.113 [INFO] database: Health check passed
2026-06-15 19:38:31.613 [DEBUG] api-gateway: Connection pool size 20
2026-06-15 19:38:32.113 [INFO] auth-service: Request processed successfully in 50ms
2026-06-15 19:38:32.613 [INFO] database: Cache hit ratio 98%
2026-06-15 19:38:33.113 [INFO] database: Health check passed
2026-06-15 19:38:33.613 [DEBUG] redis: Connection pool size 7
2026-06-15 19:38:34.113 [ERROR] user-service: Upstream service unavailable
2026-06-15 19:38:34.613 [DEBUG] user-service: Connection pool size 17
2026-06-15 19:38:35.116 [INFO] auth-service: Cache hit ratio 80%
2026-06-15 19:38:35.616 [WARNING] nginx: Memory usage 93%
2026-06-15 19:38:36.116 [ERROR] api-gateway: Upstream service unavailable
2026-06-15 19:38:36.616 [DEBUG] payment-service: Connection pool size 20
2026-06-15 19:38:37.116 [INFO] nginx: Health check passed
2026-06-15 19:38:37.616 [INFO] auth-service: Request processed successfully in 101ms
2026-06-15 19:38:38.116 [INFO] redis: Cache hit ratio 88%
2026-06-15 19:38:38.617 [DEBUG] nginx: Connection pool size 19
2026-06-15 19:38:39.117 [INFO] nginx: Health check passed after recovery
2026-06-15 19:38:39.617 [INFO] redis: Request processed successfully in 194ms
2026-06-15 19:38:40.117 [INFO] database: Request processed successfully in 79ms
2026-06-15 19:38:40.617 [CRITICAL] database: Connection pool exhausted
2026-06-15 19:38:41.117 [WARNING] nginx: GC overhead limit reached
2026-06-15 19:38:41.617 [INFO] auth-service: Cache hit ratio 81%
2026-06-15 19:38:42.117 [WARNING] api-gateway: GC overhead limit reached
2026-06-15 19:38:42.617 [DEBUG] nginx: Connection pool size 18
2026-06-15 19:38:43.117 [INFO] auth-service: Request processed successfully in 170ms
2026-06-15 19:38:43.618 [INFO] database: Health check passed
2026-06-15 19:38:44.118 [ERROR] user-service: Upstream service unavailable
2026-06-15 19:38:44.618 [DEBUG] api-gateway: Connection pool size 9
2026-06-15 19:38:45.118 [INFO] user-service: Cache hit ratio 89%
2026-06-15 19:38:45.618 [INFO] api-gateway: Request processed successfully in 95ms
2026-06-15 19:38:46.118 [INFO] redis: Cache hit ratio 92%
2026-06-15 19:38:46.618 [CRITICAL] api-gateway: Service crashed
2026-06-15 19:38:47.119 [INFO] auth-service: Cache hit ratio 88%
2026-06-15 19:38:47.619 [DEBUG] auth-service: Connection pool size 15
2026-06-15 19:38:48.119 [DEBUG] api-gateway: Connection pool size 7
2026-06-15 19:38:48.619 [WARNING] database: Slow query detected (16s)
2026-06-15 19:38:49.119 [INFO] nginx: Health check passed
2026-06-15 19:38:49.619 [INFO] payment-service: Health check passed after recovery
2026-06-15 19:38:50.119 [DEBUG] api-gateway: Connection pool size 5
2026-06-15 19:38:50.619 [CRITICAL] user-service: Out of memory error - process killed
2026-06-15 19:38:51.119 [INFO] database: Health check passed
2026-06-15 19:38:51.619 [INFO] database: Service restarted successfully
2026-06-15 19:38:52.120 [CRITICAL] nginx: Out of memory error - process killed
2026-06-15 19:38:52.620 [INFO] user-service: Cache hit ratio 81%
2026-06-15 19:38:53.120 [DEBUG] auth-service: Connection pool size 11
2026-06-15 19:38:53.620 [INFO] api-gateway: Health check passed after recovery
2026-06-15 19:38:54.120 [ERROR] database: Deadlock detected in transaction
2026-06-15 19:38:54.620 [DEBUG] api-gateway: Connection pool size 10
2026-06-15 19:38:55.120 [WARNING] auth-service: Memory usage 87%
2026-06-15 19:38:55.620 [DEBUG] redis: Connection pool size 13
2026-06-15 19:38:56.120 [DEBUG] database: Connection pool size 18
2026-06-15 19:38:56.620 [DEBUG] payment-service: Connection pool size 13
2026-06-15 19:38:57.121 [WARNING] user-service: Memory usage 95%
2026-06-15 19:38:57.621 [DEBUG] payment-service: Connection pool size 13
2026-06-15 19:38:58.121 [DEBUG] database: Connection pool size 14
2026-06-15 19:38:58.621 [DEBUG] user-service: Connection pool size 19
2026-06-15 19:38:59.121 [INFO] redis: Service restarted successfully
2026-06-15 19:38:59.621 [INFO] user-service: Request processed successfully in 52ms
2026-06-15 19:39:00.121 [CRITICAL] payment-service: Service crashed
2026-06-15 19:39:00.621 [INFO] payment-service: Request processed successfully in 32ms
2026-06-15 19:39:01.121 [INFO] payment-service: Cache hit ratio 97%
2026-06-15 19:39:01.621 [INFO] redis: Health check passed
2026-06-15 19:39:02.121 [INFO] redis: Cache hit ratio 89%
2026-06-15 19:39:02.622 [ERROR] database: Deadlock detected in transaction
2026-06-15 19:39:03.122 [INFO] user-service: Service restarted successfully
2026-06-15 19:39:03.622 [WARNING] payment-service: GC overhead limit reached
2026-06-15 19:39:04.122 [INFO] user-service: Cache hit ratio 94%
2026-06-15 19:39:04.622 [INFO] redis: Health check passed
2026-06-15 19:39:05.122 [CRITICAL] database: Connection pool exhausted
2026-06-15 19:39:05.622 [INFO] auth-service: Cache hit ratio 89%
2026-06-15 19:39:06.122 [INFO] payment-service: Cache hit ratio 90%
2026-06-15 19:39:06.622 [ERROR] database: Query failed - relation 'orders' does not exist
2026-06-15 19:39:07.123 [INFO] auth-service: Request processed successfully in 55ms
2026-06-15 19:39:07.623 [INFO] database: Health check passed
2026-06-15 19:39:08.123 [DEBUG] redis: Connection pool size 14
2026-06-15 19:39:08.623 [DEBUG] api-gateway: Connection pool size 9
2026-06-15 19:39:09.123 [ERROR] user-service: Request timeout after 49s
2026-06-15 19:39:09.623 [INFO] nginx: Request processed successfully in 179ms
2026-06-15 19:39:10.123 [CRITICAL] api-gateway: Out of memory error - process killed
2026-06-15 19:39:10.623 [DEBUG] api-gateway: Connection pool size 8
2026-06-15 19:39:11.123 [ERROR] database: Deadlock detected in transaction
2026-06-15 19:39:11.624 [INFO] user-service: Health check passed after recovery
2026-06-15 19:39:12.124 [DEBUG] database: Connection pool size 9
2026-06-15 19:39:12.624 [ERROR] user-service: Upstream service unavailable
2026-06-15 19:39:13.124 [WARNING] payment-service: Memory usage 90%
2026-06-15 19:39:13.624 [INFO] api-gateway: Health check passed
2026-06-15 19:39:14.124 [DEBUG] auth-service: Connection pool size 16
2026-06-15 19:39:14.624 [ERROR] database: Deadlock detected in transaction
2026-06-15 19:39:15.124 [INFO] nginx: Request processed successfully in 12ms
2026-06-15 19:39:15.624 [INFO] user-service: Cache hit ratio 92%
2026-06-15 19:39:16.124 [DEBUG] redis: Connection pool size 5
2026-06-15 19:39:16.625 [DEBUG] api-gateway: Connection pool size 11
2026-06-15 19:39:17.125 [INFO] user-service: Request processed successfully in 103ms
2026-06-15 19:39:17.625 [DEBUG] redis: Connection pool size 12
2026-06-15 19:39:18.125 [INFO] payment-service: Health check passed
2026-06-15 19:39:18.625 [INFO] nginx: Health check passed
2026-06-15 19:39:19.125 [INFO] redis: Connection pool restored
2026-06-15 19:39:19.625 [ERROR] database: Connection timeout after 1332ms
2026-06-15 19:39:20.125 [INFO] nginx: Service restarted successfully
2026-06-15 19:39:20.625 [INFO] auth-service: Request processed successfully in 55ms
2026-06-15 19:39:21.125 [INFO] database: Health check passed after recovery
2026-06-15 19:39:21.625 [ERROR] auth-service: Circuit breaker open for api-gateway
2026-06-15 19:39:22.126 [INFO] redis: Cache hit ratio 80%
2026-06-15 19:39:22.626 [INFO] redis: Health check passed
2026-06-15 19:39:23.126 [CRITICAL] database: Connection pool exhausted
2026-06-15 19:39:23.626 [INFO] api-gateway: Connection pool restored
2026-06-15 19:39:24.126 [INFO] nginx: Health check passed
2026-06-15 19:39:24.626 [INFO] payment-service: Health check passed
2026-06-15 19:39:25.126 [DEBUG] payment-service: Connection pool size 6
2026-06-15 19:39:25.626 [INFO] database: Cache hit ratio 90%
2026-06-15 19:39:26.126 [INFO] api-gateway: Request processed successfully in 94ms
2026-06-15 19:39:26.626 [INFO] user-service: Request processed successfully in 160ms
2026-06-15 19:39:27.127 [INFO] nginx: Request processed successfully in 106ms
2026-06-15 19:39:27.627 [ERROR] database: Query failed - relation 'orders' does not exist
2026-06-15 19:39:28.127 [CRITICAL] nginx: Service crashed
2026-06-15 19:39:28.627 [INFO] user-service: Health check passed
2026-06-15 19:39:29.127 [INFO] user-service: Health check passed
2026-06-15 19:39:29.627 [DEBUG] database: Connection pool size 11
2026-06-15 19:39:30.128 [INFO] api-gateway: Health check passed
2026-06-15 19:39:30.628 [DEBUG] nginx: Connection pool size 15
2026-06-15 19:39:31.128 [DEBUG] database: Connection pool size 8
2026-06-15 19:39:31.628 [INFO] database: Request processed successfully in 104ms
2026-06-15 19:39:32.128 [DEBUG] api-gateway: Connection pool size 18
2026-06-15 19:39:32.628 [ERROR] redis: Dependency failure from payment-service
2026-06-15 19:39:33.128 [WARNING] nginx: Memory usage 95%
2026-06-15 19:39:33.628 [DEBUG] payment-service: Connection pool size 17
2026-06-15 19:39:34.129 [INFO] auth-service: Cache hit ratio 90%
2026-06-15 19:39:34.629 [INFO] api-gateway: Cache hit ratio 97%
2026-06-15 19:39:35.129 [DEBUG] nginx: Connection pool size 6
2026-06-15 19:39:35.629 [ERROR] user-service: Upstream service unavailable
2026-06-15 19:39:36.130 [INFO] payment-service: Cache hit ratio 92%
2026-06-15 19:39:36.630 [INFO] api-gateway: Health check passed
2026-06-15 19:39:37.130 [INFO] nginx: Health check passed
2026-06-15 19:39:37.630 [INFO] api-gateway: Health check passed
2026-06-15 19:39:38.130 [INFO] redis: Request processed successfully in 72ms
2026-06-15 19:39:38.630 [INFO] redis: Health check passed
2026-06-15 19:39:39.130 [DEBUG] redis: Connection pool size 19
2026-06-15 19:39:39.630 [ERROR] database: Connection timeout after 4410ms
2026-06-15 19:39:40.130 [INFO] auth-service: Health check passed
2026-06-15 19:39:40.630 [INFO] auth-service: Cache hit ratio 99%
2026-06-15 19:39:41.131 [INFO] database: Health check passed
2026-06-15 19:39:41.631 [INFO] nginx: Request processed successfully in 72ms
2026-06-15 19:39:42.131 [DEBUG] database: Connection pool size 17
2026-06-15 19:39:42.631 [INFO] payment-service: Health check passed
2026-06-15 19:39:43.131 [INFO] payment-service: Request processed successfully in 80ms
2026-06-15 19:39:43.631 [INFO] auth-service: Request processed successfully in 185ms
2026-06-15 19:39:44.131 [INFO] nginx: Request processed successfully in 73ms
2026-06-15 19:39:44.631 [CRITICAL] auth-service: Out of memory error - process killed
2026-06-15 19:39:45.131 [INFO] database: Cache hit ratio 98%
2026-06-15 19:39:45.632 [CRITICAL] user-service: Service crashed
2026-06-15 19:39:46.132 [DEBUG] nginx: Connection pool size 13
2026-06-15 19:39:46.632 [INFO] payment-service: Request processed successfully in 164ms
2026-06-15 19:39:47.132 [DEBUG] user-service: Connection pool size 18
2026-06-15 19:39:47.632 [INFO] payment-service: Health check passed after recovery
2026-06-15 19:39:48.132 [INFO] api-gateway: Connection pool restored
2026-06-15 19:39:48.632 [INFO] payment-service: Request processed successfully in 48ms
2026-06-15 19:39:49.132 [INFO] redis: Service restarted successfully
2026-06-15 19:39:49.632 [INFO] nginx: Health check passed
2026-06-15 19:39:50.133 [INFO] redis: Cache hit ratio 85%
2026-06-15 19:39:50.633 [INFO] nginx: Cache hit ratio 82%
2026-06-15 19:39:51.133 [INFO] user-service: Request processed successfully in 121ms
2026-06-15 19:39:51.633 [INFO] database: Cache hit ratio 80%
2026-06-15 19:39:52.133 [INFO] nginx: Request processed successfully in 180ms
2026-06-15 19:39:52.633 [INFO] redis: Request processed successfully in 36ms
2026-06-15 19:39:53.133 [CRITICAL] database: Connection pool exhausted
2026-06-15 19:39:53.633 [INFO] user-service: Cache hit ratio 99%
2026-06-15 19:39:54.133 [ERROR] database: Deadlock detected in transaction
2026-06-15 19:39:54.634 [INFO] user-service: Connection pool restored
2026-06-15 19:39:55.134 [INFO] user-service: Cache hit ratio 93%
2026-06-15 19:39:55.634 [CRITICAL] api-gateway: Service crashed
2026-06-15 19:39:56.134 [INFO] redis: Health check passed
2026-06-15 19:39:56.634 [INFO] user-service: Health check passed after recovery
2026-06-15 19:39:57.134 [INFO] nginx: Health check passed
2026-06-15 19:39:57.634 [CRITICAL] database: Connection pool exhausted
2026-06-15 19:39:58.134 [INFO] payment-service: Cache hit ratio 85%
2026-06-15 19:39:58.634 [INFO] api-gateway: Cache hit ratio 90%
2026-06-15 19:39:59.135 [WARNING] nginx: GC overhead limit reached
2026-06-15 19:39:59.635 [DEBUG] user-service: Connection pool size 15
2026-06-15 19:40:00.135 [ERROR] payment-service: Upstream service unavailable
2026-06-15 19:40:00.635 [INFO] api-gateway: Health check passed
2026-06-15 19:40:01.135 [ERROR] database: Upstream service unavailable
2026-06-15 19:40:01.635 [INFO] api-gateway: Cache hit ratio 95%
2026-06-15 19:40:02.135 [INFO] api-gateway: Request processed successfully in 63ms
2026-06-15 19:40:02.635 [ERROR] database: Upstream service unavailable
2026-06-15 19:40:03.135 [CRITICAL] database: Connection pool exhausted
2026-06-15 19:40:03.636 [ERROR] database: Query failed - relation 'orders' does not exist
2026-06-15 19:40:04.136 [DEBUG] nginx: Connection pool size 17
2026-06-15 19:40:04.636 [ERROR] database: Deadlock detected in transaction
2026-06-15 19:40:05.136 [INFO] nginx: Health check passed
2026-06-15 19:40:05.636 [INFO] redis: Request processed successfully in 158ms
2026-06-15 19:40:06.136 [INFO] auth-service: Health check passed
2026-06-15 19:40:06.636 [WARNING] auth-service: Slow query detected (9s)
2026-06-15 19:40:07.137 [INFO] api-gateway: Cache hit ratio 84%
2026-06-15 19:40:07.637 [INFO] redis: Cache hit ratio 96%
2026-06-15 19:40:08.137 [ERROR] auth-service: Dependency failure from payment-service
2026-06-15 19:40:08.637 [CRITICAL] database: Connection pool exhausted
2026-06-15 19:40:09.137 [CRITICAL] database: Connection pool exhausted
2026-06-15 19:40:09.637 [DEBUG] auth-service: Connection pool size 7
2026-06-15 19:40:10.137 [INFO] nginx: Health check passed
2026-06-15 19:40:10.637 [INFO] database: Request processed successfully in 182ms
2026-06-15 19:40:11.137 [INFO] user-service: Request processed successfully in 75ms
2026-06-15 19:40:11.637 [INFO] user-service: Cache hit ratio 93%
2026-06-15 19:40:12.138 [INFO] user-service: Request processed successfully in 30ms
2026-06-15 19:40:12.638 [ERROR] auth-service: Upstream service unavailable
2026-06-15 19:40:13.138 [DEBUG] api-gateway: Connection pool size 18
2026-06-15 19:40:13.638 [INFO] redis: Cache hit ratio 86%
2026-06-15 19:40:14.138 [ERROR] database: Connection timeout after 1802ms
2026-06-15 19:40:14.638 [ERROR] database: Connection timeout after 1819ms
2026-06-15 19:40:15.138 [INFO] database: Health check passed after recovery
2026-06-15 19:40:15.638 [INFO] database: Cache hit ratio 92%
2026-06-15 19:40:16.139 [DEBUG] redis: Connection pool size 8
2026-06-15 19:40:16.639 [INFO] nginx: Cache hit ratio 91%
2026-06-15 19:40:17.139 [INFO] nginx: Cache hit ratio 90%
2026-06-15 19:40:17.639 [INFO] nginx: Health check passed
2026-06-15 19:40:18.139 [DEBUG] redis: Connection pool size 20
2026-06-15 19:40:18.639 [ERROR] database: Deadlock detected in transaction
2026-06-15 19:40:19.139 [INFO] nginx: Health check passed
2026-06-15 19:40:19.639 [DEBUG] user-service: Connection pool size 7
2026-06-15 19:40:20.139 [INFO] nginx: Cache hit ratio 85%
2026-06-15 19:40:20.639 [ERROR] database: Connection timeout after 2211ms
2026-06-15 19:40:21.140 [CRITICAL] auth-service: Service crashed
2026-06-15 19:40:21.640 [INFO] redis: Health check passed
2026-06-15 19:40:22.140 [INFO] payment-service: Cache hit ratio 88%
2026-06-15 19:40:22.640 [INFO] auth-service: Cache hit ratio 89%
2026-06-15 19:40:23.140 [DEBUG] api-gateway: Connection pool size 11
2026-06-15 19:40:23.640 [INFO] auth-service: Service restarted successfully
2026-06-15 19:40:24.140 [INFO] user-service: Health check passed after recovery
2026-06-15 19:40:24.640 [INFO] api-gateway: Health check passed
2026-06-15 19:40:25.141 [CRITICAL] payment-service: Out of memory error - process killed
2026-06-15 19:40:25.641 [DEBUG] user-service: Connection pool size 10
2026-06-15 19:40:26.141 [DEBUG] database: Connection pool size 5
2026-06-15 19:40:26.641 [INFO] user-service: Request processed successfully in 18ms
2026-06-15 19:40:27.141 [INFO] redis: Request processed successfully in 75ms
2026-06-15 19:40:27.641 [WARNING] user-service: GC overhead limit reached
2026-06-15 19:40:28.141 [INFO] api-gateway: Request processed successfully in 129ms
2026-06-15 19:40:28.641 [INFO] auth-service: Request processed successfully in 129ms
2026-06-15 19:40:29.141 [INFO] payment-service: Cache hit ratio 94%
2026-06-15 19:40:29.642 [DEBUG] nginx: Connection pool size 15
2026-06-15 19:40:30.142 [CRITICAL] user-service: Out of memory error - process killed
2026-06-15 19:40:30.642 [INFO] payment-service: Health check passed
2026-06-15 19:40:31.142 [ERROR] database: Connection timeout after 1546ms
2026-06-15 19:40:31.642 [INFO] user-service: Request processed successfully in 65ms
2026-06-15 19:40:32.142 [INFO] nginx: Health check passed
2026-06-15 19:40:32.642 [INFO] user-service: Request processed successfully in 78ms
2026-06-15 19:40:33.142 [INFO] database: Connection pool restored
2026-06-15 19:40:33.642 [INFO] api-gateway: Request processed successfully in 190ms
2026-06-15 19:40:34.142 [DEBUG] api-gateway: Connection pool size 19
2026-06-15 19:40:34.643 [DEBUG] api-gateway: Connection pool size 5
2026-06-15 19:40:35.143 [WARNING] api-gateway: Slow query detected (29s)
2026-06-15 19:40:35.643 [INFO] database: Health check passed
2026-06-15 19:40:36.143 [INFO] redis: Health check passed
2026-06-15 19:40:36.643 [INFO] database: Cache hit ratio 96%
2026-06-15 19:40:37.143 [INFO] payment-service: Request processed successfully in 161ms
2026-06-15 19:40:37.643 [DEBUG] auth-service: Connection pool size 9
2026-06-15 19:40:38.144 [INFO] redis: Cache hit ratio 82%
2026-06-15 19:40:38.644 [INFO] api-gateway: Health check passed
2026-06-15 19:40:39.144 [INFO] payment-service: Request processed successfully in 182ms
2026-06-15 19:40:39.644 [INFO] payment-service: Request processed successfully in 138ms
2026-06-15 19:40:40.144 [INFO] database: Service restarted successfully
2026-06-15 19:40:40.644 [CRITICAL] payment-service: Service crashed
2026-06-15 19:40:41.144 [INFO] api-gateway: Request processed successfully in 166ms
2026-06-15 19:40:41.644 [ERROR] api-gateway: Request timeout after 32s
2026-06-15 19:40:42.144 [INFO] redis: Cache hit ratio 96%
2026-06-15 19:40:42.645 [INFO] payment-service: Cache hit ratio 94%
2026-06-15 19:40:43.145 [DEBUG] api-gateway: Connection pool size 15
2026-06-15 19:40:43.645 [DEBUG] payment-service: Connection pool size 14
2026-06-15 19:40:44.145 [INFO] payment-service: Request processed successfully in 105ms
2026-06-15 19:40:44.645 [INFO] redis: Cache hit ratio 90%
2026-06-15 19:40:45.145 [DEBUG] redis: Connection pool size 18
2026-06-15 19:40:45.645 [INFO] database: Request processed successfully in 65ms
2026-06-15 19:40:46.145 [INFO] user-service: Health check passed
2026-06-15 19:40:46.645 [INFO] auth-service: Cache hit ratio 84%
2026-06-15 19:40:47.146 [DEBUG] api-gateway: Connection pool size 7
2026-06-15 19:40:47.646 [INFO] redis: Health check passed
2026-06-15 19:40:48.146 [INFO] redis: Health check passed
2026-06-15 19:40:48.646 [INFO] auth-service: Cache hit ratio 90%
2026-06-15 19:40:49.146 [WARNING] database: Memory usage 85%
2026-06-15 19:40:49.646 [INFO] payment-service: Health check passed
2026-06-15 19:40:50.146 [INFO] user-service: Cache hit ratio 86%
2026-06-15 19:40:50.646 [ERROR] database: Connection timeout after 2880ms
2026-06-15 19:40:51.147 [INFO] auth-service: Service restarted successfully
2026-06-15 19:40:51.647 [INFO] redis: Cache hit ratio 96%
2026-06-15 19:40:52.147 [INFO] payment-service: Service restarted successfully
2026-06-15 19:40:52.647 [INFO] redis: Cache hit ratio 95%
2026-06-15 19:40:53.147 [INFO] database: Request processed successfully in 55ms
2026-06-15 19:40:53.647 [DEBUG] auth-service: Connection pool size 7
2026-06-15 19:40:54.147 [INFO] database: Health check passed
2026-06-15 19:40:54.647 [ERROR] nginx: Upstream service unavailable
2026-06-15 19:40:55.148 [INFO] user-service: Request processed successfully in 69ms
2026-06-15 19:40:55.648 [ERROR] database: Connection timeout after 2316ms
2026-06-15 19:40:56.148 [ERROR] database: Connection timeout after 3756ms
2026-06-15 19:40:56.648 [INFO] redis: Request processed successfully in 119ms
2026-06-15 19:40:57.148 [ERROR] api-gateway: Request timeout after 35s
2026-06-15 19:40:57.648 [INFO] user-service: Health check passed after recovery
2026-06-15 19:40:58.148 [INFO] user-service: Service restarted successfully
2026-06-15 19:40:58.648 [INFO] auth-service: Health check passed after recovery
2026-06-15 19:40:59.148 [DEBUG] nginx: Connection pool size 11
2026-06-15 19:40:59.648 [INFO] user-service: Health check passed
2026-06-15 19:41:00.148 [INFO] auth-service: Request processed successfully in 170ms
2026-06-15 19:41:00.649 [INFO] payment-service: Request processed successfully in 46ms
2026-06-15 19:41:01.149 [DEBUG] nginx: Connection pool size 14
2026-06-15 19:41:01.649 [INFO] nginx: Request processed successfully in 163ms
2026-06-15 19:41:02.149 [INFO] redis: Cache hit ratio 81%
2026-06-15 19:41:02.649 [DEBUG] auth-service: Connection pool size 16
2026-06-15 19:41:03.149 [INFO] payment-service: Cache hit ratio 82%
2026-06-15 19:41:03.649 [DEBUG] auth-service: Connection pool size 19
2026-06-15 19:41:04.149 [INFO] database: Request processed successfully in 157ms
2026-06-15 19:41:04.649 [INFO] nginx: Request processed successfully in 81ms
2026-06-15 19:41:05.150 [DEBUG] redis: Connection pool size 7
2026-06-15 19:41:05.650 [INFO] auth-service: Cache hit ratio 98%
2026-06-15 19:41:06.150 [INFO] auth-service: Request processed successfully in 60ms
2026-06-15 19:41:06.650 [INFO] nginx: Cache hit ratio 86%
2026-06-15 19:41:07.150 [DEBUG] user-service: Connection pool size 10
2026-06-15 19:41:07.650 [DEBUG] payment-service: Connection pool size 14
2026-06-15 19:41:08.150 [DEBUG] user-service: Connection pool size 20
2026-06-15 19:41:08.650 [INFO] user-service: Cache hit ratio 93%
2026-06-15 19:41:09.150 [INFO] api-gateway: Request processed successfully in 42ms
2026-06-15 19:41:09.650 [DEBUG] user-service: Connection pool size 12
2026-06-15 19:41:10.151 [INFO] api-gateway: Health check passed
2026-06-15 19:41:10.651 [CRITICAL] database: Connection pool exhausted
2026-06-15 19:41:11.151 [WARNING] redis: GC overhead limit reached
2026-06-15 19:41:11.651 [ERROR] database: Connection timeout after 3306ms
2026-06-15 19:41:12.151 [DEBUG] auth-service: Connection pool size 13
2026-06-15 19:41:12.651 [DEBUG] user-service: Connection pool size 8
2026-06-15 19:41:13.151 [INFO] redis: Cache hit ratio 85%
2026-06-15 19:41:13.651 [INFO] api-gateway: Request processed successfully in 58ms
2026-06-15 19:41:14.152 [DEBUG] database: Connection pool size 9
2026-06-15 19:41:14.652 [ERROR] database: Query failed - relation 'orders' does not exist
2026-06-15 19:41:15.152 [INFO] auth-service: Cache hit ratio 90%
2026-06-15 19:41:15.652 [INFO] api-gateway: Cache hit ratio 84%
2026-06-15 19:41:16.152 [INFO] user-service: Request processed successfully in 48ms
2026-06-15 19:41:16.652 [INFO] user-service: Request processed successfully in 108ms
2026-06-15 19:41:17.152 [INFO] payment-service: Connection pool restored
2026-06-15 19:41:17.652 [DEBUG] payment-service: Connection pool size 8
2026-06-15 19:41:18.152 [ERROR] auth-service: Request timeout after 54s
2026-06-15 19:41:18.653 [DEBUG] database: Connection pool size 6
2026-06-15 19:41:19.153 [CRITICAL] nginx: Out of memory error - process killed
2026-06-15 19:41:19.653 [DEBUG] api-gateway: Connection pool size 16
2026-06-15 19:41:20.153 [ERROR] database: Deadlock detected in transaction
2026-06-15 19:41:20.653 [INFO] database: Health check passed
2026-06-15 19:41:21.153 [DEBUG] database: Connection pool size 8
2026-06-15 19:41:21.653 [DEBUG] user-service: Connection pool size 5
2026-06-15 19:41:22.153 [DEBUG] payment-service: Connection pool size 6
2026-06-15 19:41:22.653 [ERROR] database: Deadlock detected in transaction
2026-06-15 19:41:23.153 [INFO] api-gateway: Cache hit ratio 96%
2026-06-15 19:41:23.654 [DEBUG] auth-service: Connection pool size 16
2026-06-15 19:41:24.154 [INFO] payment-service: Health check passed after recovery
2026-06-15 19:41:24.654 [ERROR] database: Deadlock detected in transaction
2026-06-15 19:41:25.154 [INFO] database: Service restarted successfully
2026-06-15 19:41:25.654 [INFO] nginx: Health check passed
2026-06-15 19:41:26.154 [INFO] redis: Request processed successfully in 95ms
2026-06-15 19:41:26.654 [INFO] nginx: Health check passed
2026-06-15 19:41:27.154 [DEBUG] database: Connection pool size 12
2026-06-15 19:41:27.654 [CRITICAL] payment-service: Service crashed
2026-06-15 19:41:28.155 [INFO] api-gateway: Request processed successfully in 195ms
2026-06-15 19:41:28.655 [ERROR] database: Deadlock detected in transaction
2026-06-15 19:41:29.155 [ERROR] database: Connection timeout after 1522ms
2026-06-15 19:41:29.655 [INFO] payment-service: Request processed successfully in 74ms
2026-06-15 19:41:30.155 [INFO] auth-service: Cache hit ratio 89%
2026-06-15 19:41:30.655 [INFO] api-gateway: Cache hit ratio 95%
2026-06-15 19:41:31.155 [DEBUG] auth-service: Connection pool size 15
2026-06-15 19:41:31.655 [INFO] user-service: Cache hit ratio 93%
2026-06-15 19:41:32.155 [INFO] database: Request processed successfully in 45ms
2026-06-15 19:41:32.656 [DEBUG] auth-service: Connection pool size 9
2026-06-15 19:41:33.156 [WARNING] database: GC overhead limit reached
2026-06-15 19:41:33.656 [INFO] api-gateway: Cache hit ratio 86%
2026-06-15 19:41:34.156 [DEBUG] nginx: Connection pool size 8
2026-06-15 19:41:34.656 [ERROR] database: Deadlock detected in transaction
2026-06-15 19:41:35.156 [INFO] auth-service: Request processed successfully in 114ms
2026-06-15 19:41:35.656 [INFO] auth-service: Health check passed
2026-06-15 19:41:36.156 [INFO] auth-service: Request processed successfully in 173ms
2026-06-15 19:41:36.657 [INFO] payment-service: Request processed successfully in 191ms
2026-06-15 19:41:37.157 [INFO] redis: Health check passed after recovery
2026-06-15 19:41:37.657 [INFO] nginx: Cache hit ratio 88%
2026-06-15 19:41:38.157 [INFO] redis: Health check passed
2026-06-15 19:41:38.657 [INFO] redis: Health check passed
2026-06-15 19:41:39.157 [INFO] nginx: Connection pool restored
2026-06-15 19:41:39.657 [INFO] api-gateway: Health check passed
2026-06-15 19:41:40.157 [WARNING] nginx: Slow query detected (17s)
2026-06-15 19:41:40.657 [DEBUG] redis: Connection pool size 8
2026-06-15 19:41:41.157 [INFO] auth-service: Health check passed
2026-06-15 19:41:41.658 [INFO] auth-service: Request processed successfully in 196ms
2026-06-15 19:41:42.158 [INFO] redis: Request processed successfully in 164ms
2026-06-15 19:41:42.658 [DEBUG] auth-service: Connection pool size 18
2026-06-15 19:41:43.158 [INFO] payment-service: Health check passed
2026-06-15 19:41:43.658 [INFO] user-service: Health check passed
2026-06-15 19:41:44.158 [ERROR] database: Connection timeout after 2188ms
2026-06-15 19:41:44.658 [DEBUG] api-gateway: Connection pool size 10
2026-06-15 19:41:45.158 [DEBUG] user-service: Connection pool size 13
2026-06-15 19:41:45.659 [INFO] auth-service: Cache hit ratio 83%
2026-06-15 19:41:46.159 [INFO] database: Request processed successfully in 74ms
2026-06-15 19:41:46.659 [INFO] database: Connection pool restored
2026-06-15 19:41:47.159 [DEBUG] api-gateway: Connection pool size 7
2026-06-15 19:41:47.659 [DEBUG] redis: Connection pool size 12
2026-06-15 19:41:48.159 [INFO] api-gateway: Request processed successfully in 164ms
2026-06-15 19:41:48.659 [WARNING] auth-service: GC overhead limit reached
2026-06-15 19:41:49.159 [CRITICAL] database: Out of memory error - process killed
2026-06-15 19:41:49.659 [DEBUG] nginx: Connection pool size 20
2026-06-15 19:41:50.159 [INFO] redis: Health check passed
2026-06-15 19:41:50.660 [INFO] user-service: Health check passed
2026-06-15 19:41:51.160 [INFO] api-gateway: Request processed successfully in 150ms
2026-06-15 19:41:51.660 [INFO] user-service: Health check passed
2026-06-15 19:41:52.160 [INFO] nginx: Request processed successfully in 31ms
2026-06-15 19:41:52.660 [ERROR] redis: Upstream service unavailable
2026-06-15 19:41:53.160 [CRITICAL] auth-service: Out of memory error - process killed
2026-06-15 19:41:53.660 [ERROR] database: Request timeout after 45s
2026-06-15 19:41:54.160 [DEBUG] redis: Connection pool size 14
2026-06-15 19:41:54.660 [INFO] user-service: Cache hit ratio 88%
2026-06-15 19:41:55.160 [INFO] api-gateway: Cache hit ratio 99%
2026-06-15 19:41:55.661 [INFO] user-service: Health check passed
2026-06-15 19:41:56.161 [INFO] auth-service: Request processed successfully in 63ms
2026-06-15 19:41:56.661 [INFO] payment-service: Health check passed
2026-06-15 19:41:57.161 [INFO] user-service: Request processed successfully in 28ms
2026-06-15 19:41:57.661 [INFO] api-gateway: Request processed successfully in 49ms
2026-06-15 19:41:58.161 [INFO] nginx: Health check passed
2026-06-15 19:41:58.661 [CRITICAL] auth-service: Service crashed
2026-06-15 19:41:59.161 [INFO] user-service: Health check passed
2026-06-15 19:41:59.661 [INFO] payment-service: Request processed successfully in 126ms
2026-06-15 19:42:00.161 [INFO] user-service: Health check passed
2026-06-15 19:42:00.662 [CRITICAL] database: Connection pool exhausted
2026-06-15 19:42:01.162 [INFO] payment-service: Health check passed
2026-06-15 19:42:01.662 [INFO] redis: Cache hit ratio 83%
2026-06-15 19:42:02.162 [INFO] auth-service: Request processed successfully in 64ms
2026-06-15 19:42:02.662 [INFO] user-service: Cache hit ratio 98%
2026-06-15 19:42:03.162 [INFO] payment-service: Cache hit ratio 82%
2026-06-15 19:42:03.662 [DEBUG] database: Connection pool size 19
2026-06-15 19:42:04.162 [INFO] api-gateway: Request processed successfully in 27ms
2026-06-15 19:42:04.662 [WARNING] nginx: GC overhead limit reached
2026-06-15 19:42:05.163 [INFO] api-gateway: Connection pool restored
2026-06-15 19:42:05.663 [INFO] api-gateway: Request processed successfully in 46ms
2026-06-15 19:42:06.163 [INFO] nginx: Cache hit ratio 86%
2026-06-15 19:42:06.663 [DEBUG] payment-service: Connection pool size 10
2026-06-15 19:42:07.163 [INFO] database: Health check passed
2026-06-15 19:42:07.663 [INFO] payment-service: Health check passed
2026-06-15 19:42:08.163 [INFO] nginx: Health check passed
2026-06-15 19:42:08.663 [INFO] nginx: Health check passed
2026-06-15 19:42:09.163 [INFO] api-gateway: Cache hit ratio 83%
2026-06-15 19:42:09.664 [CRITICAL] database: Connection pool exhausted
2026-06-15 19:42:10.164 [INFO] redis: Cache hit ratio 85%
2026-06-15 19:42:10.664 [ERROR] api-gateway: Request timeout after 60s
2026-06-15 19:42:11.164 [INFO] payment-service: Cache hit ratio 86%
2026-06-15 19:42:11.664 [INFO] api-gateway: Request processed successfully in 18ms
2026-06-15 19:42:12.164 [DEBUG] api-gateway: Connection pool size 20
2026-06-15 19:42:12.664 [INFO] api-gateway: Request processed successfully in 172ms
2026-06-15 19:42:13.165 [CRITICAL] database: Connection pool exhausted
2026-06-15 19:42:13.665 [INFO] nginx: Request processed successfully in 74ms
2026-06-15 19:42:14.165 [ERROR] database: Query failed - relation 'orders' does not exist
2026-06-15 19:42:14.665 [INFO] auth-service: Health check passed
2026-06-15 19:42:15.165 [INFO] database: Health check passed
2026-06-15 19:42:15.665 [CRITICAL] auth-service: Service crashed
2026-06-15 19:42:16.165 [INFO] api-gateway: Request processed successfully in 69ms
2026-06-15 19:42:16.666 [INFO] auth-service: Health check passed
2026-06-15 19:42:17.166 [INFO] auth-service: Request processed successfully in 68ms
2026-06-15 19:42:17.666 [ERROR] database: Request timeout after 32s
2026-06-15 19:42:18.166 [ERROR] api-gateway: Upstream service unavailable
2026-06-15 19:42:18.666 [INFO] redis: Cache hit ratio 82%
2026-06-15 19:42:19.166 [ERROR] database: Connection timeout after 3158ms
2026-06-15 19:42:19.666 [ERROR] database: Request timeout after 55s
2026-06-15 19:42:20.166 [CRITICAL] nginx: Out of memory error - process killed
2026-06-15 19:42:20.666 [ERROR] api-gateway: Upstream service unavailable
2026-06-15 19:42:21.167 [INFO] nginx: Health check passed
2026-06-15 19:42:21.667 [INFO] auth-service: Connection pool restored
2026-06-15 19:42:22.167 [INFO] redis: Health check passed after recovery
2026-06-15 19:42:22.667 [ERROR] database: Query failed - relation 'orders' does not exist
2026-06-15 19:42:23.167 [DEBUG] auth-service: Connection pool size 10
2026-06-15 19:42:23.667 [DEBUG] user-service: Connection pool size 20
2026-06-15 19:42:24.167 [INFO] nginx: Request processed successfully in 172ms
2026-06-15 19:42:24.667 [INFO] nginx: Request processed successfully in 126ms
2026-06-15 19:42:25.168 [INFO] redis: Health check passed
2026-06-15 19:42:25.668 [DEBUG] api-gateway: Connection pool size 13
2026-06-15 19:42:26.168 [ERROR] redis: Upstream service unavailable
2026-06-15 19:42:26.668 [INFO] database: Health check passed
2026-06-15 19:42:27.168 [DEBUG] auth-service: Connection pool size 16
2026-06-15 19:42:27.668 [DEBUG] redis: Connection pool size 11
2026-06-15 19:42:28.168 [INFO] payment-service: Request processed successfully in 68ms
2026-06-15 19:42:28.668 [INFO] payment-service: Health check passed
2026-06-15 19:42:29.168 [INFO] auth-service: Health check passed
2026-06-15 19:42:29.668 [INFO] user-service: Request processed successfully in 91ms
2026-06-15 19:42:30.169 [INFO] payment-service: Connection pool restored
2026-06-15 19:42:30.669 [DEBUG] api-gateway: Connection pool size 15
2026-06-15 19:42:31.169 [INFO] redis: Health check passed
2026-06-15 19:42:31.669 [INFO] database: Health check passed
2026-06-15 19:42:32.169 [INFO] api-gateway: Request processed successfully in 78ms
2026-06-15 19:42:32.669 [INFO] auth-service: Cache hit ratio 85%
2026-06-15 19:42:33.169 [INFO] database: Health check passed
2026-06-15 19:42:33.669 [INFO] api-gateway: Health check passed
2026-06-15 19:42:34.169 [ERROR] api-gateway: Request timeout after 55s
2026-06-15 19:42:34.670 [INFO] api-gateway: Connection pool restored
2026-06-15 19:42:35.170 [INFO] database: Health check passed
2026-06-15 19:42:35.670 [ERROR] database: Connection timeout after 2208ms
2026-06-15 19:42:36.170 [INFO] auth-service: Request processed successfully in 79ms
2026-06-15 19:42:36.670 [INFO] user-service: Health check passed
2026-06-15 19:42:37.171 [INFO] nginx: Health check passed
2026-06-15 19:42:37.671 [ERROR] redis: Upstream service unavailable
2026-06-15 19:42:38.171 [INFO] user-service: Cache hit ratio 94%
2026-06-15 19:42:38.671 [WARNING] api-gateway: Memory usage 91%
2026-06-15 19:42:39.171 [DEBUG] user-service: Connection pool size 15
2026-06-15 19:42:39.671 [ERROR] api-gateway: Request timeout after 56s
2026-06-15 19:42:40.172 [INFO] api-gateway: Cache hit ratio 83%
2026-06-15 19:42:40.672 [DEBUG] nginx: Connection pool size 20
2026-06-15 19:42:41.172 [INFO] user-service: Cache hit ratio 87%
2026-06-15 19:42:41.672 [ERROR] nginx: Upstream service unavailable
2026-06-15 19:42:42.172 [INFO] user-service: Request processed successfully in 47ms
2026-06-15 19:42:42.672 [INFO] database: Health check passed
2026-06-15 19:42:43.172 [INFO] payment-service: Cache hit ratio 81%
2026-06-15 19:42:43.673 [INFO] database: Request processed successfully in 56ms
2026-06-15 19:42:44.173 [INFO] payment-service: Health check passed
2026-06-15 19:42:44.673 [ERROR] payment-service: Dependency failure from redis
2026-06-15 19:42:45.173 [INFO] user-service: Cache hit ratio 95%
2026-06-15 19:42:45.673 [DEBUG] database: Connection pool size 10
2026-06-15 19:42:46.173 [INFO] api-gateway: Request processed successfully in 191ms
2026-06-15 19:42:46.673 [ERROR] database: Deadlock detected in transaction
2026-06-15 19:42:47.174 [ERROR] nginx: Upstream service unavailable
2026-06-15 19:42:47.674 [ERROR] database: Query failed - relation 'orders' does not exist
2026-06-15 19:42:48.174 [WARNING] nginx: GC overhead limit reached
2026-06-15 19:42:48.674 [INFO] database: Request processed successfully in 69ms
2026-06-15 19:42:49.174 [CRITICAL] database: Connection pool exhausted
2026-06-15 19:42:49.674 [DEBUG] database: Connection pool size 15
2026-06-15 19:42:50.174 [INFO] nginx: Cache hit ratio 90%
2026-06-15 19:42:50.674 [WARNING] api-gateway: GC overhead limit reached
2026-06-15 19:42:51.174 [INFO] payment-service: Health check passed after recovery
2026-06-15 19:42:51.675 [INFO] redis: Request processed successfully in 115ms
2026-06-15 19:42:52.175 [INFO] payment-service: Health check passed
2026-06-15 19:42:52.675 [INFO] nginx: Service restarted successfully
2026-06-15 19:42:53.175 [INFO] nginx: Request processed successfully in 199ms
2026-06-15 19:42:53.675 [DEBUG] api-gateway: Connection pool size 10
2026-06-15 19:42:54.175 [INFO] redis: Health check passed after recovery
2026-06-15 19:42:54.675 [INFO] redis: Request processed successfully in 141ms
2026-06-15 19:42:55.175 [INFO] api-gateway: Request processed successfully in 79ms
2026-06-15 19:42:55.676 [ERROR] database: Query failed - relation 'orders' does not exist
2026-06-15 19:42:56.176 [INFO] api-gateway: Cache hit ratio 88%
2026-06-15 19:42:56.676 [INFO] auth-service: Cache hit ratio 96%
2026-06-15 19:42:57.176 [DEBUG] nginx: Connection pool size 16
2026-06-15 19:42:57.676 [WARNING] api-gateway: Memory usage 95%
2026-06-15 19:42:58.176 [INFO] nginx: Health check passed
2026-06-15 19:42:58.676 [DEBUG] payment-service: Connection pool size 13
2026-06-15 19:42:59.176 [DEBUG] database: Connection pool size 12
2026-06-15 19:42:59.676 [INFO] redis: Request processed successfully in 77ms
2026-06-15 19:43:00.177 [ERROR] database: Deadlock detected in transaction
2026-06-15 19:43:00.677 [INFO] user-service: Cache hit ratio 89%
2026-06-15 19:43:01.177 [CRITICAL] database: Connection pool exhausted
2026-06-15 19:43:01.677 [INFO] nginx: Health check passed
2026-06-15 19:43:02.177 [DEBUG] api-gateway: Connection pool size 16
2026-06-15 19:43:02.677 [INFO] api-gateway: Health check passed
2026-06-15 19:43:03.177 [INFO] payment-service: Request processed successfully in 80ms
2026-06-15 19:43:03.677 [INFO] database: Cache hit ratio 94%
2026-06-15 19:43:04.177 [INFO] redis: Request processed successfully in 130ms
2026-06-15 19:43:04.678 [DEBUG] api-gateway: Connection pool size 7
2026-06-15 19:43:05.178 [INFO] database: Request processed successfully in 19ms
2026-06-15 19:43:05.678 [CRITICAL] database: Connection pool exhausted
2026-06-15 19:43:06.178 [DEBUG] auth-service: Connection pool size 7
2026-06-15 19:43:06.678 [ERROR] database: Query failed - relation 'orders' does not exist
2026-06-15 19:43:07.178 [INFO] database: Cache hit ratio 92%
2026-06-15 19:43:07.679 [DEBUG] api-gateway: Connection pool size 17
2026-06-15 19:43:08.179 [INFO] auth-service: Health check passed
2026-06-15 19:43:08.679 [INFO] database: Connection pool restored
2026-06-15 19:43:09.179 [INFO] database: Health check passed
2026-06-15 19:43:09.679 [ERROR] database: Deadlock detected in transaction
2026-06-15 19:43:10.180 [INFO] auth-service: Cache hit ratio 89%
2026-06-15 19:43:10.680 [INFO] database: Request processed successfully in 151ms
2026-06-15 19:43:11.180 [DEBUG] api-gateway: Connection pool size 10
2026-06-15 19:43:11.680 [INFO] user-service: Cache hit ratio 93%
2026-06-15 19:43:12.180 [ERROR] auth-service: Circuit breaker open for user-service
2026-06-15 19:43:12.680 [INFO] redis: Request processed successfully in 184ms
2026-06-15 19:43:13.181 [DEBUG] auth-service: Connection pool size 15
2026-06-15 19:43:13.681 [CRITICAL] database: Connection pool exhausted
2026-06-15 19:43:14.181 [INFO] redis: Connection pool restored
2026-06-15 19:43:14.681 [CRITICAL] payment-service: Out of memory error - process killed
2026-06-15 19:43:15.181 [INFO] auth-service: Cache hit ratio 92%
2026-06-15 19:43:15.681 [INFO] user-service: Request processed successfully in 130ms
2026-06-15 19:43:16.181 [INFO] database: Health check passed
2026-06-15 19:43:16.681 [WARNING] user-service: GC overhead limit reached
2026-06-15 19:43:17.182 [INFO] api-gateway: Health check passed
2026-06-15 19:43:17.682 [ERROR] database: Connection timeout after 2229ms
2026-06-15 19:43:18.182 [INFO] redis: Request processed successfully in 135ms
2026-06-15 19:43:18.682 [ERROR] auth-service: Dependency failure from nginx
2026-06-15 19:43:19.182 [ERROR] database: Deadlock detected in transaction
2026-06-15 19:43:19.682 [INFO] api-gateway: Health check passed
2026-06-15 19:43:20.182 [INFO] auth-service: Request processed successfully in 25ms
2026-06-15 19:43:20.682 [INFO] user-service: Cache hit ratio 98%
2026-06-15 19:43:21.182 [WARNING] payment-service: GC overhead limit reached
2026-06-15 19:43:21.682 [WARNING] nginx: GC overhead limit reached
2026-06-15 19:43:22.183 [DEBUG] nginx: Connection pool size 15
2026-06-15 19:43:22.683 [INFO] nginx: Connection pool restored
2026-06-15 19:43:23.183 [INFO] payment-service: Cache hit ratio 95%
2026-06-15 19:43:23.683 [INFO] api-gateway: Request processed successfully in 169ms
2026-06-15 19:43:24.183 [INFO] redis: Health check passed
2026-06-15 19:43:24.683 [INFO] user-service: Health check passed
2026-06-15 19:48:09.574 [DEBUG] api-gateway: Connection pool size 12
2026-06-15 19:48:10.075 [INFO] api-gateway: Health check passed
2026-06-15 19:48:10.576 [DEBUG] auth-service: Connection pool size 16
2026-06-15 19:48:11.076 [INFO] database: Request processed successfully in 17ms
2026-06-15 19:48:11.576 [INFO] payment-service: Request processed successfully in 186ms
2026-06-15 19:48:12.076 [INFO] auth-service: Health check passed
2026-06-15 19:48:12.576 [INFO] user-service: Health check passed
2026-06-15 19:48:13.076 [INFO] redis: Service restarted successfully
2026-06-15 19:48:13.576 [WARNING] user-service: GC overhead limit reached
2026-06-15 19:48:14.076 [INFO] database: Request processed successfully in 166ms
2026-06-15 19:48:14.577 [DEBUG] redis: Connection pool size 10
2026-06-15 19:48:15.077 [ERROR] api-gateway: Circuit breaker open for auth-service
2026-06-15 19:48:15.577 [INFO] user-service: Request processed successfully in 119ms
2026-06-15 19:48:16.077 [INFO] database: Cache hit ratio 97%
2026-06-15 19:48:16.577 [INFO] payment-service: Connection pool restored
2026-06-15 19:48:17.077 [INFO] auth-service: Service restarted successfully
2026-06-15 19:48:17.577 [INFO] payment-service: Request processed successfully in 183ms
2026-06-15 19:48:18.077 [CRITICAL] database: Connection pool exhausted
2026-06-15 19:48:18.577 [INFO] nginx: Request processed successfully in 77ms
2026-06-15 19:48:19.077 [DEBUG] nginx: Connection pool size 12
2026-06-15 19:48:19.578 [INFO] payment-service: Request processed successfully in 32ms
2026-06-15 19:48:20.078 [CRITICAL] api-gateway: Out of memory error - process killed
2026-06-15 19:48:20.578 [ERROR] database: Query failed - relation 'orders' does not exist
2026-06-15 19:48:21.078 [INFO] nginx: Request processed successfully in 63ms
2026-06-15 19:48:21.578 [INFO] auth-service: Cache hit ratio 86%
2026-06-15 19:48:22.078 [DEBUG] payment-service: Connection pool size 14
2026-06-15 19:48:22.578 [INFO] user-service: Health check passed after recovery
2026-06-15 19:48:23.078 [INFO] database: Cache hit ratio 90%
2026-06-15 19:48:23.578 [INFO] api-gateway: Health check passed
2026-06-15 19:48:24.079 [INFO] auth-service: Request processed successfully in 13ms
2026-06-15 19:48:24.579 [INFO] user-service: Request processed successfully in 24ms
2026-06-15 19:48:25.079 [INFO] auth-service: Cache hit ratio 83%
2026-06-15 19:48:25.579 [DEBUG] nginx: Connection pool size 17
2026-06-15 19:48:26.079 [INFO] redis: Health check passed
2026-06-15 19:48:26.579 [INFO] auth-service: Health check passed
2026-06-15 19:48:27.079 [INFO] redis: Health check passed
2026-06-15 19:48:27.579 [INFO] auth-service: Cache hit ratio 81%
2026-06-15 19:48:28.079 [INFO] redis: Cache hit ratio 81%
2026-06-15 19:48:28.579 [WARNING] auth-service: Slow query detected (16s)
2026-06-15 19:48:29.079 [INFO] payment-service: Request processed successfully in 123ms
2026-06-15 19:48:29.580 [ERROR] database: Deadlock detected in transaction
2026-06-15 19:48:30.080 [ERROR] database: Deadlock detected in transaction
2026-06-15 19:48:30.580 [INFO] auth-service: Request processed successfully in 16ms
2026-06-15 19:48:31.080 [ERROR] payment-service: Upstream service unavailable
2026-06-15 19:48:31.580 [DEBUG] nginx: Connection pool size 13
2026-06-15 19:48:32.080 [INFO] database: Cache hit ratio 86%
2026-06-15 19:48:32.580 [WARNING] api-gateway: GC overhead limit reached
2026-06-15 19:48:33.080 [DEBUG] payment-service: Connection pool size 10
2026-06-15 19:48:33.580 [INFO] redis: Request processed successfully in 176ms
2026-06-15 19:48:34.081 [INFO] nginx: Connection pool restored
2026-06-15 19:48:34.581 [WARNING] nginx: Slow query detected (10s)
2026-06-15 19:48:35.081 [ERROR] database: Deadlock detected in transaction
2026-06-15 19:48:35.581 [INFO] auth-service: Health check passed after recovery
2026-06-15 19:48:36.081 [WARNING] redis: Memory usage 95%
2026-06-15 19:48:36.581 [INFO] api-gateway: Request processed successfully in 89ms
2026-06-15 19:48:37.081 [ERROR] database: Query failed - relation 'orders' does not exist
2026-06-15 19:48:37.582 [INFO] redis: Health check passed
2026-06-15 19:48:38.082 [INFO] user-service: Cache hit ratio 86%
2026-06-15 19:48:38.582 [DEBUG] payment-service: Connection pool size 13
2026-06-15 19:48:39.082 [INFO] nginx: Health check passed
2026-06-15 19:48:39.582 [ERROR] database: Deadlock detected in transaction
2026-06-15 19:48:40.082 [INFO] database: Cache hit ratio 85%
2026-06-15 19:48:40.582 [INFO] database: Cache hit ratio 83%
2026-06-15 19:48:41.083 [INFO] nginx: Health check passed
2026-06-15 19:48:41.583 [ERROR] database: Connection timeout after 2482ms
2026-06-15 19:48:42.083 [ERROR] user-service: Request timeout after 57s
2026-06-15 19:48:42.583 [DEBUG] payment-service: Connection pool size 14
2026-06-15 19:48:43.083 [DEBUG] auth-service: Connection pool size 20
2026-06-15 19:48:43.583 [ERROR] database: Deadlock detected in transaction
2026-06-15 19:48:44.083 [INFO] nginx: Cache hit ratio 89%
2026-06-15 19:48:44.583 [INFO] auth-service: Health check passed
2026-06-15 19:48:45.084 [INFO] nginx: Cache hit ratio 94%
2026-06-15 19:48:45.584 [INFO] payment-service: Cache hit ratio 90%
2026-06-15 19:48:46.084 [INFO] user-service: Request processed successfully in 159ms
2026-06-15 19:48:46.584 [INFO] payment-service: Health check passed
2026-06-15 19:48:47.084 [INFO] api-gateway: Cache hit ratio 86%
2026-06-15 19:48:47.584 [INFO] user-service: Request processed successfully in 162ms
2026-06-15 19:48:48.084 [INFO] auth-service: Health check passed
2026-06-15 19:48:48.584 [INFO] api-gateway: Request processed successfully in 36ms
2026-06-15 19:48:49.085 [INFO] user-service: Health check passed
2026-06-15 19:48:49.585 [INFO] payment-service: Cache hit ratio 85%
2026-06-15 19:48:50.085 [INFO] api-gateway: Cache hit ratio 89%
2026-06-15 19:48:50.585 [INFO] redis: Service restarted successfully
2026-06-15 19:48:51.085 [DEBUG] api-gateway: Connection pool size 20
2026-06-15 19:48:51.585 [INFO] auth-service: Health check passed
2026-06-15 19:48:52.085 [INFO] nginx: Cache hit ratio 88%
2026-06-15 19:48:52.586 [INFO] database: Cache hit ratio 80%
2026-06-15 19:48:53.086 [DEBUG] redis: Connection pool size 20
2026-06-15 19:48:53.586 [WARNING] redis: Memory usage 91%
2026-06-15 19:48:54.086 [DEBUG] user-service: Connection pool size 6
2026-06-15 19:48:54.586 [INFO] database: Cache hit ratio 90%
2026-06-15 19:48:55.086 [INFO] database: Request processed successfully in 136ms
2026-06-15 19:48:55.586 [INFO] database: Connection pool restored
2026-06-15 19:48:56.086 [INFO] user-service: Service restarted successfully
2026-06-15 19:48:56.587 [INFO] api-gateway: Request processed successfully in 136ms
2026-06-15 19:48:57.087 [CRITICAL] payment-service: Out of memory error - process killed
2026-06-15 19:48:57.587 [INFO] auth-service: Health check passed
2026-06-15 19:48:58.087 [INFO] payment-service: Request processed successfully in 192ms
2026-06-15 19:48:58.587 [INFO] payment-service: Cache hit ratio 80%
2026-06-15 19:48:59.087 [INFO] redis: Cache hit ratio 80%
2026-06-15 19:48:59.587 [INFO] user-service: Health check passed
2026-06-15 19:49:00.087 [CRITICAL] api-gateway: Service crashed
2026-06-15 19:49:00.588 [ERROR] database: Connection timeout after 3812ms
2026-06-15 19:49:01.088 [ERROR] database: Query failed - relation 'orders' does not exist
2026-06-15 19:49:01.588 [INFO] database: Health check passed
2026-06-15 19:49:02.088 [INFO] redis: Request processed successfully in 49ms
2026-06-15 19:49:02.588 [ERROR] database: Deadlock detected in transaction
2026-06-15 19:49:03.089 [CRITICAL] redis: Service crashed
2026-06-15 19:49:03.589 [WARNING] auth-service: Memory usage 88%
2026-06-15 19:49:04.089 [ERROR] auth-service: Upstream service unavailable
2026-06-15 19:49:04.589 [INFO] redis: Cache hit ratio 86%
2026-06-15 19:49:05.089 [DEBUG] user-service: Connection pool size 9
2026-06-15 19:49:05.589 [INFO] user-service: Health check passed
2026-06-15 19:49:06.090 [INFO] api-gateway: Connection pool restored
2026-06-15 19:49:06.590 [DEBUG] auth-service: Connection pool size 12
2026-06-15 19:49:07.090 [DEBUG] user-service: Connection pool size 16
2026-06-15 19:49:07.590 [INFO] user-service: Request processed successfully in 28ms
2026-06-15 19:49:08.090 [DEBUG] nginx: Connection pool size 8
2026-06-15 19:49:08.590 [INFO] nginx: Connection pool restored
2026-06-15 19:49:09.090 [INFO] auth-service: Health check passed after recovery
2026-06-15 19:49:09.590 [INFO] api-gateway: Request processed successfully in 10ms
2026-06-15 19:49:10.090 [ERROR] payment-service: Request timeout after 52s
2026-06-15 19:49:10.590 [INFO] api-gateway: Service restarted successfully
2026-06-15 19:49:11.090 [DEBUG] user-service: Connection pool size 5
2026-06-15 19:49:11.591 [INFO] payment-service: Cache hit ratio 97%
2026-06-15 19:49:12.091 [INFO] database: Cache hit ratio 82%
2026-06-15 19:49:12.591 [INFO] payment-service: Request processed successfully in 108ms
2026-06-15 19:49:13.091 [DEBUG] nginx: Connection pool size 16
2026-06-15 19:49:13.591 [DEBUG] user-service: Connection pool size 5
2026-06-15 19:49:14.091 [CRITICAL] database: Service crashed
2026-06-15 19:49:14.591 [DEBUG] auth-service: Connection pool size 14
2026-06-15 19:49:15.091 [INFO] api-gateway: Health check passed after recovery
2026-06-15 19:49:15.591 [CRITICAL] auth-service: Out of memory error - process killed
2026-06-15 19:49:16.092 [INFO] api-gateway: Health check passed
2026-06-15 19:49:16.592 [CRITICAL] database: Connection pool exhausted
2026-06-15 19:49:17.092 [INFO] user-service: Health check passed
2026-06-15 19:49:17.592 [DEBUG] user-service: Connection pool size 16
2026-06-15 19:49:18.092 [INFO] database: Health check passed
2026-06-15 19:49:18.592 [INFO] auth-service: Request processed successfully in 123ms
2026-06-15 19:49:19.092 [ERROR] payment-service: Dependency failure from user-service
2026-06-15 19:49:19.592 [CRITICAL] database: Connection pool exhausted
2026-06-15 19:49:20.092 [INFO] auth-service: Request processed successfully in 143ms
2026-06-15 19:49:20.592 [DEBUG] database: Connection pool size 16
2026-06-15 19:49:21.093 [ERROR] payment-service: Request timeout after 45s
2026-06-15 19:49:21.593 [INFO] api-gateway: Health check passed
2026-06-15 19:49:22.093 [DEBUG] api-gateway: Connection pool size 20
2026-06-15 19:49:22.593 [WARNING] payment-service: Slow query detected (13s)
2026-06-15 19:49:23.093 [INFO] user-service: Request processed successfully in 194ms
2026-06-15 19:49:23.593 [INFO] auth-service: Request processed successfully in 79ms
2026-06-15 19:49:24.093 [INFO] payment-service: Request processed successfully in 120ms
2026-06-15 19:49:24.593 [INFO] database: Request processed successfully in 162ms
2026-06-15 19:49:25.093 [ERROR] redis: Dependency failure from payment-service
2026-06-15 19:49:25.593 [CRITICAL] auth-service: Out of memory error - process killed
2026-06-15 19:49:26.094 [INFO] api-gateway: Service restarted successfully
2026-06-15 19:49:26.594 [DEBUG] payment-service: Connection pool size 17
2026-06-15 19:49:27.094 [INFO] nginx: Connection pool restored
2026-06-15 19:49:27.594 [INFO] payment-service: Request processed successfully in 61ms
2026-06-15 19:49:28.094 [CRITICAL] nginx: Out of memory error - process killed
2026-06-15 19:49:28.594 [INFO] user-service: Cache hit ratio 85%
2026-06-15 19:49:29.094 [DEBUG] redis: Connection pool size 5
2026-06-15 19:49:29.594 [INFO] payment-service: Request processed successfully in 44ms
2026-06-15 19:49:30.094 [INFO] payment-service: Request processed successfully in 130ms
2026-06-15 19:49:30.594 [INFO] user-service: Request processed successfully in 80ms
2026-06-15 19:49:31.095 [INFO] payment-service: Cache hit ratio 95%
2026-06-15 19:49:31.595 [INFO] api-gateway: Health check passed
2026-06-15 19:49:32.095 [INFO] payment-service: Request processed successfully in 105ms
2026-06-15 19:49:32.595 [DEBUG] nginx: Connection pool size 17
2026-06-15 19:49:33.095 [CRITICAL] database: Service crashed
2026-06-15 19:49:33.595 [DEBUG] api-gateway: Connection pool size 17
2026-06-15 19:49:34.095 [INFO] database: Cache hit ratio 96%
2026-06-15 19:49:34.596 [INFO] api-gateway: Request processed successfully in 163ms
2026-06-15 19:49:35.096 [INFO] database: Health check passed
2026-06-15 19:49:35.596 [DEBUG] database: Connection pool size 12
2026-06-15 19:49:36.096 [DEBUG] database: Connection pool size 7
2026-06-15 19:49:36.596 [CRITICAL] database: Out of memory error - process killed
2026-06-15 19:49:37.096 [INFO] api-gateway: Health check passed
2026-06-15 19:49:37.596 [INFO] payment-service: Health check passed
2026-06-15 19:49:38.096 [ERROR] database: Query failed - relation 'orders' does not exist
2026-06-15 19:49:38.596 [ERROR] payment-service: Upstream service unavailable
2026-06-15 19:49:39.096 [DEBUG] nginx: Connection pool size 10
2026-06-15 19:49:39.597 [INFO] nginx: Request processed successfully in 105ms
2026-06-15 19:49:40.097 [INFO] auth-service: Health check passed
2026-06-15 19:49:40.597 [ERROR] database: Query failed - relation 'orders' does not exist
2026-06-15 19:49:41.097 [INFO] nginx: Request processed successfully in 139ms
2026-06-15 19:49:41.597 [INFO] nginx: Health check passed
2026-06-15 19:49:42.097 [WARNING] database: Slow query detected (17s)
2026-06-15 19:49:42.597 [INFO] api-gateway: Service restarted successfully
2026-06-15 19:49:43.097 [DEBUG] database: Connection pool size 12
2026-06-15 19:49:43.597 [DEBUG] redis: Connection pool size 10
2026-06-15 19:49:44.097 [INFO] user-service: Request processed successfully in 85ms
2026-06-15 19:49:44.598 [INFO] nginx: Health check passed
2026-06-15 19:49:45.098 [DEBUG] api-gateway: Connection pool size 5
2026-06-15 19:49:45.598 [CRITICAL] redis: Out of memory error - process killed
2026-06-15 19:49:46.098 [DEBUG] redis: Connection pool size 12
2026-06-15 19:49:46.598 [INFO] payment-service: Cache hit ratio 97%
2026-06-15 19:49:47.098 [INFO] database: Health check passed
2026-06-15 19:49:47.598 [DEBUG] auth-service: Connection pool size 7
2026-06-15 19:49:48.098 [INFO] api-gateway: Cache hit ratio 92%
2026-06-15 19:49:48.598 [INFO] api-gateway: Health check passed
2026-06-15 19:49:49.099 [CRITICAL] database: Service crashed
2026-06-15 19:49:49.599 [CRITICAL] database: Connection pool exhausted
2026-06-15 19:49:50.099 [CRITICAL] user-service: Out of memory error - process killed
2026-06-15 19:49:50.599 [INFO] auth-service: Request processed successfully in 177ms
2026-06-15 19:49:51.099 [INFO] auth-service: Health check passed
2026-06-15 19:49:51.599 [ERROR] database: Connection timeout after 2390ms
2026-06-15 19:49:52.099 [INFO] nginx: Request processed successfully in 184ms
2026-06-15 19:49:52.599 [INFO] redis: Cache hit ratio 81%
2026-06-15 19:49:53.099 [INFO] nginx: Cache hit ratio 91%
2026-06-15 19:49:53.600 [WARNING] user-service: Memory usage 93%
2026-06-15 19:49:54.100 [INFO] api-gateway: Request processed successfully in 65ms
2026-06-15 19:49:54.600 [INFO] nginx: Cache hit ratio 94%
2026-06-15 19:49:55.100 [INFO] payment-service: Health check passed
2026-06-15 19:49:55.600 [INFO] user-service: Cache hit ratio 87%
2026-06-15 19:49:56.100 [INFO] auth-service: Cache hit ratio 81%
2026-06-15 19:49:56.600 [DEBUG] nginx: Connection pool size 15
2026-06-15 19:49:57.100 [INFO] api-gateway: Cache hit ratio 82%
2026-06-15 19:49:57.600 [DEBUG] nginx: Connection pool size 8
2026-06-15 19:49:58.101 [INFO] database: Request processed successfully in 194ms
2026-06-15 19:49:58.601 [INFO] database: Request processed successfully in 191ms
2026-06-15 19:49:59.101 [INFO] auth-service: Service restarted successfully
2026-06-15 19:49:59.601 [INFO] api-gateway: Health check passed
2026-06-15 19:50:00.101 [INFO] api-gateway: Cache hit ratio 89%
2026-06-15 19:50:00.601 [INFO] database: Health check passed
2026-06-15 19:50:01.101 [DEBUG] user-service: Connection pool size 20
2026-06-15 19:50:01.601 [INFO] redis: Request processed successfully in 135ms
2026-06-15 19:50:02.101 [INFO] auth-service: Request processed successfully in 65ms
2026-06-15 19:50:02.602 [DEBUG] nginx: Connection pool size 14
2026-06-15 19:50:03.102 [DEBUG] api-gateway: Connection pool size 12
2026-06-15 19:50:03.602 [ERROR] database: Query failed - relation 'orders' does not exist
2026-06-15 19:50:04.102 [INFO] api-gateway: Cache hit ratio 95%
2026-06-15 19:50:04.602 [INFO] payment-service: Health check passed after recovery
2026-06-15 19:50:05.102 [ERROR] database: Deadlock detected in transaction
2026-06-15 19:50:05.602 [INFO] nginx: Cache hit ratio 83%
2026-06-15 19:50:06.102 [ERROR] database: Deadlock detected in transaction
2026-06-15 19:50:06.602 [INFO] auth-service: Request processed successfully in 196ms
2026-06-15 19:50:07.103 [DEBUG] nginx: Connection pool size 8
2026-06-15 19:50:07.603 [ERROR] database: Deadlock detected in transaction
2026-06-15 19:50:08.103 [DEBUG] nginx: Connection pool size 14
2026-06-15 19:50:08.603 [DEBUG] redis: Connection pool size 8
2026-06-15 19:50:09.103 [INFO] auth-service: Cache hit ratio 88%
2026-06-15 19:50:09.603 [WARNING] auth-service: Memory usage 88%
2026-06-15 19:50:10.103 [INFO] payment-service: Cache hit ratio 98%
2026-06-15 19:50:10.603 [ERROR] database: Deadlock detected in transaction
2026-06-15 19:50:11.103 [INFO] redis: Cache hit ratio 96%
2026-06-15 19:50:11.603 [INFO] redis: Cache hit ratio 86%
2026-06-15 19:50:12.104 [INFO] user-service: Health check passed after recovery
2026-06-15 19:50:12.604 [CRITICAL] api-gateway: Service crashed
2026-06-15 19:50:13.104 [DEBUG] auth-service: Connection pool size 8
2026-06-15 19:50:13.604 [INFO] auth-service: Request processed successfully in 27ms
2026-06-15 19:50:14.104 [INFO] payment-service: Request processed successfully in 158ms
2026-06-15 19:50:14.604 [ERROR] database: Connection timeout after 4897ms
2026-06-15 19:50:15.104 [DEBUG] user-service: Connection pool size 19
2026-06-15 19:50:15.604 [INFO] auth-service: Request processed successfully in 184ms
2026-06-15 19:50:16.105 [DEBUG] database: Connection pool size 17
2026-06-15 19:50:16.605 [DEBUG] user-service: Connection pool size 12
2026-06-15 19:50:17.105 [INFO] auth-service: Health check passed
2026-06-15 19:50:17.605 [INFO] api-gateway: Cache hit ratio 86%
2026-06-15 19:50:18.105 [ERROR] database: Query failed - relation 'orders' does not exist
2026-06-15 19:50:18.605 [INFO] api-gateway: Cache hit ratio 88%
2026-06-15 19:50:19.105 [INFO] auth-service: Health check passed
2026-06-15 19:50:19.605 [INFO] api-gateway: Cache hit ratio 90%
2026-06-15 19:50:20.105 [ERROR] database: Query failed - relation 'orders' does not exist
2026-06-15 19:50:20.606 [DEBUG] nginx: Connection pool size 7
2026-06-15 19:50:21.106 [INFO] nginx: Health check passed
2026-06-15 19:50:21.606 [DEBUG] database: Connection pool size 20
2026-06-15 19:50:22.106 [WARNING] auth-service: Slow query detected (16s)
2026-06-15 19:50:22.606 [ERROR] database: Query failed - relation 'orders' does not exist
2026-06-15 19:50:23.106 [INFO] auth-service: Health check passed after recovery
2026-06-15 19:50:23.606 [DEBUG] payment-service: Connection pool size 19
2026-06-15 19:50:24.106 [INFO] redis: Health check passed
2026-06-15 19:50:24.606 [INFO] api-gateway: Request processed successfully in 80ms
2026-06-15 19:50:25.107 [INFO] auth-service: Health check passed
2026-06-15 19:50:25.607 [INFO] nginx: Request processed successfully in 90ms
2026-06-15 19:50:26.107 [DEBUG] nginx: Connection pool size 16
2026-06-15 19:50:26.607 [INFO] redis: Cache hit ratio 98%
2026-06-15 19:50:27.107 [INFO] payment-service: Cache hit ratio 80%
2026-06-15 19:50:27.607 [INFO] redis: Cache hit ratio 81%
2026-06-15 19:50:28.107 [INFO] database: Cache hit ratio 89%
2026-06-15 19:50:28.607 [INFO] payment-service: Service restarted successfully
2026-06-15 19:50:29.107 [INFO] auth-service: Health check passed after recovery
2026-06-15 19:50:29.607 [INFO] api-gateway: Cache hit ratio 83%
2026-06-15 19:50:30.108 [INFO] database: Health check passed
2026-06-15 19:50:30.608 [INFO] api-gateway: Cache hit ratio 96%
2026-06-15 19:50:31.108 [DEBUG] redis: Connection pool size 10
2026-06-15 19:50:31.608 [CRITICAL] nginx: Service crashed
2026-06-15 19:50:32.108 [INFO] api-gateway: Request processed successfully in 133ms
2026-06-15 19:50:32.608 [DEBUG] redis: Connection pool size 11
2026-06-15 19:50:33.108 [INFO] nginx: Cache hit ratio 83%
2026-06-15 19:50:33.609 [INFO] user-service: Health check passed
2026-06-15 19:50:34.109 [INFO] api-gateway: Health check passed
2026-06-15 19:50:34.609 [INFO] api-gateway: Health check passed
2026-06-15 19:50:35.109 [INFO] payment-service: Cache hit ratio 81%
2026-06-15 19:50:35.609 [INFO] redis: Cache hit ratio 81%
2026-06-15 19:50:36.109 [INFO] database: Health check passed
2026-06-15 19:50:36.609 [CRITICAL] database: Connection pool exhausted
2026-06-15 19:50:37.109 [ERROR] user-service: Upstream service unavailable
2026-06-15 19:50:37.610 [INFO] redis: Cache hit ratio 97%
2026-06-15 19:50:38.110 [INFO] api-gateway: Request processed successfully in 175ms
2026-06-15 19:50:38.610 [ERROR] database: Query failed - relation 'orders' does not exist
2026-06-15 19:50:39.110 [INFO] payment-service: Health check passed
2026-06-15 19:50:39.610 [INFO] auth-service: Request processed successfully in 27ms
2026-06-15 19:50:40.110 [INFO] auth-service: Cache hit ratio 86%
2026-06-15 19:50:40.610 [CRITICAL] database: Connection pool exhausted
2026-06-15 19:50:41.110 [INFO] auth-service: Request processed successfully in 77ms
2026-06-15 19:50:41.610 [ERROR] database: Connection timeout after 2662ms
2026-06-15 19:50:42.110 [INFO] nginx: Cache hit ratio 97%
2026-06-15 19:50:42.611 [DEBUG] payment-service: Connection pool size 6
2026-06-15 19:50:43.111 [DEBUG] redis: Connection pool size 11
2026-06-15 19:50:43.611 [INFO] auth-service: Health check passed
2026-06-15 19:50:44.111 [DEBUG] nginx: Connection pool size 15
2026-06-15 19:50:44.611 [INFO] api-gateway: Cache hit ratio 87%
2026-06-15 19:50:45.111 [INFO] payment-service: Health check passed
2026-06-15 19:50:45.611 [INFO] auth-service: Health check passed
2026-06-15 19:50:46.111 [INFO] api-gateway: Request processed successfully in 74ms
2026-06-15 19:50:46.612 [DEBUG] database: Connection pool size 9
2026-06-15 19:50:47.112 [INFO] auth-service: Request processed successfully in 52ms
2026-06-15 19:50:47.612 [INFO] auth-service: Request processed successfully in 70ms
2026-06-15 19:50:48.112 [DEBUG] nginx: Connection pool size 11
2026-06-15 19:50:48.612 [INFO] payment-service: Service restarted successfully
2026-06-15 19:50:49.113 [INFO] user-service: Cache hit ratio 94%
2026-06-15 19:50:49.613 [INFO] payment-service: Cache hit ratio 89%
2026-06-15 19:50:50.113 [INFO] user-service: Request processed successfully in 89ms
2026-06-15 19:50:50.613 [ERROR] database: Deadlock detected in transaction
2026-06-15 19:50:51.113 [INFO] nginx: Health check passed
2026-06-15 19:50:51.613 [INFO] api-gateway: Health check passed
2026-06-15 19:50:52.113 [DEBUG] nginx: Connection pool size 15
2026-06-15 19:50:52.613 [INFO] redis: Cache hit ratio 93%
2026-06-15 19:50:53.113 [DEBUG] auth-service: Connection pool size 16
2026-06-15 19:50:53.614 [DEBUG] redis: Connection pool size 7
2026-06-15 19:50:54.114 [INFO] nginx: Request processed successfully in 185ms
2026-06-15 19:50:54.614 [INFO] nginx: Request processed successfully in 179ms
2026-06-15 19:50:55.114 [INFO] api-gateway: Health check passed
2026-06-15 19:50:55.614 [DEBUG] user-service: Connection pool size 11
2026-06-15 19:50:56.114 [INFO] database: Request processed successfully in 56ms
2026-06-15 19:50:56.614 [INFO] nginx: Cache hit ratio 90%
2026-06-15 19:50:57.114 [DEBUG] database: Connection pool size 5
2026-06-15 19:50:57.615 [WARNING] api-gateway: GC overhead limit reached
2026-06-15 19:50:58.115 [WARNING] user-service: GC overhead limit reached
2026-06-15 19:50:58.615 [INFO] auth-service: Health check passed
2026-06-15 19:50:59.115 [INFO] redis: Health check passed after recovery
2026-06-15 19:50:59.615 [INFO] nginx: Cache hit ratio 95%
2026-06-15 19:51:00.115 [DEBUG] redis: Connection pool size 7
2026-06-15 19:51:00.615 [DEBUG] api-gateway: Connection pool size 17
2026-06-15 19:51:01.115 [INFO] redis: Cache hit ratio 86%
2026-06-15 19:51:01.615 [INFO] database: Request processed successfully in 197ms
2026-06-15 19:51:02.115 [CRITICAL] database: Connection pool exhausted
2026-06-15 19:51:02.615 [CRITICAL] database: Connection pool exhausted
2026-06-15 19:51:03.116 [INFO] payment-service: Request processed successfully in 107ms
2026-06-15 19:51:03.616 [INFO] payment-service: Request processed successfully in 109ms
2026-06-15 19:51:04.116 [INFO] api-gateway: Cache hit ratio 85%
2026-06-15 19:51:04.616 [INFO] redis: Connection pool restored
2026-06-15 19:51:05.116 [DEBUG] auth-service: Connection pool size 6
2026-06-15 19:51:05.616 [DEBUG] payment-service: Connection pool size 19
2026-06-15 19:51:06.116 [INFO] redis: Cache hit ratio 86%
2026-06-15 19:51:06.617 [INFO] nginx: Health check passed
2026-06-15 19:51:07.117 [ERROR] database: Deadlock detected in transaction
2026-06-15 19:51:07.617 [INFO] user-service: Cache hit ratio 97%
2026-06-15 19:51:08.117 [INFO] api-gateway: Health check passed
2026-06-15 19:51:08.617 [ERROR] user-service: Dependency failure from database
2026-06-15 19:51:09.117 [CRITICAL] database: Connection pool exhausted
2026-06-15 19:51:09.617 [DEBUG] api-gateway: Connection pool size 16
2026-06-15 19:51:10.118 [DEBUG] auth-service: Connection pool size 19
2026-06-15 19:51:10.618 [CRITICAL] api-gateway: Out of memory error - process killed
2026-06-15 19:51:11.118 [WARNING] nginx: Slow query detected (20s)
2026-06-15 19:51:11.618 [INFO] api-gateway: Health check passed
2026-06-15 19:51:12.118 [INFO] auth-service: Cache hit ratio 96%
2026-06-15 19:51:12.618 [INFO] auth-service: Health check passed
2026-06-15 19:51:13.118 [DEBUG] api-gateway: Connection pool size 6
2026-06-15 19:51:13.619 [CRITICAL] database: Connection pool exhausted
2026-06-15 19:51:14.119 [DEBUG] user-service: Connection pool size 7
2026-06-15 19:51:14.619 [WARNING] redis: Memory usage 90%
2026-06-15 19:51:15.119 [INFO] api-gateway: Cache hit ratio 84%
2026-06-15 19:51:15.619 [DEBUG] database: Connection pool size 13
2026-06-15 19:51:16.119 [ERROR] redis: Upstream service unavailable
2026-06-15 19:51:16.619 [INFO] auth-service: Cache hit ratio 80%
2026-06-15 19:51:17.119 [ERROR] database: Deadlock detected in transaction
2026-06-15 19:51:17.620 [INFO] auth-service: Cache hit ratio 95%
2026-06-15 19:51:18.120 [CRITICAL] database: Connection pool exhausted
2026-06-15 19:51:18.620 [INFO] user-service: Health check passed after recovery
2026-06-15 19:51:19.120 [INFO] auth-service: Health check passed
2026-06-15 19:51:19.620 [INFO] database: Health check passed
2026-06-15 19:51:20.120 [ERROR] api-gateway: Upstream service unavailable
2026-06-15 19:51:20.620 [INFO] payment-service: Cache hit ratio 93%
2026-06-15 19:51:21.120 [INFO] user-service: Connection pool restored
2026-06-15 19:51:21.620 [ERROR] nginx: Request timeout after 50s
2026-06-15 19:51:22.120 [INFO] database: Request processed successfully in 16ms
2026-06-15 19:51:22.621 [DEBUG] database: Connection pool size 5
2026-06-15 19:51:23.121 [CRITICAL] user-service: Out of memory error - process killed
2026-06-15 19:51:23.621 [DEBUG] payment-service: Connection pool size 13
2026-06-15 19:51:24.121 [DEBUG] api-gateway: Connection pool size 12
2026-06-15 19:51:24.621 [CRITICAL] database: Out of memory error - process killed
2026-06-15 19:51:25.121 [INFO] payment-service: Health check passed
2026-06-15 19:51:25.621 [INFO] user-service: Health check passed
2026-06-15 19:51:26.121 [ERROR] database: Deadlock detected in transaction
2026-06-15 19:51:26.621 [INFO] user-service: Request processed successfully in 21ms
2026-06-15 19:51:27.122 [INFO] nginx: Request processed successfully in 139ms
2026-06-15 19:51:27.622 [DEBUG] api-gateway: Connection pool size 15
2026-06-15 19:51:28.122 [WARNING] nginx: Slow query detected (26s)
2026-06-15 19:51:28.622 [INFO] user-service: Health check passed
2026-06-15 19:51:29.122 [INFO] user-service: Connection pool restored
2026-06-15 19:51:29.622 [INFO] redis: Request processed successfully in 45ms
2026-06-15 19:51:30.122 [ERROR] database: Query failed - relation 'orders' does not exist
2026-06-15 19:51:30.622 [INFO] auth-service: Cache hit ratio 80%
2026-06-15 19:51:31.122 [INFO] auth-service: Health check passed
2026-06-15 19:51:31.622 [INFO] redis: Health check passed
2026-06-15 19:51:32.123 [INFO] nginx: Request processed successfully in 149ms
2026-06-15 19:51:32.623 [WARNING] database: GC overhead limit reached
2026-06-15 19:51:33.123 [DEBUG] redis: Connection pool size 9
2026-06-15 19:51:33.623 [ERROR] database: Query failed - relation 'orders' does not exist
2026-06-15 19:51:34.123 [INFO] nginx: Cache hit ratio 80%
2026-06-15 19:51:34.623 [INFO] api-gateway: Health check passed
2026-06-15 19:51:35.124 [CRITICAL] auth-service: Out of memory error - process killed
2026-06-15 19:51:35.624 [INFO] auth-service: Health check passed
2026-06-15 19:51:36.124 [INFO] redis: Cache hit ratio 80%
2026-06-15 19:51:36.624 [DEBUG] payment-service: Connection pool size 13
2026-06-15 19:51:37.124 [INFO] user-service: Cache hit ratio 81%
2026-06-15 19:51:37.624 [INFO] user-service: Health check passed
2026-06-15 19:51:38.125 [DEBUG] redis: Connection pool size 16
2026-06-15 19:51:38.625 [ERROR] nginx: Circuit breaker open for api-gateway
2026-06-15 19:51:39.125 [INFO] user-service: Cache hit ratio 85%
2026-06-15 19:51:39.625 [INFO] api-gateway: Request processed successfully in 136ms
2026-06-15 19:51:40.125 [INFO] user-service: Cache hit ratio 90%
2026-06-15 19:51:40.625 [INFO] api-gateway: Health check passed
2026-06-15 19:51:41.125 [ERROR] nginx: Request timeout after 32s
2026-06-15 19:51:41.625 [INFO] nginx: Health check passed
2026-06-15 19:51:42.125 [INFO] payment-service: Cache hit ratio 88%
2026-06-15 19:51:42.625 [INFO] payment-service: Cache hit ratio 85%
2026-06-15 19:51:43.126 [INFO] auth-service: Cache hit ratio 91%
2026-06-15 19:51:43.626 [INFO] database: Health check passed after recovery
2026-06-15 19:51:44.126 [INFO] database: Health check passed after recovery
2026-06-15 19:51:44.626 [ERROR] payment-service: Upstream service unavailable
2026-06-15 19:51:45.126 [INFO] payment-service: Health check passed
2026-06-15 19:51:45.626 [INFO] database: Cache hit ratio 93%
2026-06-15 19:51:46.126 [DEBUG] user-service: Connection pool size 17
2026-06-15 19:51:46.626 [INFO] auth-service: Health check passed
2026-06-15 19:51:47.127 [CRITICAL] user-service: Out of memory error - process killed
2026-06-15 19:51:47.627 [DEBUG] database: Connection pool size 8
2026-06-15 19:51:48.127 [DEBUG] redis: Connection pool size 18
2026-06-15 19:51:48.627 [ERROR] database: Deadlock detected in transaction
2026-06-15 19:51:49.127 [ERROR] auth-service: Circuit breaker open for api-gateway
2026-06-15 19:51:49.627 [INFO] payment-service: Request processed successfully in 174ms
2026-06-15 19:51:50.127 [DEBUG] nginx: Connection pool size 8
2026-06-15 19:51:50.627 [INFO] user-service: Request processed successfully in 185ms
2026-06-15 19:51:51.127 [INFO] auth-service: Request processed successfully in 51ms
2026-06-15 19:51:51.628 [INFO] user-service: Request processed successfully in 23ms
2026-06-15 19:51:52.128 [INFO] payment-service: Cache hit ratio 85%
2026-06-15 19:51:52.628 [CRITICAL] redis: Out of memory error - process killed
2026-06-15 19:51:53.128 [ERROR] nginx: Request timeout after 32s
2026-06-15 19:51:53.628 [INFO] user-service: Cache hit ratio 87%
2026-06-15 19:51:54.128 [INFO] payment-service: Cache hit ratio 95%
2026-06-15 19:51:54.628 [DEBUG] api-gateway: Connection pool size 12
2026-06-15 19:51:55.128 [DEBUG] nginx: Connection pool size 8
2026-06-15 19:51:55.628 [DEBUG] payment-service: Connection pool size 9
2026-06-15 19:51:56.129 [DEBUG] payment-service: Connection pool size 12
2026-06-15 19:51:56.629 [INFO] user-service: Request processed successfully in 51ms
2026-06-15 19:51:57.129 [INFO] payment-service: Cache hit ratio 94%
2026-06-15 19:51:57.629 [INFO] api-gateway: Health check passed
2026-06-15 19:51:58.129 [INFO] api-gateway: Health check passed
2026-06-15 19:51:58.629 [INFO] database: Request processed successfully in 36ms
2026-06-15 19:51:59.129 [INFO] nginx: Health check passed
2026-06-15 19:51:59.629 [INFO] user-service: Connection pool restored
2026-06-15 19:52:00.129 [ERROR] database: Deadlock detected in transaction
2026-06-15 19:52:00.630 [ERROR] database: Connection timeout after 4178ms
2026-06-15 19:52:01.130 [INFO] database: Health check passed
2026-06-15 19:52:01.630 [CRITICAL] database: Connection pool exhausted
2026-06-15 19:52:02.130 [INFO] auth-service: Cache hit ratio 96%
2026-06-15 19:52:02.630 [DEBUG] payment-service: Connection pool size 10
2026-06-15 19:52:03.130 [DEBUG] nginx: Connection pool size 17
2026-06-15 19:52:03.631 [INFO] redis: Health check passed
2026-06-15 19:52:04.131 [ERROR] database: Deadlock detected in transaction
2026-06-15 19:52:04.631 [DEBUG] auth-service: Connection pool size 11
2026-06-15 19:52:05.131 [ERROR] auth-service: Circuit breaker open for redis
2026-06-15 19:52:05.631 [INFO] redis: Request processed successfully in 147ms
2026-06-15 19:52:06.131 [ERROR] nginx: Request timeout after 38s
2026-06-15 19:52:06.631 [INFO] nginx: Health check passed
2026-06-15 19:52:07.132 [INFO] user-service: Request processed successfully in 188ms
2026-06-15 19:52:07.632 [INFO] auth-service: Request processed successfully in 173ms
2026-06-15 19:52:08.132 [ERROR] database: Deadlock detected in transaction
2026-06-15 19:52:08.632 [INFO] nginx: Cache hit ratio 82%
2026-06-15 19:52:09.132 [INFO] database: Request processed successfully in 177ms
2026-06-15 19:52:09.632 [INFO] user-service: Health check passed
2026-06-15 19:52:10.132 [DEBUG] api-gateway: Connection pool size 18
2026-06-15 19:52:10.632 [INFO] nginx: Request processed successfully in 156ms
2026-06-15 19:52:11.132 [INFO] user-service: Request processed successfully in 94ms
2026-06-15 19:52:11.633 [INFO] auth-service: Cache hit ratio 84%
2026-06-15 19:52:12.133 [ERROR] redis: Request timeout after 54s
2026-06-15 19:52:12.633 [DEBUG] redis: Connection pool size 8
2026-06-15 19:52:13.133 [DEBUG] nginx: Connection pool size 9
2026-06-15 19:52:13.633 [INFO] auth-service: Health check passed
2026-06-15 19:52:14.133 [INFO] database: Request processed successfully in 72ms
2026-06-15 19:52:14.633 [INFO] nginx: Service restarted successfully
2026-06-15 19:52:15.134 [INFO] user-service: Health check passed after recovery
2026-06-15 19:52:15.634 [INFO] api-gateway: Health check passed
2026-06-15 19:52:16.134 [INFO] api-gateway: Cache hit ratio 83%
2026-06-15 19:52:16.634 [WARNING] api-gateway: Memory usage 86%
2026-06-15 19:52:17.134 [INFO] database: Health check passed
2026-06-15 19:52:17.634 [INFO] database: Request processed successfully in 181ms
2026-06-15 19:52:18.134 [INFO] redis: Request processed successfully in 20ms
2026-06-15 19:52:18.634 [ERROR] payment-service: Upstream service unavailable
2026-06-15 19:52:19.135 [INFO] auth-service: Request processed successfully in 178ms
2026-06-15 19:52:19.635 [WARNING] user-service: GC overhead limit reached
2026-06-15 19:52:20.135 [DEBUG] database: Connection pool size 6
2026-06-15 19:52:20.635 [INFO] api-gateway: Service restarted successfully
2026-06-15 19:52:21.135 [WARNING] database: Memory usage 94%
2026-06-15 19:52:21.635 [INFO] api-gateway: Cache hit ratio 80%
2026-06-15 19:52:22.135 [DEBUG] auth-service: Connection pool size 8
2026-06-15 19:52:22.636 [INFO] auth-service: Health check passed
2026-06-15 19:52:23.136 [ERROR] auth-service: Upstream service unavailable
2026-06-15 19:52:23.636 [INFO] database: Cache hit ratio 96%
2026-06-15 19:52:24.136 [INFO] payment-service: Cache hit ratio 94%
2026-06-15 19:52:24.636 [DEBUG] payment-service: Connection pool size 7
2026-06-15 19:52:25.136 [INFO] redis: Health check passed
2026-06-15 19:52:25.636 [INFO] api-gateway: Cache hit ratio 99%
2026-06-15 19:52:26.137 [WARNING] auth-service: Memory usage 91%
2026-06-15 19:52:26.637 [ERROR] auth-service: Request timeout after 33s
2026-06-15 19:52:27.137 [INFO] auth-service: Health check passed
2026-06-15 19:52:27.637 [CRITICAL] nginx: Service crashed
2026-06-15 19:52:28.137 [ERROR] database: Connection timeout after 3960ms
2026-06-15 19:52:28.637 [INFO] payment-service: Health check passed
2026-06-15 19:52:29.137 [INFO] api-gateway: Cache hit ratio 99%
2026-06-15 19:52:29.637 [DEBUG] nginx: Connection pool size 11
2026-06-15 19:52:30.137 [ERROR] database: Connection timeout after 1494ms
2026-06-15 19:52:30.637 [INFO] nginx: Health check passed
2026-06-15 19:52:31.137 [DEBUG] nginx: Connection pool size 10
2026-06-15 19:52:31.638 [DEBUG] api-gateway: Connection pool size 6
2026-06-15 19:52:32.138 [INFO] api-gateway: Health check passed
2026-06-15 19:52:32.638 [INFO] database: Connection pool restored
2026-06-15 19:52:33.138 [INFO] nginx: Health check passed after recovery
2026-06-15 19:52:33.638 [WARNING] nginx: GC overhead limit reached
2026-06-15 19:52:34.138 [DEBUG] payment-service: Connection pool size 12
2026-06-15 19:52:34.638 [ERROR] payment-service: Request timeout after 49s
2026-06-15 19:52:35.138 [DEBUG] database: Connection pool size 9
2026-06-15 19:52:35.638 [ERROR] api-gateway: Upstream service unavailable
2026-06-15 19:52:36.139 [INFO] database: Cache hit ratio 86%
2026-06-15 19:52:36.639 [DEBUG] redis: Connection pool size 20
2026-06-15 19:52:37.139 [DEBUG] redis: Connection pool size 8
2026-06-15 19:52:37.639 [DEBUG] auth-service: Connection pool size 7
2026-06-15 19:52:38.139 [INFO] nginx: Request processed successfully in 73ms
2026-06-15 19:52:38.639 [INFO] payment-service: Health check passed
2026-06-15 19:52:39.139 [INFO] redis: Request processed successfully in 92ms
2026-06-15 19:52:39.639 [INFO] auth-service: Cache hit ratio 91%
2026-06-15 19:52:40.139 [WARNING] api-gateway: GC overhead limit reached
2026-06-15 19:52:40.640 [INFO] database: Cache hit ratio 96%
2026-06-15 19:52:41.140 [INFO] auth-service: Cache hit ratio 89%
2026-06-15 19:52:41.640 [DEBUG] api-gateway: Connection pool size 12
2026-06-15 19:52:42.140 [DEBUG] user-service: Connection pool size 11
2026-06-15 19:52:42.640 [INFO] auth-service: Health check passed
2026-06-15 19:52:43.140 [ERROR] user-service: Circuit breaker open for nginx
2026-06-15 19:52:43.641 [DEBUG] redis: Connection pool size 5
2026-06-15 19:52:44.141 [INFO] payment-service: Health check passed
2026-06-15 19:52:44.641 [ERROR] database: Query failed - relation 'orders' does not exist
2026-06-15 19:52:45.141 [DEBUG] user-service: Connection pool size 15
2026-06-15 19:52:45.641 [INFO] database: Request processed successfully in 104ms
2026-06-15 19:52:46.142 [CRITICAL] database: Out of memory error - process killed
2026-06-15 19:52:46.642 [ERROR] payment-service: Request timeout after 36s
2026-06-15 19:52:47.142 [INFO] api-gateway: Request processed successfully in 97ms
2026-06-15 19:52:47.642 [CRITICAL] database: Connection pool exhausted
2026-06-15 19:52:48.142 [DEBUG] redis: Connection pool size 17
2026-06-15 19:52:48.642 [INFO] nginx: Health check passed
2026-06-15 19:52:49.142 [CRITICAL] database: Connection pool exhausted
2026-06-15 19:52:49.642 [ERROR] auth-service: Request timeout after 35s
2026-06-15 19:52:50.143 [INFO] database: Health check passed
2026-06-15 19:52:50.643 [INFO] redis: Cache hit ratio 86%
2026-06-15 19:52:51.143 [INFO] user-service: Health check passed
2026-06-15 19:52:51.643 [ERROR] database: Deadlock detected in transaction
2026-06-15 19:52:52.143 [INFO] redis: Request processed successfully in 134ms
2026-06-15 19:52:52.643 [INFO] payment-service: Cache hit ratio 81%
2026-06-15 19:52:53.143 [INFO] nginx: Health check passed
2026-06-15 19:52:53.643 [INFO] user-service: Cache hit ratio 97%
2026-06-15 19:52:54.143 [INFO] redis: Cache hit ratio 90%
2026-06-15 19:52:54.644 [INFO] payment-service: Connection pool restored
2026-06-15 19:52:55.144 [INFO] payment-service: Request processed successfully in 140ms
2026-06-15 19:52:55.644 [INFO] nginx: Cache hit ratio 93%
2026-06-15 19:52:56.144 [INFO] redis: Cache hit ratio 91%
2026-06-15 19:52:56.644 [INFO] database: Request processed successfully in 155ms
2026-06-15 19:52:57.144 [DEBUG] user-service: Connection pool size 13
2026-06-15 19:52:57.645 [INFO] database: Cache hit ratio 84%
2026-06-15 19:52:58.145 [INFO] redis: Cache hit ratio 89%
2026-06-15 19:52:58.645 [ERROR] database: Query failed - relation 'orders' does not exist
2026-06-15 19:52:59.145 [CRITICAL] database: Connection pool exhausted
2026-06-15 19:52:59.645 [INFO] nginx: Health check passed
2026-06-15 19:53:00.145 [WARNING] api-gateway: GC overhead limit reached
2026-06-15 19:53:00.645 [INFO] payment-service: Health check passed
2026-06-15 19:53:01.145 [INFO] nginx: Cache hit ratio 98%
2026-06-15 19:53:01.645 [CRITICAL] api-gateway: Out of memory error - process killed
2026-06-15 19:53:02.145 [ERROR] database: Query failed - relation 'orders' does not exist
2026-06-15 19:53:02.646 [DEBUG] nginx: Connection pool size 11
2026-06-15 19:53:03.146 [INFO] api-gateway: Health check passed
2026-06-15 19:53:03.646 [ERROR] database: Connection timeout after 2118ms
2026-06-15 19:53:04.146 [INFO] database: Cache hit ratio 97%
2026-06-15 19:53:04.646 [DEBUG] payment-service: Connection pool size 7
2026-06-15 19:53:05.146 [DEBUG] database: Connection pool size 9
2026-06-15 19:53:05.646 [INFO] api-gateway: Request processed successfully in 123ms
2026-06-15 19:53:06.146 [ERROR] database: Query failed - relation 'orders' does not exist
2026-06-15 19:53:06.646 [INFO] auth-service: Cache hit ratio 90%
2026-06-15 19:53:07.147 [INFO] user-service: Request processed successfully in 44ms
2026-06-15 19:53:07.647 [INFO] payment-service: Health check passed
2026-06-15 19:53:08.147 [INFO] payment-service: Health check passed
2026-06-15 19:53:08.647 [DEBUG] redis: Connection pool size 14
2026-06-15 19:53:09.147 [INFO] payment-service: Health check passed
2026-06-15 19:53:09.647 [ERROR] database: Query failed - relation 'orders' does not exist
2026-06-15 19:53:10.147 [WARNING] user-service: Memory usage 90%
2026-06-15 19:53:10.647 [DEBUG] redis: Connection pool size 8
2026-06-15 19:53:11.147 [INFO] auth-service: Request processed successfully in 101ms
2026-06-15 19:53:11.648 [WARNING] nginx: GC overhead limit reached
2026-06-15 19:53:12.148 [ERROR] database: Connection timeout after 2108ms
2026-06-15 19:53:12.648 [INFO] auth-service: Request processed successfully in 24ms
2026-06-15 19:53:13.148 [DEBUG] user-service: Connection pool size 10
2026-06-15 19:53:13.648 [DEBUG] payment-service: Connection pool size 7
2026-06-15 19:53:14.148 [INFO] api-gateway: Request processed successfully in 83ms
2026-06-15 19:53:14.648 [DEBUG] payment-service: Connection pool size 11
2026-06-15 19:53:15.148 [INFO] payment-service: Health check passed
2026-06-15 19:53:15.648 [INFO] database: Cache hit ratio 87%
2026-06-15 19:53:16.149 [INFO] nginx: Health check passed
2026-06-15 19:53:16.649 [INFO] payment-service: Request processed successfully in 148ms
2026-06-15 19:53:17.149 [INFO] api-gateway: Cache hit ratio 93%
2026-06-15 19:53:17.649 [DEBUG] auth-service: Connection pool size 19
2026-06-15 19:53:18.149 [INFO] api-gateway: Request processed successfully in 75ms
2026-06-15 19:53:18.649 [INFO] api-gateway: Connection pool restored
2026-06-15 19:53:19.149 [INFO] user-service: Health check passed
2026-06-15 19:53:19.649 [DEBUG] database: Connection pool size 16
2026-06-15 19:53:20.149 [ERROR] nginx: Circuit breaker open for api-gateway
2026-06-15 19:53:20.650 [INFO] nginx: Request processed successfully in 115ms
2026-06-15 19:53:21.150 [INFO] user-service: Health check passed after recovery
2026-06-15 19:53:21.650 [DEBUG] nginx: Connection pool size 16
2026-06-15 19:53:22.150 [INFO] database: Cache hit ratio 84%
2026-06-15 19:53:22.650 [INFO] user-service: Request processed successfully in 85ms
2026-06-15 19:53:23.150 [INFO] api-gateway: Health check passed after recovery
2026-06-15 19:53:23.650 [INFO] auth-service: Request processed successfully in 45ms
2026-06-15 19:53:24.150 [DEBUG] nginx: Connection pool size 14
2026-06-15 19:53:24.651 [INFO] auth-service: Cache hit ratio 94%
2026-06-15 19:53:25.151 [INFO] redis: Health check passed
2026-06-15 19:53:25.651 [ERROR] database: Connection timeout after 3611ms
2026-06-15 19:53:26.151 [INFO] user-service: Service restarted successfully
2026-06-15 19:53:26.651 [ERROR] nginx: Request timeout after 49s
2026-06-15 19:53:27.151 [INFO] redis: Health check passed after recovery
2026-06-15 19:53:27.651 [INFO] database: Health check passed
2026-06-15 19:53:28.152 [INFO] api-gateway: Request processed successfully in 119ms
2026-06-15 19:53:28.652 [INFO] payment-service: Request processed successfully in 75ms
2026-06-15 19:53:29.152 [WARNING] user-service: GC overhead limit reached
2026-06-15 19:53:29.652 [ERROR] database: Query failed - relation 'orders' does not exist
2026-06-15 19:53:30.152 [INFO] payment-service: Cache hit ratio 96%
2026-06-15 19:53:30.652 [INFO] payment-service: Health check passed
2026-06-15 19:53:31.152 [INFO] redis: Health check passed
2026-06-15 19:53:31.653 [DEBUG] redis: Connection pool size 9
2026-06-15 19:53:32.153 [CRITICAL] database: Connection pool exhausted
2026-06-15 19:53:32.653 [INFO] database: Health check passed
2026-06-15 19:53:33.153 [DEBUG] nginx: Connection pool size 14
2026-06-15 19:53:33.653 [CRITICAL] user-service: Out of memory error - process killed
2026-06-15 19:53:34.153 [DEBUG] database: Connection pool size 18
2026-06-15 19:53:34.654 [INFO] nginx: Request processed successfully in 150ms
2026-06-15 19:53:35.154 [DEBUG] api-gateway: Connection pool size 12
2026-06-15 19:53:35.654 [ERROR] database: Deadlock detected in transaction
2026-06-15 19:53:36.154 [INFO] api-gateway: Request processed successfully in 177ms
2026-06-15 19:53:36.654 [INFO] payment-service: Request processed successfully in 131ms
2026-06-15 19:53:37.154 [INFO] api-gateway: Request processed successfully in 114ms
2026-06-15 19:53:37.655 [DEBUG] redis: Connection pool size 14
2026-06-15 19:53:38.155 [DEBUG] nginx: Connection pool size 20
2026-06-15 19:53:38.655 [ERROR] database: Upstream service unavailable
2026-06-15 19:53:39.155 [WARNING] api-gateway: Slow query detected (15s)
2026-06-15 19:53:39.655 [INFO] payment-service: Connection pool restored
2026-06-15 19:53:40.155 [INFO] database: Request processed successfully in 113ms
2026-06-15 19:53:40.655 [INFO] api-gateway: Request processed successfully in 52ms
2026-06-15 19:53:41.155 [INFO] nginx: Health check passed
2026-06-15 19:53:41.656 [ERROR] database: Query failed - relation 'orders' does not exist
2026-06-15 19:53:42.156 [INFO] api-gateway: Cache hit ratio 99%
2026-06-15 19:53:42.656 [INFO] auth-service: Health check passed
2026-06-15 19:53:43.156 [CRITICAL] database: Connection pool exhausted
2026-06-15 19:53:43.656 [INFO] api-gateway: Health check passed
2026-06-15 19:53:44.156 [ERROR] database: Upstream service unavailable
2026-06-15 19:53:44.656 [DEBUG] api-gateway: Connection pool size 16
2026-06-15 19:53:45.156 [INFO] nginx: Request processed successfully in 125ms
2026-06-15 19:53:45.656 [DEBUG] user-service: Connection pool size 17
2026-06-15 19:53:46.157 [WARNING] api-gateway: GC overhead limit reached
2026-06-15 19:53:46.657 [INFO] database: Cache hit ratio 87%
2026-06-15 19:53:47.157 [DEBUG] nginx: Connection pool size 17
2026-06-15 19:53:47.657 [CRITICAL] redis: Out of memory error - process killed
2026-06-15 19:53:48.157 [DEBUG] user-service: Connection pool size 20
2026-06-15 19:53:48.657 [DEBUG] user-service: Connection pool size 18
2026-06-15 19:53:49.157 [INFO] redis: Request processed successfully in 20ms
2026-06-15 19:53:49.657 [INFO] redis: Request processed successfully in 119ms
2026-06-15 19:53:50.158 [INFO] nginx: Cache hit ratio 91%
2026-06-15 19:53:50.658 [CRITICAL] database: Connection pool exhausted
2026-06-15 19:53:51.158 [ERROR] database: Query failed - relation 'orders' does not exist
2026-06-15 19:53:51.658 [DEBUG] redis: Connection pool size 17
2026-06-15 19:53:52.158 [CRITICAL] database: Connection pool exhausted
2026-06-15 19:53:52.658 [ERROR] database: Deadlock detected in transaction
2026-06-15 19:53:53.158 [DEBUG] nginx: Connection pool size 5
2026-06-15 19:53:53.658 [CRITICAL] database: Connection pool exhausted
2026-06-15 19:53:54.159 [INFO] auth-service: Health check passed
2026-06-15 19:53:54.659 [INFO] api-gateway: Cache hit ratio 86%
2026-06-15 19:53:55.159 [INFO] database: Health check passed
2026-06-15 19:53:55.659 [INFO] database: Health check passed
2026-06-15 19:53:56.159 [WARNING] user-service: Slow query detected (12s)
2026-06-15 19:53:56.659 [INFO] user-service: Request processed successfully in 62ms
2026-06-15 19:53:57.159 [INFO] auth-service: Health check passed
2026-06-15 19:53:57.660 [INFO] redis: Health check passed
2026-06-15 19:53:58.160 [INFO] api-gateway: Request processed successfully in 110ms
2026-06-15 19:53:58.660 [ERROR] database: Deadlock detected in transaction
2026-06-15 19:53:59.160 [ERROR] database: Deadlock detected in transaction
2026-06-15 19:53:59.660 [INFO] redis: Request processed successfully in 189ms
2026-06-15 19:54:00.160 [INFO] api-gateway: Health check passed
2026-06-15 19:54:00.660 [ERROR] user-service: Upstream service unavailable
2026-06-15 19:54:01.160 [INFO] database: Request processed successfully in 13ms
2026-06-15 19:54:01.661 [INFO] redis: Cache hit ratio 81%
2026-06-15 19:54:02.161 [INFO] auth-service: Health check passed after recovery
2026-06-15 19:54:02.661 [WARNING] redis: Memory usage 91%
2026-06-15 19:54:03.161 [DEBUG] redis: Connection pool size 18
2026-06-15 19:54:03.661 [INFO] payment-service: Request processed successfully in 153ms
2026-06-15 19:54:04.161 [ERROR] redis: Upstream service unavailable
2026-06-15 19:54:04.661 [WARNING] auth-service: Memory usage 87%
2026-06-15 19:54:05.161 [DEBUG] api-gateway: Connection pool size 5
2026-06-15 19:54:05.662 [INFO] auth-service: Health check passed
2026-06-15 19:54:06.162 [WARNING] redis: Memory usage 91%
2026-06-15 19:54:06.662 [WARNING] user-service: Memory usage 92%
2026-06-15 19:54:07.162 [INFO] database: Request processed successfully in 95ms
2026-06-15 19:54:07.662 [INFO] database: Request processed successfully in 160ms
2026-06-15 19:54:08.162 [DEBUG] redis: Connection pool size 18
2026-06-15 19:54:08.663 [ERROR] nginx: Circuit breaker open for user-service
2026-06-15 19:54:09.163 [INFO] api-gateway: Health check passed
2026-06-15 19:54:09.663 [INFO] nginx: Request processed successfully in 169ms
2026-06-15 19:54:10.163 [INFO] api-gateway: Cache hit ratio 97%
2026-06-15 19:54:10.663 [DEBUG] nginx: Connection pool size 9
2026-06-15 19:54:11.164 [DEBUG] api-gateway: Connection pool size 6
2026-06-15 19:54:11.664 [INFO] payment-service: Cache hit ratio 99%
2026-06-15 19:54:12.164 [DEBUG] database: Connection pool size 20
2026-06-15 19:54:12.664 [INFO] database: Cache hit ratio 96%
2026-06-15 19:54:13.164 [INFO] api-gateway: Request processed successfully in 73ms
2026-06-15 19:54:13.664 [DEBUG] nginx: Connection pool size 18
2026-06-15 19:54:14.164 [INFO] user-service: Request processed successfully in 35ms
2026-06-15 19:54:14.665 [INFO] user-service: Cache hit ratio 94%
2026-06-15 19:54:15.165 [DEBUG] payment-service: Connection pool size 11
2026-06-15 19:54:15.665 [INFO] auth-service: Request processed successfully in 38ms
2026-06-15 19:54:16.165 [ERROR] database: Connection timeout after 1154ms
2026-06-15 19:54:16.665 [INFO] nginx: Health check passed
2026-06-15 19:54:17.165 [INFO] user-service: Health check passed
2026-06-15 19:54:17.665 [WARNING] nginx: GC overhead limit reached
2026-06-15 19:54:18.165 [DEBUG] nginx: Connection pool size 15
2026-06-15 19:54:18.665 [CRITICAL] database: Connection pool exhausted
2026-06-15 19:54:19.166 [INFO] database: Cache hit ratio 92%
2026-06-15 19:54:19.666 [ERROR] auth-service: Upstream service unavailable
2026-06-15 19:54:20.166 [INFO] user-service: Health check passed
2026-06-15 19:54:20.666 [INFO] payment-service: Health check passed
2026-06-15 19:54:21.166 [INFO] user-service: Request processed successfully in 72ms
2026-06-15 19:54:21.666 [INFO] payment-service: Cache hit ratio 80%
2026-06-15 19:54:22.166 [INFO] api-gateway: Request processed successfully in 49ms
2026-06-15 19:54:22.666 [INFO] auth-service: Health check passed
2026-06-15 19:54:23.166 [INFO] api-gateway: Health check passed
2026-06-15 19:54:23.667 [CRITICAL] database: Out of memory error - process killed
2026-06-15 19:54:24.167 [DEBUG] redis: Connection pool size 11
2026-06-15 19:54:24.667 [DEBUG] auth-service: Connection pool size 17
2026-06-15 19:54:25.167 [CRITICAL] database: Connection pool exhausted
2026-06-15 19:54:25.667 [INFO] database: Request processed successfully in 172ms
2026-06-15 19:54:26.167 [INFO] redis: Request processed successfully in 126ms
2026-06-15 19:54:26.667 [ERROR] database: Query failed - relation 'orders' does not exist
2026-06-15 19:54:27.167 [INFO] auth-service: Request processed successfully in 24ms
2026-06-15 19:54:27.667 [INFO] api-gateway: Cache hit ratio 84%
2026-06-15 19:54:28.167 [DEBUG] user-service: Connection pool size 7
2026-06-15 19:54:28.668 [INFO] api-gateway: Request processed successfully in 29ms
2026-06-15 19:54:29.168 [DEBUG] auth-service: Connection pool size 16
2026-06-15 19:54:29.668 [CRITICAL] database: Connection pool exhausted
2026-06-15 19:54:30.168 [INFO] nginx: Request processed successfully in 39ms
2026-06-15 19:54:30.668 [INFO] user-service: Health check passed after recovery
2026-06-15 19:54:31.168 [ERROR] database: Connection timeout after 3379ms
2026-06-15 19:54:31.668 [INFO] auth-service: Health check passed after recovery
2026-06-15 19:54:32.168 [INFO] redis: Cache hit ratio 90%
2026-06-15 19:54:32.668 [INFO] redis: Health check passed
2026-06-15 19:54:33.168 [INFO] api-gateway: Request processed successfully in 200ms
2026-06-15 19:54:33.669 [DEBUG] payment-service: Connection pool size 13
2026-06-15 19:54:34.169 [DEBUG] payment-service: Connection pool size 10
2026-06-15 19:54:34.669 [DEBUG] auth-service: Connection pool size 11
2026-06-15 19:54:35.169 [INFO] api-gateway: Cache hit ratio 80%
2026-06-15 19:54:35.669 [CRITICAL] database: Connection pool exhausted
2026-06-15 19:54:36.169 [INFO] nginx: Health check passed after recovery
2026-06-15 19:54:36.669 [CRITICAL] payment-service: Service crashed
2026-06-15 19:54:37.169 [ERROR] database: Connection timeout after 3245ms
2026-06-15 19:54:37.669 [DEBUG] redis: Connection pool size 14
2026-06-15 19:54:38.169 [DEBUG] database: Connection pool size 7
2026-06-15 19:54:38.670 [INFO] nginx: Health check passed
2026-06-15 19:54:39.170 [INFO] payment-service: Cache hit ratio 89%
2026-06-15 19:54:39.670 [INFO] payment-service: Health check passed
2026-06-15 19:54:40.170 [WARNING] api-gateway: GC overhead limit reached
2026-06-15 19:54:40.670 [INFO] user-service: Request processed successfully in 41ms
2026-06-15 19:54:41.170 [INFO] api-gateway: Request processed successfully in 52ms
2026-06-15 19:54:41.670 [INFO] redis: Cache hit ratio 88%
2026-06-15 19:54:42.170 [DEBUG] database: Connection pool size 16
2026-06-15 19:54:42.670 [INFO] database: Request processed successfully in 23ms
2026-06-15 19:54:43.170 [WARNING] auth-service: GC overhead limit reached
2026-06-15 19:54:43.670 [ERROR] database: Query failed - relation 'orders' does not exist
2026-06-15 19:54:44.171 [INFO] redis: Health check passed
2026-06-15 19:54:44.671 [ERROR] database: Query failed - relation 'orders' does not exist
2026-06-15 19:54:45.171 [INFO] api-gateway: Cache hit ratio 92%
2026-06-15 19:54:45.671 [DEBUG] database: Connection pool size 5
2026-06-15 19:54:46.171 [INFO] user-service: Health check passed
2026-06-15 19:54:46.671 [INFO] nginx: Health check passed
2026-06-15 19:54:47.172 [DEBUG] redis: Connection pool size 5
2026-06-15 19:54:47.672 [INFO] database: Cache hit ratio 94%
2026-06-15 19:54:48.172 [INFO] api-gateway: Cache hit ratio 98%
2026-06-15 19:54:48.672 [INFO] auth-service: Health check passed
2026-06-15 19:54:49.172 [DEBUG] database: Connection pool size 12
2026-06-15 19:54:49.672 [INFO] auth-service: Cache hit ratio 86%
2026-06-15 19:54:50.172 [INFO] api-gateway: Cache hit ratio 86%
2026-06-15 19:54:50.672 [INFO] redis: Health check passed
2026-06-15 19:54:51.172 [WARNING] redis: Slow query detected (18s)
2026-06-15 19:54:51.673 [INFO] nginx: Request processed successfully in 175ms
2026-06-15 19:54:52.173 [INFO] api-gateway: Request processed successfully in 57ms
2026-06-15 19:54:52.673 [INFO] api-gateway: Connection pool restored
2026-06-15 19:54:53.173 [CRITICAL] database: Connection pool exhausted
2026-06-15 19:54:53.673 [INFO] api-gateway: Request processed successfully in 72ms
2026-06-15 19:54:54.173 [INFO] nginx: Request processed successfully in 39ms
2026-06-15 19:54:54.673 [INFO] payment-service: Cache hit ratio 90%
2026-06-15 19:54:55.173 [DEBUG] redis: Connection pool size 6
2026-06-15 19:54:55.673 [ERROR] api-gateway: Request timeout after 56s
2026-06-15 19:54:56.174 [INFO] api-gateway: Cache hit ratio 99%
2026-06-15 19:54:56.674 [INFO] database: Connection pool restored
2026-06-15 19:54:57.174 [INFO] api-gateway: Service restarted successfully
2026-06-15 19:54:57.674 [DEBUG] api-gateway: Connection pool size 10
2026-06-15 19:54:58.174 [INFO] user-service: Health check passed
2026-06-15 19:54:58.674 [ERROR] database: Deadlock detected in transaction
2026-06-15 19:54:59.174 [INFO] redis: Health check passed
2026-06-15 19:54:59.674 [INFO] nginx: Request processed successfully in 69ms
2026-06-15 19:55:00.174 [DEBUG] auth-service: Connection pool size 5
2026-06-15 19:55:00.674 [INFO] auth-service: Request processed successfully in 85ms
2026-06-15 19:55:01.175 [ERROR] database: Connection timeout after 1902ms
2026-06-15 19:55:01.675 [INFO] auth-service: Cache hit ratio 88%
2026-06-15 19:55:02.175 [INFO] user-service: Request processed successfully in 113ms
2026-06-15 19:55:02.675 [DEBUG] auth-service: Connection pool size 12
2026-06-15 19:55:03.175 [INFO] nginx: Cache hit ratio 98%
2026-06-15 19:55:03.675 [ERROR] database: Connection timeout after 4759ms
2026-06-15 19:55:04.175 [INFO] nginx: Request processed successfully in 140ms
2026-06-15 19:55:04.675 [INFO] user-service: Cache hit ratio 84%
2026-06-15 19:55:05.175 [INFO] nginx: Request processed successfully in 188ms
2026-06-15 19:55:05.676 [ERROR] database: Query failed - relation 'orders' does not exist
2026-06-15 19:55:06.176 [DEBUG] api-gateway: Connection pool size 19
2026-06-15 19:55:06.676 [INFO] redis: Health check passed
2026-06-15 19:55:07.176 [WARNING] redis: Memory usage 89%
2026-06-15 19:55:07.676 [INFO] payment-service: Request processed successfully in 139ms
2026-06-15 19:55:08.176 [DEBUG] user-service: Connection pool size 18
2026-06-15 19:55:08.676 [DEBUG] nginx: Connection pool size 10
2026-06-15 19:55:09.176 [INFO] user-service: Health check passed after recovery
2026-06-15 19:55:09.676 [INFO] auth-service: Health check passed
2026-06-15 19:55:10.176 [INFO] user-service: Cache hit ratio 97%
2026-06-15 19:55:10.676 [INFO] user-service: Request processed successfully in 36ms
2026-06-15 19:55:11.177 [INFO] user-service: Health check passed
2026-06-15 19:55:11.677 [DEBUG] redis: Connection pool size 9
2026-06-15 19:55:12.177 [INFO] user-service: Cache hit ratio 84%
2026-06-15 19:55:12.677 [INFO] auth-service: Health check passed
2026-06-15 19:55:13.177 [INFO] api-gateway: Cache hit ratio 98%
2026-06-15 19:55:13.677 [INFO] user-service: Request processed successfully in 122ms
2026-06-15 19:55:14.177 [INFO] user-service: Connection pool restored
2026-06-15 19:55:14.677 [INFO] user-service: Request processed successfully in 55ms
2026-06-15 19:55:15.178 [INFO] auth-service: Request processed successfully in 50ms
2026-06-15 19:55:15.678 [WARNING] database: GC overhead limit reached
2026-06-15 19:55:16.178 [INFO] auth-service: Request processed successfully in 48ms
2026-06-15 19:55:16.678 [CRITICAL] database: Connection pool exhausted
2026-06-15 19:55:17.178 [INFO] payment-service: Request processed successfully in 147ms
2026-06-15 19:55:17.679 [INFO] api-gateway: Health check passed
2026-06-15 19:55:18.179 [DEBUG] user-service: Connection pool size 6
2026-06-15 19:55:18.679 [INFO] database: Cache hit ratio 88%
2026-06-15 19:55:19.179 [INFO] database: Health check passed
2026-06-15 19:55:19.679 [ERROR] database: Circuit breaker open for api-gateway
2026-06-15 19:55:20.179 [DEBUG] payment-service: Connection pool size 16
2026-06-15 19:55:20.680 [INFO] payment-service: Cache hit ratio 80%
2026-06-15 19:55:21.180 [INFO] redis: Request processed successfully in 106ms
2026-06-15 19:55:21.680 [INFO] nginx: Request processed successfully in 158ms
2026-06-15 19:55:22.180 [INFO] auth-service: Request processed successfully in 17ms
2026-06-15 19:55:22.680 [CRITICAL] database: Connection pool exhausted
2026-06-15 19:55:23.181 [DEBUG] api-gateway: Connection pool size 8
2026-06-15 19:55:23.681 [INFO] database: Cache hit ratio 81%
2026-06-15 19:55:24.181 [INFO] nginx: Request processed successfully in 88ms
2026-06-15 19:55:24.681 [INFO] payment-service: Service restarted successfully
2026-06-15 19:55:25.181 [INFO] database: Health check passed
2026-06-15 19:55:25.681 [INFO] nginx: Cache hit ratio 90%
2026-06-15 19:55:26.182 [INFO] auth-service: Request processed successfully in 32ms
2026-06-15 19:55:26.682 [ERROR] nginx: Upstream service unavailable
2026-06-15 19:55:27.182 [INFO] redis: Health check passed
2026-06-15 19:55:27.682 [DEBUG] api-gateway: Connection pool size 16
2026-06-15 19:55:28.182 [INFO] redis: Request processed successfully in 148ms
2026-06-15 19:55:28.683 [DEBUG] auth-service: Connection pool size 19
2026-06-15 19:55:29.183 [INFO] redis: Health check passed
2026-06-15 19:55:29.683 [INFO] payment-service: Health check passed
2026-06-15 19:55:30.183 [INFO] database: Request processed successfully in 166ms
2026-06-15 19:55:30.683 [CRITICAL] database: Connection pool exhausted
2026-06-15 19:55:31.184 [INFO] redis: Request processed successfully in 155ms
2026-06-15 19:55:31.684 [CRITICAL] database: Connection pool exhausted
2026-06-15 19:55:32.184 [ERROR] database: Query failed - relation 'orders' does not exist
2026-06-15 19:55:32.684 [INFO] nginx: Request processed successfully in 134ms
2026-06-15 19:55:33.184 [DEBUG] redis: Connection pool size 8
2026-06-15 19:55:33.685 [CRITICAL] database: Connection pool exhausted
2026-06-15 19:55:34.185 [WARNING] redis: Slow query detected (7s)
2026-06-15 19:55:34.685 [INFO] redis: Request processed successfully in 150ms
2026-06-15 19:55:35.185 [DEBUG] nginx: Connection pool size 6
2026-06-15 19:55:35.685 [INFO] database: Health check passed
2026-06-15 19:55:36.186 [INFO] redis: Connection pool restored
2026-06-15 19:55:36.686 [INFO] api-gateway: Health check passed
2026-06-15 19:55:37.186 [DEBUG] payment-service: Connection pool size 16
2026-06-15 19:55:37.686 [INFO] redis: Health check passed after recovery
2026-06-15 19:55:38.186 [DEBUG] auth-service: Connection pool size 12
2026-06-15 19:55:38.686 [INFO] user-service: Cache hit ratio 97%
2026-06-15 19:55:39.186 [INFO] api-gateway: Connection pool restored
2026-06-15 19:55:39.686 [INFO] redis: Health check passed
2026-06-15 19:55:40.187 [ERROR] user-service: Circuit breaker open for redis
2026-06-15 19:55:40.687 [INFO] redis: Request processed successfully in 61ms
2026-06-15 19:55:41.187 [WARNING] user-service: Slow query detected (8s)
2026-06-15 19:55:41.687 [INFO] nginx: Service restarted successfully
2026-06-15 19:55:42.187 [INFO] nginx: Health check passed
2026-06-15 19:55:42.687 [INFO] api-gateway: Health check passed
2026-06-15 19:55:43.187 [INFO] user-service: Request processed successfully in 66ms
2026-06-15 19:55:43.687 [DEBUG] api-gateway: Connection pool size 10
2026-06-15 19:55:44.187 [INFO] nginx: Health check passed
2026-06-15 19:55:44.688 [DEBUG] database: Connection pool size 20
2026-06-15 19:55:45.188 [DEBUG] database: Connection pool size 5
2026-06-15 19:55:45.688 [INFO] user-service: Health check passed
2026-06-15 19:55:46.188 [DEBUG] api-gateway: Connection pool size 14
2026-06-15 19:55:46.688 [INFO] payment-service: Request processed successfully in 33ms
2026-06-15 19:55:47.188 [DEBUG] database: Connection pool size 20
2026-06-15 19:55:47.688 [ERROR] database: Connection timeout after 1487ms
2026-06-15 19:55:48.188 [INFO] api-gateway: Cache hit ratio 85%
2026-06-15 19:55:48.688 [DEBUG] nginx: Connection pool size 16
2026-06-15 19:55:49.188 [DEBUG] nginx: Connection pool size 11
2026-06-15 19:55:49.689 [DEBUG] payment-service: Connection pool size 16
2026-06-15 19:55:50.189 [DEBUG] user-service: Connection pool size 16
2026-06-15 19:55:50.689 [INFO] redis: Request processed successfully in 170ms
2026-06-15 19:55:51.189 [INFO] auth-service: Cache hit ratio 89%
2026-06-15 19:55:51.689 [INFO] database: Health check passed
2026-06-15 19:55:52.189 [DEBUG] redis: Connection pool size 17
2026-06-15 19:55:52.689 [CRITICAL] database: Connection pool exhausted
2026-06-15 19:55:53.189 [INFO] redis: Request processed successfully in 159ms
2026-06-15 19:55:53.689 [INFO] payment-service: Health check passed
2026-06-15 19:55:54.190 [INFO] redis: Request processed successfully in 136ms
2026-06-15 19:55:54.690 [INFO] nginx: Request processed successfully in 123ms
2026-06-15 19:55:55.190 [INFO] user-service: Request processed successfully in 86ms
2026-06-15 19:55:55.690 [INFO] payment-service: Cache hit ratio 84%
2026-06-15 19:55:56.190 [INFO] redis: Request processed successfully in 137ms
2026-06-15 19:55:56.691 [INFO] payment-service: Cache hit ratio 97%
2026-06-15 19:55:57.191 [INFO] payment-service: Health check passed
2026-06-15 19:55:57.691 [INFO] api-gateway: Request processed successfully in 116ms
2026-06-15 19:55:58.191 [INFO] api-gateway: Health check passed
2026-06-15 19:55:58.691 [INFO] user-service: Health check passed
2026-06-15 19:55:59.191 [DEBUG] database: Connection pool size 19
2026-06-15 19:55:59.692 [INFO] redis: Cache hit ratio 90%
2026-06-15 19:56:00.192 [DEBUG] database: Connection pool size 14
2026-06-15 19:56:00.692 [INFO] database: Request processed successfully in 195ms
2026-06-15 19:56:01.192 [ERROR] database: Connection timeout after 3365ms
2026-06-15 19:56:01.692 [DEBUG] user-service: Connection pool size 18
2026-06-15 19:56:02.192 [WARNING] nginx: Memory usage 89%
2026-06-15 19:56:02.692 [INFO] nginx: Health check passed after recovery
2026-06-15 19:56:03.193 [DEBUG] user-service: Connection pool size 19
2026-06-15 19:56:03.693 [DEBUG] payment-service: Connection pool size 5
2026-06-15 19:56:04.193 [ERROR] database: Deadlock detected in transaction
2026-06-15 19:56:04.693 [WARNING] user-service: Slow query detected (7s)
2026-06-15 19:56:05.193 [INFO] api-gateway: Health check passed
2026-06-15 19:56:05.693 [INFO] payment-service: Request processed successfully in 51ms
2026-06-15 19:56:06.193 [WARNING] user-service: Slow query detected (22s)
2026-06-15 19:56:06.693 [ERROR] nginx: Upstream service unavailable
2026-06-15 19:56:07.194 [ERROR] database: Deadlock detected in transaction
2026-06-15 19:56:07.694 [INFO] payment-service: Cache hit ratio 94%
2026-06-15 19:56:08.194 [DEBUG] database: Connection pool size 7
2026-06-15 19:56:08.694 [DEBUG] user-service: Connection pool size 12
2026-06-15 19:56:09.194 [CRITICAL] nginx: Out of memory error - process killed
2026-06-15 19:56:09.694 [DEBUG] api-gateway: Connection pool size 6
2026-06-15 19:56:10.194 [DEBUG] nginx: Connection pool size 11
2026-06-15 19:56:10.694 [CRITICAL] database: Connection pool exhausted
2026-06-15 19:56:11.194 [DEBUG] redis: Connection pool size 17
2026-06-15 19:56:11.695 [INFO] auth-service: Health check passed
2026-06-15 19:56:12.195 [INFO] payment-service: Request processed successfully in 12ms
2026-06-15 19:56:12.695 [DEBUG] payment-service: Connection pool size 11
2026-06-15 19:56:13.195 [INFO] auth-service: Health check passed
2026-06-15 19:56:13.695 [CRITICAL] database: Connection pool exhausted
2026-06-15 19:56:14.195 [ERROR] auth-service: Request timeout after 44s
2026-06-15 19:56:14.695 [ERROR] database: Query failed - relation 'orders' does not exist
2026-06-15 19:56:15.195 [INFO] nginx: Request processed successfully in 153ms
2026-06-15 19:56:15.696 [DEBUG] api-gateway: Connection pool size 9
2026-06-15 19:56:16.196 [INFO] nginx: Cache hit ratio 90%
2026-06-15 19:56:16.696 [INFO] redis: Request processed successfully in 176ms
2026-06-15 19:56:17.196 [DEBUG] nginx: Connection pool size 16
2026-06-15 19:56:17.696 [CRITICAL] database: Connection pool exhausted
2026-06-15 19:56:18.196 [DEBUG] auth-service: Connection pool size 5
2026-06-15 19:56:18.696 [CRITICAL] user-service: Service crashed
2026-06-15 19:56:19.197 [CRITICAL] nginx: Out of memory error - process killed
2026-06-15 19:56:19.697 [INFO] api-gateway: Cache hit ratio 89%
2026-06-15 19:56:20.197 [WARNING] database: Slow query detected (13s)
2026-06-15 19:56:20.697 [DEBUG] redis: Connection pool size 15
2026-06-15 19:56:21.197 [INFO] redis: Cache hit ratio 90%
2026-06-15 19:56:21.697 [ERROR] database: Deadlock detected in transaction
2026-06-15 19:56:22.197 [INFO] payment-service: Request processed successfully in 178ms
2026-06-15 19:56:22.697 [ERROR] database: Query failed - relation 'orders' does not exist
2026-06-15 19:56:23.197 [DEBUG] api-gateway: Connection pool size 20
2026-06-15 19:56:23.698 [DEBUG] database: Connection pool size 15
2026-06-15 19:56:24.198 [INFO] redis: Request processed successfully in 130ms
2026-06-15 19:56:24.698 [INFO] payment-service: Health check passed
2026-06-15 19:56:25.198 [DEBUG] database: Connection pool size 6
2026-06-15 19:56:25.698 [DEBUG] redis: Connection pool size 17
2026-06-15 19:56:26.198 [ERROR] database: Connection timeout after 3286ms
2026-06-15 19:56:26.698 [INFO] redis: Request processed successfully in 129ms
2026-06-15 19:56:27.198 [INFO] database: Health check passed
2026-06-15 19:56:27.699 [ERROR] database: Deadlock detected in transaction
2026-06-15 19:56:28.199 [INFO] api-gateway: Cache hit ratio 88%
2026-06-15 19:56:28.699 [INFO] api-gateway: Health check passed
2026-06-15 19:56:29.199 [INFO] payment-service: Request processed successfully in 48ms
2026-06-15 19:56:29.699 [WARNING] api-gateway: Slow query detected (11s)
2026-06-15 19:56:30.199 [INFO] nginx: Cache hit ratio 87%
2026-06-15 19:56:30.699 [INFO] database: Service restarted successfully
2026-06-15 19:56:31.199 [INFO] auth-service: Cache hit ratio 94%
2026-06-15 19:56:31.699 [INFO] auth-service: Cache hit ratio 96%
2026-06-15 19:56:32.200 [INFO] auth-service: Cache hit ratio 84%
2026-06-15 19:56:32.700 [DEBUG] payment-service: Connection pool size 13
2026-06-15 19:56:33.200 [INFO] payment-service: Health check passed
2026-06-15 19:56:33.700 [WARNING] redis: GC overhead limit reached
2026-06-15 19:56:34.200 [INFO] auth-service: Health check passed
2026-06-15 19:56:34.700 [INFO] payment-service: Cache hit ratio 89%
2026-06-15 19:56:35.200 [DEBUG] payment-service: Connection pool size 13
2026-06-15 19:56:35.701 [ERROR] database: Query failed - relation 'orders' does not exist
2026-06-15 19:56:36.201 [INFO] redis: Request processed successfully in 121ms
2026-06-15 19:56:36.701 [INFO] api-gateway: Cache hit ratio 93%
2026-06-15 19:56:37.201 [DEBUG] user-service: Connection pool size 18
2026-06-15 19:56:37.701 [INFO] redis: Health check passed
2026-06-15 19:56:38.201 [ERROR] database: Deadlock detected in transaction
2026-06-15 19:56:38.701 [INFO] user-service: Health check passed
2026-06-15 19:56:39.202 [INFO] auth-service: Cache hit ratio 99%
2026-06-15 19:56:39.702 [INFO] payment-service: Service restarted successfully
2026-06-15 19:56:40.202 [INFO] nginx: Cache hit ratio 89%
2026-06-15 19:56:40.702 [INFO] redis: Request processed successfully in 17ms
2026-06-15 19:56:41.202 [DEBUG] payment-service: Connection pool size 16
2026-06-15 19:56:41.702 [INFO] api-gateway: Health check passed
2026-06-15 19:56:42.202 [INFO] api-gateway: Request processed successfully in 164ms
2026-06-15 19:56:42.702 [INFO] payment-service: Cache hit ratio 86%
2026-06-15 19:56:43.202 [INFO] payment-service: Cache hit ratio 86%
2026-06-15 19:56:43.702 [INFO] database: Health check passed
2026-06-15 19:56:44.203 [DEBUG] auth-service: Connection pool size 18
2026-06-15 19:56:44.703 [INFO] redis: Connection pool restored
2026-06-15 19:56:45.203 [INFO] nginx: Request processed successfully in 59ms
2026-06-15 19:56:45.703 [INFO] database: Request processed successfully in 172ms
2026-06-15 19:56:46.203 [CRITICAL] database: Connection pool exhausted
2026-06-15 19:56:46.704 [INFO] auth-service: Request processed successfully in 98ms
2026-06-15 19:56:47.204 [INFO] nginx: Health check passed
2026-06-15 19:56:47.704 [INFO] nginx: Request processed successfully in 181ms
2026-06-15 19:56:48.204 [CRITICAL] database: Connection pool exhausted
2026-06-15 19:56:48.704 [INFO] user-service: Health check passed
2026-06-15 19:56:49.204 [DEBUG] api-gateway: Connection pool size 15
2026-06-15 19:56:49.704 [ERROR] database: Query failed - relation 'orders' does not exist
2026-06-15 19:56:50.204 [INFO] nginx: Health check passed
2026-06-15 19:56:50.704 [DEBUG] auth-service: Connection pool size 12
2026-06-15 19:56:51.205 [INFO] payment-service: Health check passed
2026-06-15 19:56:51.705 [INFO] redis: Health check passed
2026-06-15 19:56:52.205 [INFO] user-service: Cache hit ratio 90%
2026-06-15 19:56:52.705 [INFO] redis: Cache hit ratio 84%
2026-06-15 19:56:53.205 [INFO] database: Request processed successfully in 111ms
2026-06-15 19:56:53.705 [DEBUG] database: Connection pool size 19
2026-06-15 19:56:54.205 [INFO] payment-service: Connection pool restored
2026-06-15 19:56:54.706 [INFO] auth-service: Cache hit ratio 92%
2026-06-15 19:56:55.206 [INFO] database: Health check passed
2026-06-15 19:56:55.706 [INFO] nginx: Cache hit ratio 88%
2026-06-15 19:56:56.206 [INFO] redis: Health check passed
2026-06-15 19:56:56.706 [INFO] database: Service restarted successfully
2026-06-15 19:56:57.206 [ERROR] database: Connection timeout after 3286ms
2026-06-15 19:56:57.706 [INFO] api-gateway: Health check passed
2026-06-15 19:56:58.206 [INFO] api-gateway: Request processed successfully in 67ms
2026-06-15 19:56:58.706 [CRITICAL] database: Connection pool exhausted
2026-06-15 19:56:59.207 [INFO] auth-service: Cache hit ratio 81%
2026-06-15 19:56:59.707 [INFO] auth-service: Service restarted successfully
2026-06-15 19:57:00.207 [INFO] nginx: Request processed successfully in 34ms
2026-06-15 19:57:00.707 [CRITICAL] payment-service: Out of memory error - process killed
2026-06-15 19:57:01.207 [INFO] redis: Cache hit ratio 90%
2026-06-15 19:57:01.707 [INFO] redis: Request processed successfully in 196ms
2026-06-15 19:57:02.207 [DEBUG] api-gateway: Connection pool size 15
2026-06-15 19:57:02.707 [ERROR] database: Connection timeout after 2478ms
2026-06-15 19:57:03.207 [INFO] nginx: Health check passed
2026-06-15 19:57:03.707 [DEBUG] api-gateway: Connection pool size 20
2026-06-15 19:57:04.208 [CRITICAL] database: Connection pool exhausted
2026-06-15 19:57:04.708 [INFO] user-service: Request processed successfully in 23ms
2026-06-15 19:57:05.208 [INFO] redis: Request processed successfully in 76ms
2026-06-15 19:57:05.708 [ERROR] database: Connection timeout after 1476ms
2026-06-15 19:57:06.208 [INFO] api-gateway: Health check passed
2026-06-15 19:57:06.708 [DEBUG] api-gateway: Connection pool size 5
2026-06-15 19:57:07.208 [INFO] auth-service: Health check passed after recovery
2026-06-15 19:57:07.708 [INFO] nginx: Request processed successfully in 19ms
2026-06-15 19:57:08.209 [INFO] redis: Service restarted successfully
2026-06-15 19:57:08.709 [INFO] payment-service: Request processed successfully in 126ms
2026-06-15 19:57:09.209 [INFO] payment-service: Cache hit ratio 86%
2026-06-15 19:57:09.709 [ERROR] database: Deadlock detected in transaction
2026-06-15 19:57:10.209 [INFO] user-service: Health check passed
2026-06-15 19:57:10.709 [INFO] payment-service: Cache hit ratio 98%
2026-06-15 19:57:11.210 [INFO] nginx: Service restarted successfully
2026-06-15 19:57:11.710 [DEBUG] redis: Connection pool size 16
2026-06-15 19:57:12.210 [INFO] api-gateway: Cache hit ratio 87%
2026-06-15 19:57:12.710 [INFO] nginx: Health check passed
2026-06-15 19:57:13.210 [INFO] redis: Cache hit ratio 89%
2026-06-15 19:57:13.710 [INFO] api-gateway: Health check passed
2026-06-15 19:57:14.211 [INFO] auth-service: Cache hit ratio 82%
2026-06-15 19:57:14.711 [WARNING] redis: GC overhead limit reached
2026-06-15 19:57:15.211 [CRITICAL] auth-service: Out of memory error - process killed
2026-06-15 19:57:15.711 [WARNING] payment-service: GC overhead limit reached
2026-06-15 19:57:16.211 [INFO] api-gateway: Health check passed
2026-06-15 19:57:16.711 [WARNING] user-service: Slow query detected (29s)
2026-06-15 19:57:17.211 [INFO] auth-service: Health check passed
2026-06-15 19:57:17.711 [INFO] auth-service: Health check passed
2026-06-15 19:57:18.211 [INFO] redis: Cache hit ratio 97%
2026-06-15 19:57:18.711 [INFO] nginx: Health check passed
2026-06-15 19:57:19.212 [INFO] auth-service: Cache hit ratio 96%
2026-06-15 19:57:19.712 [INFO] user-service: Cache hit ratio 83%
2026-06-15 19:57:20.212 [INFO] redis: Health check passed after recovery
2026-06-15 19:57:20.712 [DEBUG] database: Connection pool size 18
2026-06-15 19:57:21.212 [DEBUG] redis: Connection pool size 6
2026-06-15 19:57:21.712 [INFO] database: Cache hit ratio 85%
2026-06-15 19:57:22.212 [INFO] database: Health check passed after recovery
2026-06-15 19:57:22.712 [DEBUG] database: Connection pool size 9
2026-06-15 19:57:23.212 [ERROR] payment-service: Request timeout after 31s
2026-06-15 19:57:23.712 [INFO] redis: Request processed successfully in 152ms
2026-06-15 19:57:24.213 [INFO] database: Health check passed
2026-06-15 19:57:24.713 [ERROR] database: Connection timeout after 1247ms
2026-06-15 19:57:25.213 [CRITICAL] database: Connection pool exhausted
2026-06-15 19:57:25.713 [INFO] database: Cache hit ratio 85%
2026-06-15 19:57:26.213 [INFO] user-service: Request processed successfully in 191ms
2026-06-15 19:57:26.713 [DEBUG] nginx: Connection pool size 6
2026-06-15 19:57:27.214 [CRITICAL] database: Connection pool exhausted
2026-06-15 19:57:27.714 [INFO] redis: Cache hit ratio 83%
2026-06-15 19:57:28.214 [INFO] user-service: Request processed successfully in 109ms
2026-06-15 19:57:28.714 [INFO] auth-service: Health check passed
2026-06-15 19:57:29.214 [INFO] nginx: Cache hit ratio 93%
2026-06-15 19:57:29.714 [INFO] nginx: Cache hit ratio 98%
2026-06-15 19:57:30.214 [INFO] database: Request processed successfully in 136ms
2026-06-15 19:57:30.714 [WARNING] api-gateway: Memory usage 90%
2026-06-15 19:57:31.215 [INFO] auth-service: Cache hit ratio 85%
2026-06-15 19:57:31.715 [INFO] user-service: Service restarted successfully
2026-06-15 19:57:32.215 [INFO] database: Health check passed
2026-06-15 19:57:32.715 [WARNING] api-gateway: Slow query detected (10s)
2026-06-15 19:57:33.215 [ERROR] database: Query failed - relation 'orders' does not exist
2026-06-15 19:57:33.715 [INFO] user-service: Health check passed
2026-06-15 19:57:34.215 [DEBUG] payment-service: Connection pool size 10
2026-06-15 19:57:34.716 [INFO] database: Health check passed
2026-06-15 19:57:35.216 [INFO] api-gateway: Health check passed
2026-06-15 19:57:35.716 [INFO] user-service: Health check passed
2026-06-15 19:57:36.216 [ERROR] database: Connection timeout after 2195ms
2026-06-15 19:57:36.716 [INFO] redis: Service restarted successfully
2026-06-15 19:57:37.216 [INFO] nginx: Health check passed
2026-06-15 19:57:37.716 [INFO] api-gateway: Health check passed
2026-06-15 19:57:38.216 [INFO] auth-service: Cache hit ratio 93%
2026-06-15 19:57:38.717 [INFO] nginx: Cache hit ratio 88%
2026-06-15 19:57:39.217 [DEBUG] nginx: Connection pool size 16
2026-06-15 19:57:39.717 [DEBUG] api-gateway: Connection pool size 19
2026-06-15 19:57:40.217 [INFO] auth-service: Cache hit ratio 86%
2026-06-15 19:57:40.717 [DEBUG] auth-service: Connection pool size 20
2026-06-15 19:57:41.217 [DEBUG] api-gateway: Connection pool size 6
2026-06-15 19:57:41.718 [DEBUG] user-service: Connection pool size 6
2026-06-15 19:57:42.218 [INFO] database: Health check passed
2026-06-15 19:57:42.718 [INFO] redis: Health check passed after recovery
2026-06-15 19:57:43.218 [INFO] auth-service: Cache hit ratio 83%
2026-06-15 19:57:43.718 [INFO] payment-service: Request processed successfully in 87ms
2026-06-15 19:57:44.218 [INFO] auth-service: Health check passed
2026-06-15 19:57:44.719 [INFO] nginx: Service restarted successfully
2026-06-15 19:57:45.219 [DEBUG] nginx: Connection pool size 19
2026-06-15 19:57:45.719 [DEBUG] api-gateway: Connection pool size 15
2026-06-15 19:57:46.219 [INFO] payment-service: Connection pool restored
2026-06-15 19:57:46.720 [INFO] payment-service: Health check passed
2026-06-15 19:57:47.220 [ERROR] database: Query failed - relation 'orders' does not exist
2026-06-15 19:57:47.720 [INFO] api-gateway: Service restarted successfully
2026-06-15 19:57:48.220 [DEBUG] nginx: Connection pool size 10
2026-06-15 19:57:48.720 [INFO] api-gateway: Connection pool restored
2026-06-15 19:57:49.221 [INFO] database: Request processed successfully in 134ms
2026-06-15 19:57:49.721 [ERROR] payment-service: Circuit breaker open for redis
2026-06-15 19:57:50.221 [ERROR] nginx: Request timeout after 40s
2026-06-15 19:57:50.721 [ERROR] database: Deadlock detected in transaction
2026-06-15 19:57:51.221 [ERROR] database: Connection timeout after 1317ms
2026-06-15 19:57:51.721 [INFO] nginx: Health check passed after recovery
2026-06-15 19:57:52.222 [INFO] database: Cache hit ratio 93%
2026-06-15 19:57:52.722 [INFO] database: Connection pool restored
2026-06-15 19:57:53.222 [INFO] api-gateway: Health check passed
2026-06-15 19:57:53.722 [INFO] redis: Health check passed after recovery
2026-06-15 19:57:54.222 [INFO] nginx: Health check passed
2026-06-15 19:57:54.722 [DEBUG] payment-service: Connection pool size 12
2026-06-15 19:57:55.223 [ERROR] api-gateway: Circuit breaker open for redis
2026-06-15 19:57:55.723 [INFO] user-service: Cache hit ratio 87%
2026-06-15 19:57:56.223 [INFO] user-service: Cache hit ratio 85%
2026-06-15 19:57:56.723 [CRITICAL] database: Service crashed
2026-06-15 19:57:57.223 [INFO] api-gateway: Request processed successfully in 57ms
2026-06-15 19:57:57.723 [INFO] database: Cache hit ratio 87%
2026-06-15 19:57:58.223 [ERROR] database: Connection timeout after 2233ms
2026-06-15 19:57:58.724 [INFO] user-service: Cache hit ratio 90%
2026-06-15 19:57:59.224 [DEBUG] auth-service: Connection pool size 5
2026-06-15 19:57:59.724 [INFO] user-service: Service restarted successfully
2026-06-15 19:58:00.224 [INFO] redis: Cache hit ratio 99%
2026-06-15 19:58:00.724 [DEBUG] nginx: Connection pool size 14
2026-06-15 19:58:01.224 [INFO] database: Request processed successfully in 173ms
2026-06-15 19:58:01.724 [INFO] auth-service: Request processed successfully in 141ms
2026-06-15 19:58:02.224 [ERROR] database: Query failed - relation 'orders' does not exist
2026-06-15 19:58:02.724 [INFO] database: Connection pool restored
2026-06-15 19:58:03.225 [INFO] nginx: Cache hit ratio 80%
2026-06-15 19:58:03.725 [DEBUG] payment-service: Connection pool size 20
2026-06-15 19:58:04.225 [DEBUG] payment-service: Connection pool size 16
2026-06-15 19:58:04.725 [INFO] database: Request processed successfully in 89ms
2026-06-15 19:58:05.225 [INFO] redis: Cache hit ratio 94%
2026-06-15 19:58:05.725 [CRITICAL] database: Connection pool exhausted
2026-06-15 19:58:06.225 [INFO] nginx: Cache hit ratio 89%
2026-06-15 19:58:06.726 [INFO] redis: Cache hit ratio 83%
2026-06-15 19:58:07.226 [INFO] nginx: Health check passed
2026-06-15 19:58:07.726 [INFO] api-gateway: Request processed successfully in 93ms
2026-06-15 19:58:08.226 [INFO] database: Health check passed after recovery
2026-06-15 19:58:08.726 [DEBUG] auth-service: Connection pool size 16
2026-06-15 19:58:09.226 [ERROR] database: Query failed - relation 'orders' does not exist
2026-06-15 19:58:09.726 [ERROR] database: Deadlock detected in transaction
2026-06-15 19:58:10.226 [INFO] auth-service: Cache hit ratio 99%
2026-06-15 19:58:10.726 [INFO] database: Cache hit ratio 92%
2026-06-15 19:58:11.227 [WARNING] user-service: Memory usage 86%
2026-06-15 19:58:11.727 [ERROR] database: Query failed - relation 'orders' does not exist
2026-06-15 19:58:12.227 [INFO] redis: Cache hit ratio 99%
2026-06-15 19:58:12.727 [INFO] payment-service: Health check passed
2026-06-15 19:58:13.227 [WARNING] redis: Memory usage 90%
2026-06-15 19:58:13.727 [DEBUG] auth-service: Connection pool size 6
2026-06-15 19:58:14.227 [INFO] api-gateway: Health check passed
2026-06-15 19:58:14.727 [INFO] redis: Health check passed
2026-06-15 19:58:15.227 [INFO] api-gateway: Cache hit ratio 91%
2026-06-15 19:58:15.728 [INFO] payment-service: Health check passed
2026-06-15 19:58:16.228 [ERROR] redis: Dependency failure from auth-service
2026-06-15 19:58:16.728 [ERROR] database: Deadlock detected in transaction
2026-06-15 19:58:17.228 [ERROR] database: Deadlock detected in transaction
