2026-06-15 19:15:09.259 [DEBUG] nginx: Connection pool size 5
2026-06-15 19:15:09.760 [INFO] api-gateway: Cache hit ratio 99%
2026-06-15 19:15:10.260 [DEBUG] nginx: Connection pool size 15
2026-06-15 19:15:10.760 [WARNING] database: Slow query detected (23s)
2026-06-15 19:15:11.260 [INFO] api-gateway: Health check passed
2026-06-15 19:15:11.760 [DEBUG] nginx: Connection pool size 19
2026-06-15 19:15:12.260 [INFO] redis: Health check passed
2026-06-15 19:15:12.760 [INFO] redis: Cache hit ratio 96%
2026-06-15 19:15:13.260 [INFO] user-service: Request processed successfully in 19ms
2026-06-15 19:15:13.760 [INFO] redis: Request processed successfully in 114ms
2026-06-15 19:15:14.261 [INFO] database: Connection pool restored
2026-06-15 19:15:14.761 [DEBUG] user-service: Connection pool size 20
2026-06-15 19:15:15.261 [INFO] nginx: Request processed successfully in 40ms
2026-06-15 19:15:15.761 [DEBUG] auth-service: Connection pool size 14
2026-06-15 19:15:16.261 [INFO] api-gateway: Health check passed
2026-06-15 19:15:16.761 [INFO] nginx: Health check passed
2026-06-15 19:15:17.261 [INFO] payment-service: Request processed successfully in 112ms
2026-06-15 19:15:17.761 [INFO] payment-service: Request processed successfully in 190ms
2026-06-15 19:15:18.261 [INFO] payment-service: Connection pool restored
2026-06-15 19:15:18.761 [INFO] database: Request processed successfully in 157ms
2026-06-15 19:15:19.262 [INFO] nginx: Service restarted successfully
2026-06-15 19:15:19.762 [INFO] redis: Health check passed
2026-06-15 19:15:20.262 [ERROR] database: Query failed - relation 'orders' does not exist
2026-06-15 19:15:20.762 [DEBUG] user-service: Connection pool size 16
2026-06-15 19:15:21.262 [INFO] api-gateway: Health check passed
2026-06-15 19:15:21.762 [INFO] user-service: Health check passed
2026-06-15 19:15:22.262 [DEBUG] auth-service: Connection pool size 13
2026-06-15 19:15:22.762 [DEBUG] user-service: Connection pool size 5
2026-06-15 19:15:23.262 [INFO] nginx: Cache hit ratio 93%
2026-06-15 19:15:23.762 [INFO] payment-service: Request processed successfully in 137ms
2026-06-15 19:15:24.263 [DEBUG] user-service: Connection pool size 6
2026-06-15 19:15:24.763 [INFO] database: Request processed successfully in 176ms
2026-06-15 19:15:25.263 [DEBUG] redis: Connection pool size 6
2026-06-15 19:15:25.763 [INFO] nginx: Health check passed
2026-06-15 19:15:26.263 [ERROR] redis: Request timeout after 30s
2026-06-15 19:15:26.763 [INFO] redis: Health check passed
2026-06-15 19:15:27.263 [INFO] database: Request processed successfully in 23ms
2026-06-15 19:15:27.763 [ERROR] user-service: Request timeout after 37s
2026-06-15 19:15:28.263 [DEBUG] nginx: Connection pool size 12
2026-06-15 19:15:28.764 [INFO] auth-service: Health check passed after recovery
2026-06-15 19:15:29.264 [INFO] database: Request processed successfully in 25ms
2026-06-15 19:15:29.764 [INFO] payment-service: Health check passed
2026-06-15 19:15:30.264 [CRITICAL] nginx: Out of memory error - process killed
2026-06-15 19:15:30.764 [INFO] database: Health check passed
2026-06-15 19:15:31.264 [DEBUG] payment-service: Connection pool size 17
2026-06-15 19:15:31.764 [INFO] user-service: Request processed successfully in 156ms
2026-06-15 19:15:32.264 [DEBUG] database: Connection pool size 16
2026-06-15 19:15:32.764 [ERROR] database: Query failed - relation 'orders' does not exist
2026-06-15 19:15:33.265 [DEBUG] user-service: Connection pool size 18
2026-06-15 19:15:33.765 [DEBUG] auth-service: Connection pool size 16
2026-06-15 19:15:34.265 [DEBUG] payment-service: Connection pool size 7
2026-06-15 19:15:34.765 [DEBUG] database: Connection pool size 15
2026-06-15 19:15:35.265 [DEBUG] user-service: Connection pool size 17
2026-06-15 19:15:35.765 [CRITICAL] database: Connection pool exhausted
2026-06-15 19:15:36.265 [INFO] payment-service: Request processed successfully in 121ms
2026-06-15 19:15:36.766 [INFO] database: Health check passed
2026-06-15 19:15:37.266 [INFO] database: Health check passed
2026-06-15 19:15:37.766 [CRITICAL] auth-service: Out of memory error - process killed
2026-06-15 19:15:38.266 [INFO] database: Cache hit ratio 87%
2026-06-15 19:15:38.766 [INFO] nginx: Cache hit ratio 88%
2026-06-15 19:15:39.266 [INFO] nginx: Cache hit ratio 96%
2026-06-15 19:15:39.766 [INFO] payment-service: Request processed successfully in 101ms
2026-06-15 19:15:40.267 [CRITICAL] auth-service: Out of memory error - process killed
2026-06-15 19:15:40.767 [DEBUG] payment-service: Connection pool size 7
2026-06-15 19:15:41.267 [INFO] nginx: Cache hit ratio 85%
2026-06-15 19:15:41.767 [INFO] user-service: Health check passed
2026-06-15 19:15:42.267 [ERROR] database: Connection timeout after 2020ms
2026-06-15 19:15:42.767 [INFO] redis: Health check passed
2026-06-15 19:15:43.267 [INFO] auth-service: Health check passed after recovery
2026-06-15 19:15:43.767 [INFO] nginx: Request processed successfully in 107ms
2026-06-15 19:15:44.267 [DEBUG] auth-service: Connection pool size 19
2026-06-15 19:15:44.768 [INFO] auth-service: Health check passed after recovery
2026-06-15 19:15:45.268 [INFO] auth-service: Cache hit ratio 97%
2026-06-15 19:15:45.768 [INFO] redis: Request processed successfully in 137ms
2026-06-15 19:15:46.268 [INFO] database: Request processed successfully in 103ms
2026-06-15 19:15:46.768 [INFO] auth-service: Request processed successfully in 140ms
2026-06-15 19:15:47.268 [DEBUG] user-service: Connection pool size 11
2026-06-15 19:15:47.768 [INFO] auth-service: Service restarted successfully
2026-06-15 19:15:48.268 [INFO] auth-service: Connection pool restored
2026-06-15 19:15:48.768 [DEBUG] database: Connection pool size 15
2026-06-15 19:15:49.268 [INFO] nginx: Cache hit ratio 86%
2026-06-15 19:15:49.769 [INFO] database: Cache hit ratio 81%
2026-06-15 19:15:50.269 [ERROR] database: Connection timeout after 3433ms
2026-06-15 19:15:50.769 [INFO] user-service: Cache hit ratio 85%
2026-06-15 19:15:51.269 [DEBUG] redis: Connection pool size 9
2026-06-15 19:15:51.769 [CRITICAL] redis: Out of memory error - process killed
2026-06-15 19:15:52.269 [ERROR] database: Deadlock detected in transaction
2026-06-15 19:15:52.769 [INFO] redis: Connection pool restored
2026-06-15 19:15:53.269 [INFO] auth-service: Cache hit ratio 89%
2026-06-15 19:15:53.769 [INFO] database: Cache hit ratio 92%
2026-06-15 19:15:54.269 [INFO] nginx: Health check passed
2026-06-15 19:15:54.770 [INFO] api-gateway: Request processed successfully in 28ms
2026-06-15 19:15:55.270 [DEBUG] payment-service: Connection pool size 19
2026-06-15 19:15:55.770 [INFO] payment-service: Cache hit ratio 84%
2026-06-15 19:15:56.270 [DEBUG] api-gateway: Connection pool size 11
2026-06-15 19:15:56.770 [INFO] payment-service: Request processed successfully in 18ms
2026-06-15 19:15:57.270 [WARNING] redis: Memory usage 94%
2026-06-15 19:15:57.770 [INFO] database: Health check passed
2026-06-15 19:15:58.270 [ERROR] database: Query failed - relation 'orders' does not exist
2026-06-15 19:15:58.770 [WARNING] nginx: Memory usage 86%
2026-06-15 19:15:59.270 [ERROR] database: Deadlock detected in transaction
2026-06-15 19:15:59.771 [DEBUG] redis: Connection pool size 9
2026-06-15 19:16:00.271 [INFO] auth-service: Health check passed
2026-06-15 19:16:00.771 [INFO] payment-service: Cache hit ratio 99%
2026-06-15 19:16:01.271 [ERROR] database: Connection timeout after 4879ms
2026-06-15 19:16:01.771 [WARNING] redis: Slow query detected (19s)
2026-06-15 19:16:02.271 [DEBUG] user-service: Connection pool size 16
2026-06-15 19:16:02.771 [INFO] payment-service: Request processed successfully in 56ms
2026-06-15 19:16:03.271 [DEBUG] user-service: Connection pool size 20
2026-06-15 19:16:03.772 [WARNING] nginx: GC overhead limit reached
2026-06-15 19:16:04.272 [INFO] user-service: Request processed successfully in 88ms
2026-06-15 19:16:04.772 [INFO] api-gateway: Cache hit ratio 88%
2026-06-15 19:16:05.272 [INFO] nginx: Health check passed
2026-06-15 19:16:05.772 [DEBUG] api-gateway: Connection pool size 17
2026-06-15 19:16:06.272 [INFO] redis: Health check passed
2026-06-15 19:16:06.772 [INFO] redis: Connection pool restored
2026-06-15 19:16:07.273 [INFO] api-gateway: Health check passed
2026-06-15 19:16:07.773 [DEBUG] database: Connection pool size 18
2026-06-15 19:16:08.273 [INFO] api-gateway: Health check passed
2026-06-15 19:16:08.773 [INFO] database: Health check passed
2026-06-15 19:16:09.273 [WARNING] nginx: Slow query detected (18s)
2026-06-15 19:16:09.773 [ERROR] database: Connection timeout after 4505ms
2026-06-15 19:16:10.273 [INFO] auth-service: Request processed successfully in 107ms
2026-06-15 19:16:10.774 [DEBUG] database: Connection pool size 20
2026-06-15 19:16:11.274 [ERROR] api-gateway: Upstream service unavailable
2026-06-15 19:16:11.774 [INFO] auth-service: Cache hit ratio 98%
2026-06-15 19:16:12.274 [INFO] auth-service: Cache hit ratio 98%
2026-06-15 19:16:12.774 [CRITICAL] database: Connection pool exhausted
2026-06-15 19:16:13.274 [DEBUG] api-gateway: Connection pool size 12
2026-06-15 19:16:13.774 [DEBUG] api-gateway: Connection pool size 9
2026-06-15 19:16:14.274 [INFO] user-service: Cache hit ratio 99%
2026-06-15 19:16:14.774 [DEBUG] database: Connection pool size 9
2026-06-15 19:16:15.275 [INFO] user-service: Cache hit ratio 97%
2026-06-15 19:16:15.775 [DEBUG] database: Connection pool size 14
2026-06-15 19:16:16.275 [INFO] api-gateway: Request processed successfully in 53ms
2026-06-15 19:16:16.775 [DEBUG] auth-service: Connection pool size 17
2026-06-15 19:16:17.275 [ERROR] database: Deadlock detected in transaction
2026-06-15 19:16:17.775 [INFO] auth-service: Health check passed
2026-06-15 19:16:18.275 [INFO] redis: Request processed successfully in 69ms
2026-06-15 19:16:18.775 [INFO] auth-service: Request processed successfully in 44ms
2026-06-15 19:16:19.276 [DEBUG] redis: Connection pool size 20
2026-06-15 19:16:19.776 [INFO] nginx: Service restarted successfully
2026-06-15 19:16:20.276 [INFO] payment-service: Cache hit ratio 80%
2026-06-15 19:16:20.776 [INFO] database: Health check passed
2026-06-15 19:16:21.276 [INFO] nginx: Health check passed
2026-06-15 19:16:21.776 [DEBUG] api-gateway: Connection pool size 6
2026-06-15 19:16:22.277 [INFO] auth-service: Health check passed
2026-06-15 19:16:22.777 [INFO] database: Request processed successfully in 180ms
2026-06-15 19:16:23.277 [WARNING] database: Memory usage 95%
2026-06-15 19:16:23.777 [INFO] auth-service: Cache hit ratio 91%
2026-06-15 19:16:24.277 [INFO] user-service: Cache hit ratio 99%
2026-06-15 19:16:24.777 [DEBUG] nginx: Connection pool size 10
2026-06-15 19:16:25.277 [INFO] auth-service: Cache hit ratio 97%
2026-06-15 19:16:25.777 [INFO] api-gateway: Cache hit ratio 95%
2026-06-15 19:16:26.277 [INFO] database: Health check passed
2026-06-15 19:16:26.778 [DEBUG] auth-service: Connection pool size 7
2026-06-15 19:16:27.278 [DEBUG] auth-service: Connection pool size 17
2026-06-15 19:16:27.778 [INFO] database: Request processed successfully in 128ms
2026-06-15 19:16:28.278 [INFO] database: Health check passed
2026-06-15 19:16:28.778 [INFO] payment-service: Health check passed
2026-06-15 19:16:29.278 [INFO] database: Health check passed
2026-06-15 19:16:29.778 [INFO] user-service: Health check passed
2026-06-15 19:16:30.278 [INFO] user-service: Cache hit ratio 88%
2026-06-15 19:16:30.779 [ERROR] database: Connection timeout after 3071ms
2026-06-15 19:16:31.279 [INFO] nginx: Request processed successfully in 118ms
2026-06-15 19:16:31.779 [INFO] redis: Health check passed after recovery
2026-06-15 19:16:32.279 [INFO] auth-service: Request processed successfully in 172ms
2026-06-15 19:16:32.779 [INFO] api-gateway: Health check passed
2026-06-15 19:16:33.279 [INFO] payment-service: Request processed successfully in 29ms
2026-06-15 19:16:33.779 [INFO] nginx: Health check passed
2026-06-15 19:16:34.279 [DEBUG] user-service: Connection pool size 7
2026-06-15 19:16:34.779 [INFO] redis: Health check passed after recovery
2026-06-15 19:16:35.280 [DEBUG] user-service: Connection pool size 5
2026-06-15 19:16:35.780 [INFO] database: Health check passed
2026-06-15 19:16:36.280 [INFO] database: Health check passed
2026-06-15 19:16:36.780 [ERROR] database: Connection timeout after 3661ms
2026-06-15 19:16:37.280 [INFO] nginx: Service restarted successfully
2026-06-15 19:16:37.780 [ERROR] payment-service: Circuit breaker open for database
2026-06-15 19:16:38.280 [ERROR] user-service: Request timeout after 60s
2026-06-15 19:16:38.781 [INFO] database: Cache hit ratio 80%
2026-06-15 19:16:39.281 [INFO] api-gateway: Connection pool restored
2026-06-15 19:16:39.781 [DEBUG] redis: Connection pool size 12
2026-06-15 19:16:40.281 [CRITICAL] database: Connection pool exhausted
2026-06-15 19:16:40.781 [INFO] api-gateway: Request processed successfully in 68ms
2026-06-15 19:16:41.281 [DEBUG] redis: Connection pool size 10
2026-06-15 19:16:41.781 [INFO] user-service: Request processed successfully in 153ms
2026-06-15 19:16:42.281 [INFO] user-service: Health check passed
2026-06-15 19:16:42.781 [INFO] user-service: Health check passed
2026-06-15 19:16:43.282 [INFO] nginx: Request processed successfully in 102ms
2026-06-15 19:16:43.782 [INFO] database: Cache hit ratio 92%
2026-06-15 19:16:44.282 [INFO] redis: Connection pool restored
2026-06-15 19:16:44.782 [WARNING] api-gateway: GC overhead limit reached
2026-06-15 19:16:45.282 [INFO] auth-service: Cache hit ratio 92%
2026-06-15 19:16:45.782 [ERROR] redis: Upstream service unavailable
2026-06-15 19:16:46.282 [INFO] database: Cache hit ratio 97%
2026-06-15 19:16:46.782 [INFO] user-service: Health check passed
2026-06-15 19:16:47.283 [ERROR] database: Deadlock detected in transaction
2026-06-15 19:16:47.783 [INFO] payment-service: Request processed successfully in 176ms
2026-06-15 19:16:48.283 [DEBUG] auth-service: Connection pool size 9
2026-06-15 19:16:48.783 [INFO] auth-service: Cache hit ratio 91%
2026-06-15 19:16:49.283 [INFO] auth-service: Request processed successfully in 186ms
2026-06-15 19:16:49.783 [INFO] payment-service: Cache hit ratio 93%
2026-06-15 19:16:50.283 [INFO] api-gateway: Cache hit ratio 93%
2026-06-15 19:16:50.784 [ERROR] auth-service: Dependency failure from redis
2026-06-15 19:16:51.284 [INFO] user-service: Health check passed after recovery
2026-06-15 19:16:51.784 [DEBUG] api-gateway: Connection pool size 11
2026-06-15 19:16:52.284 [ERROR] database: Deadlock detected in transaction
2026-06-15 19:16:52.784 [ERROR] database: Deadlock detected in transaction
2026-06-15 19:16:53.284 [INFO] user-service: Health check passed
2026-06-15 19:16:53.784 [DEBUG] redis: Connection pool size 19
2026-06-15 19:16:54.284 [INFO] nginx: Request processed successfully in 157ms
2026-06-15 19:16:54.785 [INFO] payment-service: Request processed successfully in 139ms
2026-06-15 19:16:55.285 [INFO] api-gateway: Cache hit ratio 84%
2026-06-15 19:16:55.785 [INFO] database: Request processed successfully in 162ms
2026-06-15 19:16:56.285 [INFO] payment-service: Health check passed
2026-06-15 19:16:56.785 [WARNING] payment-service: Slow query detected (24s)
2026-06-15 19:16:57.285 [CRITICAL] database: Connection pool exhausted
2026-06-15 19:16:57.785 [ERROR] database: Deadlock detected in transaction
2026-06-15 19:16:58.285 [INFO] redis: Request processed successfully in 199ms
2026-06-15 19:16:58.785 [WARNING] payment-service: Slow query detected (9s)
2026-06-15 19:16:59.286 [ERROR] database: Query failed - relation 'orders' does not exist
2026-06-15 19:16:59.786 [CRITICAL] auth-service: Out of memory error - process killed
2026-06-15 19:17:00.286 [INFO] auth-service: Connection pool restored
2026-06-15 19:17:00.786 [INFO] redis: Request processed successfully in 17ms
2026-06-15 19:17:01.286 [INFO] redis: Health check passed
2026-06-15 19:17:01.786 [WARNING] redis: GC overhead limit reached
2026-06-15 19:17:02.286 [INFO] user-service: Health check passed
2026-06-15 19:17:02.786 [WARNING] redis: Memory usage 87%
2026-06-15 19:17:03.286 [INFO] user-service: Request processed successfully in 108ms
2026-06-15 19:17:03.786 [INFO] redis: Request processed successfully in 87ms
2026-06-15 19:17:04.287 [ERROR] database: Deadlock detected in transaction
2026-06-15 19:17:04.787 [INFO] nginx: Cache hit ratio 86%
2026-06-15 19:17:05.287 [ERROR] database: Query failed - relation 'orders' does not exist
2026-06-15 19:17:05.787 [INFO] user-service: Cache hit ratio 89%
2026-06-15 19:17:06.317 [DEBUG] payment-service: Connection pool size 16
2026-06-15 19:17:06.817 [INFO] auth-service: Request processed successfully in 169ms
2026-06-15 19:17:07.317 [INFO] user-service: Request processed successfully in 37ms
2026-06-15 19:17:07.817 [INFO] nginx: Cache hit ratio 97%
2026-06-15 19:17:08.318 [DEBUG] nginx: Connection pool size 6
2026-06-15 19:17:08.818 [ERROR] user-service: Upstream service unavailable
2026-06-15 19:17:09.318 [DEBUG] database: Connection pool size 10
2026-06-15 19:17:09.818 [INFO] user-service: Health check passed after recovery
2026-06-15 19:17:10.318 [INFO] database: Request processed successfully in 66ms
2026-06-15 19:17:10.818 [INFO] auth-service: Health check passed
2026-06-15 19:17:11.318 [INFO] api-gateway: Health check passed
2026-06-15 19:17:11.818 [INFO] payment-service: Request processed successfully in 29ms
2026-06-15 19:17:12.318 [INFO] payment-service: Health check passed
2026-06-15 19:17:12.819 [INFO] nginx: Cache hit ratio 86%
2026-06-15 19:17:13.319 [INFO] user-service: Cache hit ratio 86%
2026-06-15 19:17:13.819 [INFO] api-gateway: Cache hit ratio 98%
2026-06-15 19:17:14.319 [INFO] redis: Health check passed
2026-06-15 19:17:14.819 [ERROR] nginx: Upstream service unavailable
2026-06-15 19:17:15.319 [INFO] payment-service: Request processed successfully in 71ms
2026-06-15 19:17:15.819 [ERROR] database: Deadlock detected in transaction
2026-06-15 19:17:16.319 [INFO] database: Connection pool restored
2026-06-15 19:17:16.819 [ERROR] database: Request timeout after 38s
2026-06-15 19:17:17.320 [WARNING] payment-service: Slow query detected (20s)
2026-06-15 19:17:17.820 [ERROR] database: Query failed - relation 'orders' does not exist
2026-06-15 19:17:18.320 [DEBUG] payment-service: Connection pool size 12
2026-06-15 19:17:18.820 [INFO] payment-service: Health check passed
2026-06-15 19:17:19.320 [INFO] redis: Connection pool restored
2026-06-15 19:17:19.820 [DEBUG] nginx: Connection pool size 19
2026-06-15 19:17:20.320 [INFO] redis: Cache hit ratio 99%
2026-06-15 19:17:20.820 [ERROR] auth-service: Upstream service unavailable
2026-06-15 19:17:21.321 [INFO] api-gateway: Request processed successfully in 194ms
2026-06-15 19:17:21.821 [INFO] auth-service: Request processed successfully in 174ms
2026-06-15 19:17:22.321 [INFO] database: Connection pool restored
2026-06-15 19:17:22.821 [INFO] database: Request processed successfully in 154ms
2026-06-15 19:17:23.321 [INFO] auth-service: Request processed successfully in 180ms
2026-06-15 19:17:23.821 [INFO] user-service: Request processed successfully in 147ms
2026-06-15 19:17:24.321 [DEBUG] api-gateway: Connection pool size 19
2026-06-15 19:17:24.822 [INFO] api-gateway: Request processed successfully in 32ms
2026-06-15 19:17:25.322 [ERROR] auth-service: Dependency failure from payment-service
2026-06-15 19:17:25.822 [DEBUG] redis: Connection pool size 20
2026-06-15 19:17:26.322 [DEBUG] redis: Connection pool size 13
2026-06-15 19:17:26.822 [DEBUG] api-gateway: Connection pool size 14
2026-06-15 19:17:27.322 [DEBUG] nginx: Connection pool size 20
2026-06-15 19:17:27.822 [INFO] database: Request processed successfully in 187ms
2026-06-15 19:17:28.322 [INFO] database: Cache hit ratio 97%
2026-06-15 19:17:28.823 [DEBUG] nginx: Connection pool size 18
2026-06-15 19:17:29.323 [DEBUG] auth-service: Connection pool size 13
2026-06-15 19:17:29.823 [INFO] redis: Health check passed
2026-06-15 19:17:30.323 [WARNING] api-gateway: Memory usage 87%
2026-06-15 19:17:30.823 [INFO] payment-service: Request processed successfully in 189ms
2026-06-15 19:17:31.323 [INFO] auth-service: Service restarted successfully
2026-06-15 19:17:31.823 [INFO] payment-service: Health check passed
2026-06-15 19:17:32.323 [INFO] database: Cache hit ratio 85%
2026-06-15 19:17:32.824 [INFO] nginx: Service restarted successfully
2026-06-15 19:17:33.324 [INFO] database: Request processed successfully in 185ms
2026-06-15 19:17:33.824 [INFO] database: Request processed successfully in 92ms
2026-06-15 19:17:34.324 [INFO] nginx: Health check passed
2026-06-15 19:17:34.824 [DEBUG] payment-service: Connection pool size 20
2026-06-15 19:17:35.324 [INFO] nginx: Connection pool restored
2026-06-15 19:17:35.824 [INFO] payment-service: Health check passed
2026-06-15 19:17:36.324 [INFO] payment-service: Request processed successfully in 101ms
2026-06-15 19:17:36.824 [DEBUG] user-service: Connection pool size 5
2026-06-15 19:17:37.324 [INFO] auth-service: Service restarted successfully
2026-06-15 19:17:37.825 [CRITICAL] database: Connection pool exhausted
2026-06-15 19:17:38.325 [INFO] payment-service: Request processed successfully in 85ms
2026-06-15 19:17:38.825 [DEBUG] redis: Connection pool size 19
2026-06-15 19:17:39.325 [DEBUG] api-gateway: Connection pool size 6
2026-06-15 19:17:39.825 [INFO] auth-service: Cache hit ratio 95%
2026-06-15 19:17:40.325 [INFO] auth-service: Request processed successfully in 79ms
2026-06-15 19:17:40.825 [INFO] user-service: Health check passed
2026-06-15 19:17:41.325 [CRITICAL] database: Connection pool exhausted
2026-06-15 19:17:41.825 [INFO] payment-service: Request processed successfully in 180ms
2026-06-15 19:17:42.325 [INFO] user-service: Cache hit ratio 94%
2026-06-15 19:17:42.826 [INFO] user-service: Health check passed
2026-06-15 19:17:43.326 [DEBUG] redis: Connection pool size 6
2026-06-15 19:17:43.826 [INFO] nginx: Cache hit ratio 98%
2026-06-15 19:17:44.326 [INFO] auth-service: Cache hit ratio 94%
2026-06-15 19:17:44.826 [DEBUG] auth-service: Connection pool size 10
2026-06-15 19:17:45.326 [INFO] redis: Cache hit ratio 92%
2026-06-15 19:17:45.826 [DEBUG] database: Connection pool size 17
2026-06-15 19:17:46.326 [INFO] redis: Health check passed
2026-06-15 19:17:46.826 [INFO] redis: Cache hit ratio 80%
2026-06-15 19:17:47.327 [INFO] api-gateway: Health check passed
2026-06-15 19:17:47.827 [ERROR] database: Deadlock detected in transaction
2026-06-15 19:17:48.327 [DEBUG] redis: Connection pool size 13
2026-06-15 19:17:48.827 [DEBUG] user-service: Connection pool size 5
2026-06-15 19:17:49.327 [INFO] payment-service: Request processed successfully in 117ms
2026-06-15 19:17:49.827 [INFO] database: Service restarted successfully
2026-06-15 19:17:50.327 [WARNING] database: Memory usage 89%
2026-06-15 19:17:50.827 [INFO] api-gateway: Health check passed
2026-06-15 19:17:51.328 [INFO] payment-service: Health check passed
2026-06-15 19:17:51.828 [DEBUG] payment-service: Connection pool size 17
2026-06-15 19:17:52.328 [INFO] user-service: Request processed successfully in 127ms
2026-06-15 19:17:52.828 [DEBUG] payment-service: Connection pool size 15
2026-06-15 19:17:53.328 [WARNING] auth-service: GC overhead limit reached
2026-06-15 19:17:53.828 [DEBUG] database: Connection pool size 7
2026-06-15 19:17:54.329 [INFO] api-gateway: Health check passed
2026-06-15 19:17:54.829 [ERROR] api-gateway: Circuit breaker open for nginx
2026-06-15 19:17:55.329 [ERROR] database: Connection timeout after 1199ms
2026-06-15 19:17:55.829 [DEBUG] api-gateway: Connection pool size 17
2026-06-15 19:17:56.329 [INFO] database: Cache hit ratio 88%
2026-06-15 19:17:56.829 [INFO] database: Request processed successfully in 50ms
2026-06-15 19:17:57.329 [DEBUG] payment-service: Connection pool size 5
2026-06-15 19:17:57.830 [INFO] user-service: Request processed successfully in 159ms
2026-06-15 19:17:58.330 [INFO] auth-service: Service restarted successfully
2026-06-15 19:17:58.830 [INFO] nginx: Cache hit ratio 86%
2026-06-15 19:17:59.330 [INFO] database: Health check passed after recovery
2026-06-15 19:17:59.830 [INFO] payment-service: Health check passed
2026-06-15 19:18:00.330 [DEBUG] auth-service: Connection pool size 14
2026-06-15 19:18:00.831 [WARNING] payment-service: Slow query detected (12s)
2026-06-15 19:18:01.331 [INFO] api-gateway: Cache hit ratio 99%
2026-06-15 19:18:01.831 [INFO] nginx: Request processed successfully in 62ms
2026-06-15 19:18:02.331 [INFO] user-service: Service restarted successfully
2026-06-15 19:18:02.831 [INFO] database: Connection pool restored
2026-06-15 19:18:03.331 [CRITICAL] database: Connection pool exhausted
2026-06-15 19:18:03.831 [INFO] redis: Cache hit ratio 82%
2026-06-15 19:18:04.332 [DEBUG] database: Connection pool size 17
2026-06-15 19:18:04.832 [INFO] payment-service: Cache hit ratio 82%
2026-06-15 19:18:05.332 [INFO] api-gateway: Health check passed
2026-06-15 19:18:05.832 [DEBUG] user-service: Connection pool size 5
2026-06-15 19:18:06.332 [DEBUG] redis: Connection pool size 16
2026-06-15 19:18:06.832 [INFO] nginx: Request processed successfully in 114ms
2026-06-15 19:18:07.332 [CRITICAL] database: Connection pool exhausted
2026-06-15 19:18:07.832 [ERROR] database: Query failed - relation 'orders' does not exist
2026-06-15 19:18:08.332 [INFO] auth-service: Request processed successfully in 128ms
2026-06-15 19:18:08.833 [DEBUG] redis: Connection pool size 12
2026-06-15 19:18:09.333 [INFO] user-service: Health check passed
2026-06-15 19:18:09.833 [INFO] user-service: Cache hit ratio 99%
2026-06-15 19:18:10.333 [INFO] database: Health check passed
2026-06-15 19:18:10.833 [DEBUG] redis: Connection pool size 6
2026-06-15 19:18:11.333 [DEBUG] api-gateway: Connection pool size 9
2026-06-15 19:18:11.833 [DEBUG] database: Connection pool size 9
2026-06-15 19:18:12.333 [INFO] database: Cache hit ratio 80%
2026-06-15 19:18:12.834 [ERROR] nginx: Circuit breaker open for payment-service
2026-06-15 19:18:13.334 [INFO] auth-service: Request processed successfully in 104ms
2026-06-15 19:18:13.834 [INFO] user-service: Cache hit ratio 86%
2026-06-15 19:18:14.334 [CRITICAL] database: Connection pool exhausted
2026-06-15 19:18:14.834 [DEBUG] nginx: Connection pool size 5
2026-06-15 19:18:15.334 [INFO] redis: Health check passed
2026-06-15 19:18:15.834 [INFO] payment-service: Health check passed
2026-06-15 19:18:16.334 [INFO] api-gateway: Cache hit ratio 99%
2026-06-15 19:18:16.835 [INFO] nginx: Cache hit ratio 90%
2026-06-15 19:18:17.335 [INFO] user-service: Request processed successfully in 180ms
2026-06-15 19:18:17.835 [INFO] auth-service: Cache hit ratio 92%
2026-06-15 19:18:18.335 [CRITICAL] api-gateway: Out of memory error - process killed
2026-06-15 19:18:18.835 [INFO] auth-service: Request processed successfully in 135ms
2026-06-15 19:18:19.335 [INFO] user-service: Request processed successfully in 180ms
2026-06-15 19:18:19.835 [INFO] payment-service: Health check passed
2026-06-15 19:18:20.335 [INFO] database: Health check passed
2026-06-15 19:18:20.836 [INFO] redis: Cache hit ratio 98%
2026-06-15 19:18:21.336 [INFO] api-gateway: Health check passed
2026-06-15 19:18:21.836 [ERROR] database: Connection timeout after 4681ms
2026-06-15 19:18:22.336 [INFO] auth-service: Cache hit ratio 89%
2026-06-15 19:18:22.836 [DEBUG] nginx: Connection pool size 18
2026-06-15 19:18:23.336 [INFO] nginx: Connection pool restored
2026-06-15 19:18:23.836 [INFO] api-gateway: Request processed successfully in 12ms
2026-06-15 19:18:24.336 [INFO] user-service: Cache hit ratio 97%
2026-06-15 19:18:24.836 [INFO] redis: Health check passed
2026-06-15 19:18:25.337 [DEBUG] nginx: Connection pool size 11
2026-06-15 19:18:25.837 [DEBUG] api-gateway: Connection pool size 18
2026-06-15 19:18:26.337 [INFO] api-gateway: Cache hit ratio 88%
2026-06-15 19:18:26.837 [ERROR] database: Deadlock detected in transaction
2026-06-15 19:18:27.337 [DEBUG] redis: Connection pool size 11
2026-06-15 19:18:27.837 [ERROR] database: Deadlock detected in transaction
2026-06-15 19:18:28.337 [ERROR] database: Deadlock detected in transaction
2026-06-15 19:18:28.837 [DEBUG] api-gateway: Connection pool size 12
2026-06-15 19:18:29.337 [DEBUG] user-service: Connection pool size 19
2026-06-15 19:18:29.838 [INFO] auth-service: Cache hit ratio 99%
2026-06-15 19:18:30.338 [CRITICAL] database: Connection pool exhausted
2026-06-15 19:18:30.838 [INFO] auth-service: Service restarted successfully
2026-06-15 19:18:31.338 [INFO] payment-service: Request processed successfully in 142ms
2026-06-15 19:18:31.838 [DEBUG] database: Connection pool size 10
2026-06-15 19:18:32.338 [CRITICAL] database: Connection pool exhausted
2026-06-15 19:18:32.838 [INFO] nginx: Cache hit ratio 93%
2026-06-15 19:18:33.339 [DEBUG] payment-service: Connection pool size 17
2026-06-15 19:18:33.839 [ERROR] nginx: Circuit breaker open for database
2026-06-15 19:18:34.339 [INFO] nginx: Connection pool restored
2026-06-15 19:18:34.839 [INFO] database: Service restarted successfully
2026-06-15 19:18:35.339 [DEBUG] api-gateway: Connection pool size 17
2026-06-15 19:18:35.839 [INFO] user-service: Cache hit ratio 83%
2026-06-15 19:18:36.339 [INFO] user-service: Health check passed
2026-06-15 19:18:36.840 [INFO] database: Cache hit ratio 98%
2026-06-15 19:18:37.340 [INFO] user-service: Cache hit ratio 87%
2026-06-15 19:18:37.840 [INFO] nginx: Request processed successfully in 108ms
2026-06-15 19:18:38.340 [INFO] api-gateway: Request processed successfully in 150ms
2026-06-15 19:18:38.840 [INFO] nginx: Request processed successfully in 23ms
2026-06-15 19:18:39.340 [INFO] user-service: Request processed successfully in 44ms
2026-06-15 19:18:39.840 [INFO] api-gateway: Health check passed
2026-06-15 19:18:40.340 [CRITICAL] redis: Out of memory error - process killed
2026-06-15 19:18:40.840 [DEBUG] auth-service: Connection pool size 6
2026-06-15 19:18:41.341 [WARNING] database: GC overhead limit reached
2026-06-15 19:18:41.841 [INFO] api-gateway: Cache hit ratio 93%
2026-06-15 19:18:42.341 [INFO] api-gateway: Cache hit ratio 83%
2026-06-15 19:18:42.841 [INFO] redis: Cache hit ratio 94%
2026-06-15 19:18:43.341 [INFO] redis: Request processed successfully in 121ms
2026-06-15 19:18:43.841 [DEBUG] api-gateway: Connection pool size 12
2026-06-15 19:18:44.341 [INFO] redis: Health check passed
2026-06-15 19:18:44.841 [WARNING] auth-service: Memory usage 87%
2026-06-15 19:18:45.341 [INFO] payment-service: Request processed successfully in 180ms
2026-06-15 19:18:45.842 [WARNING] user-service: Slow query detected (23s)
2026-06-15 19:18:46.342 [INFO] auth-service: Cache hit ratio 81%
2026-06-15 19:18:46.842 [DEBUG] payment-service: Connection pool size 8
2026-06-15 19:18:47.342 [INFO] payment-service: Cache hit ratio 96%
2026-06-15 19:18:47.842 [INFO] database: Health check passed
2026-06-15 19:18:48.342 [INFO] auth-service: Cache hit ratio 98%
2026-06-15 19:18:48.842 [INFO] user-service: Service restarted successfully
2026-06-15 19:18:49.342 [DEBUG] database: Connection pool size 20
2026-06-15 19:18:49.842 [INFO] database: Cache hit ratio 82%
2026-06-15 19:18:50.342 [INFO] nginx: Cache hit ratio 91%
2026-06-15 19:18:50.843 [WARNING] payment-service: Slow query detected (11s)
2026-06-15 19:18:51.343 [INFO] nginx: Request processed successfully in 108ms
2026-06-15 19:18:51.843 [INFO] database: Cache hit ratio 87%
2026-06-15 19:18:52.343 [INFO] redis: Connection pool restored
2026-06-15 19:18:52.843 [INFO] user-service: Request processed successfully in 100ms
2026-06-15 19:18:53.343 [DEBUG] user-service: Connection pool size 14
2026-06-15 19:18:53.843 [INFO] database: Cache hit ratio 88%
2026-06-15 19:18:54.343 [INFO] database: Health check passed
2026-06-15 19:18:54.843 [ERROR] database: Query failed - relation 'orders' does not exist
2026-06-15 19:18:55.344 [WARNING] nginx: GC overhead limit reached
2026-06-15 19:18:55.844 [INFO] payment-service: Health check passed
2026-06-15 19:18:56.344 [ERROR] redis: Circuit breaker open for api-gateway
2026-06-15 19:18:56.844 [INFO] redis: Request processed successfully in 104ms
2026-06-15 19:18:57.344 [DEBUG] database: Connection pool size 9
2026-06-15 19:18:57.844 [INFO] database: Health check passed after recovery
2026-06-15 19:18:58.344 [ERROR] database: Query failed - relation 'orders' does not exist
2026-06-15 19:18:58.844 [INFO] auth-service: Request processed successfully in 186ms
2026-06-15 19:18:59.344 [WARNING] payment-service: GC overhead limit reached
2026-06-15 19:18:59.844 [INFO] database: Health check passed
2026-06-15 19:19:00.345 [INFO] redis: Cache hit ratio 85%
2026-06-15 19:19:00.845 [INFO] api-gateway: Request processed successfully in 24ms
2026-06-15 19:19:01.345 [ERROR] api-gateway: Upstream service unavailable
2026-06-15 19:19:01.845 [INFO] database: Cache hit ratio 86%
2026-06-15 19:19:02.345 [INFO] nginx: Health check passed after recovery
2026-06-15 19:19:02.845 [CRITICAL] database: Connection pool exhausted
2026-06-15 19:19:03.345 [CRITICAL] database: Connection pool exhausted
2026-06-15 19:19:03.845 [INFO] nginx: Cache hit ratio 81%
2026-06-15 19:19:04.345 [INFO] payment-service: Cache hit ratio 90%
2026-06-15 19:19:04.846 [INFO] payment-service: Request processed successfully in 179ms
2026-06-15 19:19:05.346 [INFO] payment-service: Cache hit ratio 89%
2026-06-15 19:19:05.846 [ERROR] database: Query failed - relation 'orders' does not exist
2026-06-15 19:19:06.346 [INFO] user-service: Health check passed after recovery
2026-06-15 19:19:06.846 [INFO] payment-service: Health check passed after recovery
2026-06-15 19:19:07.346 [INFO] nginx: Health check passed after recovery
2026-06-15 19:19:07.846 [INFO] database: Request processed successfully in 71ms
2026-06-15 19:19:08.346 [ERROR] database: Connection timeout after 3763ms
2026-06-15 19:19:08.846 [INFO] redis: Request processed successfully in 21ms
2026-06-15 19:19:09.347 [DEBUG] payment-service: Connection pool size 8
2026-06-15 19:19:09.847 [CRITICAL] database: Connection pool exhausted
2026-06-15 19:19:10.347 [INFO] payment-service: Request processed successfully in 76ms
2026-06-15 19:19:10.847 [INFO] nginx: Health check passed
2026-06-15 19:19:11.347 [INFO] redis: Health check passed
2026-06-15 19:19:11.847 [INFO] nginx: Health check passed
2026-06-15 19:19:12.347 [DEBUG] redis: Connection pool size 12
2026-06-15 19:19:12.847 [INFO] payment-service: Health check passed
2026-06-15 19:19:13.348 [INFO] user-service: Connection pool restored
2026-06-15 19:19:13.848 [DEBUG] database: Connection pool size 10
2026-06-15 19:19:14.348 [CRITICAL] nginx: Out of memory error - process killed
2026-06-15 19:19:14.848 [ERROR] payment-service: Request timeout after 50s
2026-06-15 19:19:15.348 [CRITICAL] nginx: Service crashed
2026-06-15 19:19:15.848 [INFO] database: Health check passed
2026-06-15 19:19:16.348 [ERROR] database: Connection timeout after 2896ms
2026-06-15 19:19:16.849 [INFO] nginx: Cache hit ratio 91%
2026-06-15 19:19:17.349 [INFO] payment-service: Health check passed
2026-06-15 19:19:17.849 [INFO] user-service: Request processed successfully in 91ms
2026-06-15 19:19:18.349 [ERROR] user-service: Dependency failure from auth-service
2026-06-15 19:19:18.849 [INFO] api-gateway: Health check passed
2026-06-15 19:19:19.349 [DEBUG] auth-service: Connection pool size 16
2026-06-15 19:19:19.849 [INFO] api-gateway: Connection pool restored
2026-06-15 19:19:20.349 [INFO] database: Cache hit ratio 93%
2026-06-15 19:19:20.850 [WARNING] payment-service: Slow query detected (13s)
2026-06-15 19:19:21.350 [INFO] auth-service: Health check passed
2026-06-15 19:19:21.850 [ERROR] database: Connection timeout after 4228ms
2026-06-15 19:19:22.350 [INFO] nginx: Health check passed after recovery
2026-06-15 19:19:22.850 [DEBUG] user-service: Connection pool size 16
2026-06-15 19:19:23.350 [INFO] user-service: Connection pool restored
2026-06-15 19:19:23.850 [INFO] redis: Request processed successfully in 64ms
2026-06-15 19:19:24.350 [INFO] redis: Request processed successfully in 138ms
2026-06-15 19:19:24.851 [ERROR] database: Connection timeout after 1128ms
2026-06-15 19:19:25.351 [DEBUG] auth-service: Connection pool size 16
2026-06-15 19:19:25.851 [INFO] database: Cache hit ratio 88%
2026-06-15 19:19:26.351 [INFO] user-service: Request processed successfully in 169ms
2026-06-15 19:19:26.851 [INFO] payment-service: Health check passed
2026-06-15 19:19:27.351 [DEBUG] auth-service: Connection pool size 10
2026-06-15 19:19:27.851 [CRITICAL] payment-service: Out of memory error - process killed
2026-06-15 19:19:28.351 [INFO] redis: Health check passed
2026-06-15 19:19:28.851 [DEBUG] database: Connection pool size 19
2026-06-15 19:19:29.351 [ERROR] database: Connection timeout after 4092ms
2026-06-15 19:19:29.852 [DEBUG] redis: Connection pool size 13
2026-06-15 19:19:30.352 [INFO] user-service: Request processed successfully in 30ms
2026-06-15 19:19:30.852 [DEBUG] nginx: Connection pool size 9
2026-06-15 19:19:31.352 [INFO] nginx: Health check passed
2026-06-15 19:19:31.852 [INFO] user-service: Health check passed
2026-06-15 19:19:32.352 [INFO] api-gateway: Cache hit ratio 84%
2026-06-15 19:19:32.852 [DEBUG] user-service: Connection pool size 12
2026-06-15 19:19:33.352 [INFO] nginx: Request processed successfully in 190ms
2026-06-15 19:19:33.853 [INFO] auth-service: Health check passed after recovery
2026-06-15 19:19:34.353 [INFO] redis: Health check passed
2026-06-15 19:19:34.853 [DEBUG] redis: Connection pool size 15
2026-06-15 19:19:35.353 [INFO] payment-service: Health check passed
2026-06-15 19:19:35.853 [ERROR] database: Query failed - relation 'orders' does not exist
2026-06-15 19:19:36.353 [INFO] nginx: Health check passed
2026-06-15 19:19:36.853 [INFO] user-service: Request processed successfully in 149ms
2026-06-15 19:19:37.353 [INFO] nginx: Request processed successfully in 101ms
2026-06-15 19:19:37.853 [ERROR] database: Connection timeout after 4086ms
2026-06-15 19:19:38.354 [INFO] database: Cache hit ratio 85%
2026-06-15 19:19:38.854 [INFO] user-service: Cache hit ratio 97%
2026-06-15 19:19:39.354 [INFO] redis: Request processed successfully in 75ms
2026-06-15 19:19:39.854 [CRITICAL] user-service: Out of memory error - process killed
2026-06-15 19:19:40.354 [CRITICAL] database: Connection pool exhausted
2026-06-15 19:19:40.854 [DEBUG] payment-service: Connection pool size 12
2026-06-15 19:19:41.354 [INFO] auth-service: Service restarted successfully
2026-06-15 19:19:41.854 [DEBUG] user-service: Connection pool size 15
2026-06-15 19:19:42.354 [INFO] database: Request processed successfully in 123ms
2026-06-15 19:19:42.855 [INFO] redis: Cache hit ratio 88%
2026-06-15 19:19:43.355 [INFO] payment-service: Cache hit ratio 93%
2026-06-15 19:19:43.855 [INFO] nginx: Health check passed
2026-06-15 19:19:44.355 [INFO] redis: Health check passed
2026-06-15 19:19:44.855 [INFO] api-gateway: Cache hit ratio 80%
2026-06-15 19:19:45.355 [ERROR] database: Deadlock detected in transaction
2026-06-15 19:19:45.855 [CRITICAL] database: Service crashed
2026-06-15 19:19:46.355 [DEBUG] api-gateway: Connection pool size 12
2026-06-15 19:19:46.855 [INFO] api-gateway: Health check passed
2026-06-15 19:19:47.356 [CRITICAL] auth-service: Service crashed
2026-06-15 19:19:47.856 [INFO] api-gateway: Service restarted successfully
2026-06-15 19:19:48.356 [ERROR] database: Deadlock detected in transaction
2026-06-15 19:19:48.856 [DEBUG] nginx: Connection pool size 15
2026-06-15 19:19:49.356 [DEBUG] payment-service: Connection pool size 9
2026-06-15 19:19:49.856 [INFO] database: Health check passed
2026-06-15 19:19:50.356 [INFO] payment-service: Request processed successfully in 183ms
2026-06-15 19:19:50.857 [INFO] api-gateway: Connection pool restored
2026-06-15 19:19:51.357 [INFO] api-gateway: Request processed successfully in 33ms
2026-06-15 19:19:51.857 [INFO] auth-service: Cache hit ratio 95%
2026-06-15 19:19:52.357 [DEBUG] database: Connection pool size 5
2026-06-15 19:19:52.857 [ERROR] database: Connection timeout after 4314ms
2026-06-15 19:19:53.357 [INFO] payment-service: Request processed successfully in 55ms
2026-06-15 19:19:53.858 [INFO] user-service: Request processed successfully in 127ms
2026-06-15 19:19:54.358 [INFO] nginx: Request processed successfully in 188ms
2026-06-15 19:19:54.858 [INFO] database: Cache hit ratio 91%
2026-06-15 19:19:55.358 [WARNING] database: Slow query detected (21s)
2026-06-15 19:19:55.858 [DEBUG] nginx: Connection pool size 14
2026-06-15 19:19:56.358 [INFO] nginx: Request processed successfully in 116ms
2026-06-15 19:19:56.858 [INFO] payment-service: Connection pool restored
2026-06-15 19:19:57.358 [DEBUG] nginx: Connection pool size 9
2026-06-15 19:19:57.859 [DEBUG] user-service: Connection pool size 20
2026-06-15 19:19:58.359 [WARNING] auth-service: Slow query detected (7s)
2026-06-15 19:19:58.859 [DEBUG] database: Connection pool size 18
2026-06-15 19:19:59.359 [DEBUG] payment-service: Connection pool size 9
2026-06-15 19:19:59.859 [INFO] user-service: Request processed successfully in 60ms
2026-06-15 19:20:00.359 [CRITICAL] database: Connection pool exhausted
2026-06-15 19:20:00.859 [CRITICAL] auth-service: Out of memory error - process killed
2026-06-15 19:20:01.359 [INFO] auth-service: Cache hit ratio 95%
2026-06-15 19:20:01.859 [INFO] auth-service: Health check passed
2026-06-15 19:20:02.359 [INFO] redis: Request processed successfully in 56ms
2026-06-15 19:20:02.860 [INFO] payment-service: Cache hit ratio 86%
2026-06-15 19:20:03.360 [INFO] redis: Health check passed
2026-06-15 19:20:03.860 [INFO] api-gateway: Connection pool restored
2026-06-15 19:20:04.360 [INFO] auth-service: Cache hit ratio 81%
2026-06-15 19:20:04.860 [INFO] database: Health check passed
2026-06-15 19:20:05.360 [INFO] payment-service: Cache hit ratio 99%
2026-06-15 19:20:05.860 [INFO] user-service: Cache hit ratio 87%
2026-06-15 19:20:06.360 [WARNING] api-gateway: Memory usage 90%
2026-06-15 19:20:06.860 [INFO] user-service: Request processed successfully in 177ms
2026-06-15 19:20:07.361 [ERROR] database: Query failed - relation 'orders' does not exist
2026-06-15 19:20:07.861 [ERROR] database: Connection timeout after 4273ms
2026-06-15 19:20:08.361 [INFO] database: Cache hit ratio 91%
2026-06-15 19:20:08.861 [INFO] auth-service: Request processed successfully in 199ms
2026-06-15 19:20:09.361 [INFO] api-gateway: Health check passed
2026-06-15 19:20:09.861 [INFO] payment-service: Cache hit ratio 91%
2026-06-15 19:20:10.361 [INFO] nginx: Cache hit ratio 88%
2026-06-15 19:20:10.861 [INFO] redis: Cache hit ratio 90%
2026-06-15 19:20:11.361 [INFO] auth-service: Request processed successfully in 66ms
2026-06-15 19:20:11.861 [INFO] redis: Health check passed
2026-06-15 19:20:12.362 [ERROR] database: Deadlock detected in transaction
2026-06-15 19:20:12.862 [INFO] auth-service: Cache hit ratio 85%
2026-06-15 19:20:13.362 [INFO] nginx: Cache hit ratio 84%
2026-06-15 19:20:13.862 [ERROR] database: Query failed - relation 'orders' does not exist
2026-06-15 19:20:14.363 [INFO] user-service: Connection pool restored
2026-06-15 19:20:14.863 [INFO] payment-service: Request processed successfully in 45ms
2026-06-15 19:20:15.363 [INFO] user-service: Cache hit ratio 88%
2026-06-15 19:20:15.863 [INFO] redis: Cache hit ratio 87%
2026-06-15 19:20:16.364 [INFO] database: Request processed successfully in 86ms
2026-06-15 19:20:16.864 [INFO] api-gateway: Cache hit ratio 94%
2026-06-15 19:20:17.364 [DEBUG] database: Connection pool size 8
2026-06-15 19:20:17.864 [INFO] payment-service: Cache hit ratio 90%
2026-06-15 19:20:18.364 [INFO] auth-service: Health check passed
2026-06-15 19:20:18.864 [ERROR] user-service: Request timeout after 41s
2026-06-15 19:20:19.364 [CRITICAL] database: Connection pool exhausted
2026-06-15 19:20:19.864 [INFO] database: Request processed successfully in 68ms
2026-06-15 19:20:20.364 [ERROR] database: Connection timeout after 3726ms
2026-06-15 19:20:20.864 [ERROR] database: Deadlock detected in transaction
2026-06-15 19:20:21.365 [INFO] user-service: Request processed successfully in 43ms
2026-06-15 19:20:21.865 [INFO] user-service: Request processed successfully in 156ms
2026-06-15 19:20:22.365 [INFO] payment-service: Connection pool restored
2026-06-15 19:20:22.865 [INFO] database: Health check passed
2026-06-15 19:20:23.365 [INFO] payment-service: Cache hit ratio 89%
2026-06-15 19:20:23.865 [INFO] payment-service: Cache hit ratio 96%
2026-06-15 19:20:24.365 [INFO] nginx: Request processed successfully in 142ms
2026-06-15 19:20:24.865 [INFO] user-service: Request processed successfully in 159ms
2026-06-15 19:20:25.365 [DEBUG] user-service: Connection pool size 13
2026-06-15 19:20:25.866 [INFO] auth-service: Request processed successfully in 58ms
2026-06-15 19:20:26.366 [INFO] database: Cache hit ratio 95%
2026-06-15 19:20:26.866 [DEBUG] auth-service: Connection pool size 6
2026-06-15 19:20:27.366 [INFO] auth-service: Cache hit ratio 96%
2026-06-15 19:20:27.866 [INFO] redis: Health check passed
2026-06-15 19:20:28.367 [ERROR] payment-service: Upstream service unavailable
2026-06-15 19:20:28.867 [INFO] redis: Request processed successfully in 61ms
2026-06-15 19:20:29.367 [INFO] api-gateway: Request processed successfully in 15ms
2026-06-15 19:20:29.867 [ERROR] payment-service: Upstream service unavailable
2026-06-15 19:20:30.367 [ERROR] api-gateway: Request timeout after 50s
2026-06-15 19:20:30.867 [WARNING] payment-service: GC overhead limit reached
2026-06-15 19:20:31.368 [INFO] redis: Cache hit ratio 89%
2026-06-15 19:20:31.868 [DEBUG] user-service: Connection pool size 7
2026-06-15 19:20:32.368 [INFO] database: Cache hit ratio 96%
2026-06-15 19:20:32.868 [INFO] auth-service: Connection pool restored
2026-06-15 19:20:33.368 [DEBUG] database: Connection pool size 13
2026-06-15 19:20:33.868 [INFO] payment-service: Health check passed
2026-06-15 19:20:34.369 [INFO] nginx: Health check passed
2026-06-15 19:20:34.869 [INFO] auth-service: Health check passed
2026-06-15 19:20:35.369 [CRITICAL] user-service: Out of memory error - process killed
2026-06-15 19:20:35.869 [INFO] user-service: Request processed successfully in 68ms
2026-06-15 19:20:36.369 [INFO] auth-service: Health check passed
2026-06-15 19:20:36.869 [DEBUG] auth-service: Connection pool size 15
2026-06-15 19:20:37.369 [INFO] redis: Request processed successfully in 35ms
2026-06-15 19:20:37.870 [INFO] nginx: Cache hit ratio 81%
2026-06-15 19:20:38.370 [INFO] auth-service: Cache hit ratio 91%
2026-06-15 19:20:38.870 [INFO] payment-service: Cache hit ratio 91%
2026-06-15 19:20:39.370 [WARNING] database: Memory usage 95%
2026-06-15 19:20:39.870 [ERROR] database: Deadlock detected in transaction
2026-06-15 19:20:40.370 [INFO] redis: Health check passed
2026-06-15 19:20:40.870 [INFO] auth-service: Health check passed
2026-06-15 19:20:41.370 [INFO] user-service: Health check passed
2026-06-15 19:20:41.870 [INFO] api-gateway: Cache hit ratio 91%
2026-06-15 19:20:42.371 [INFO] user-service: Request processed successfully in 68ms
2026-06-15 19:20:42.871 [INFO] redis: Health check passed
2026-06-15 19:20:43.371 [INFO] payment-service: Health check passed after recovery
2026-06-15 19:20:43.871 [INFO] api-gateway: Health check passed
2026-06-15 19:20:44.371 [ERROR] database: Connection timeout after 2321ms
2026-06-15 19:20:44.871 [DEBUG] auth-service: Connection pool size 9
2026-06-15 19:20:45.371 [INFO] redis: Connection pool restored
2026-06-15 19:20:45.872 [INFO] user-service: Request processed successfully in 138ms
2026-06-15 19:20:46.372 [INFO] payment-service: Health check passed
2026-06-15 19:20:46.872 [INFO] nginx: Request processed successfully in 160ms
2026-06-15 19:20:47.372 [INFO] redis: Health check passed
2026-06-15 19:20:47.872 [INFO] api-gateway: Health check passed
2026-06-15 19:20:48.372 [INFO] auth-service: Health check passed
2026-06-15 19:20:48.872 [INFO] api-gateway: Cache hit ratio 91%
2026-06-15 19:20:49.373 [CRITICAL] nginx: Service crashed
2026-06-15 19:20:49.873 [WARNING] auth-service: Memory usage 93%
2026-06-15 19:20:50.373 [ERROR] nginx: Upstream service unavailable
2026-06-15 19:20:50.873 [INFO] payment-service: Cache hit ratio 94%
2026-06-15 19:20:51.373 [DEBUG] api-gateway: Connection pool size 10
2026-06-15 19:20:51.873 [INFO] auth-service: Request processed successfully in 38ms
2026-06-15 19:20:52.373 [DEBUG] database: Connection pool size 12
2026-06-15 19:20:52.874 [INFO] redis: Request processed successfully in 151ms
2026-06-15 19:20:53.374 [DEBUG] nginx: Connection pool size 11
2026-06-15 19:20:53.874 [DEBUG] nginx: Connection pool size 20
2026-06-15 19:20:54.374 [INFO] database: Cache hit ratio 81%
2026-06-15 19:20:54.874 [INFO] database: Cache hit ratio 83%
2026-06-15 19:20:55.374 [DEBUG] database: Connection pool size 15
2026-06-15 19:20:55.874 [INFO] payment-service: Health check passed
2026-06-15 19:20:56.375 [INFO] payment-service: Request processed successfully in 15ms
2026-06-15 19:20:56.875 [INFO] auth-service: Request processed successfully in 82ms
2026-06-15 19:20:57.375 [WARNING] auth-service: Slow query detected (28s)
2026-06-15 19:20:57.875 [INFO] api-gateway: Request processed successfully in 171ms
2026-06-15 19:20:58.375 [DEBUG] nginx: Connection pool size 10
2026-06-15 19:20:58.875 [INFO] nginx: Request processed successfully in 66ms
2026-06-15 19:20:59.375 [DEBUG] user-service: Connection pool size 14
2026-06-15 19:20:59.875 [INFO] auth-service: Cache hit ratio 91%
2026-06-15 19:21:00.375 [INFO] redis: Cache hit ratio 94%
2026-06-15 19:21:00.875 [INFO] user-service: Cache hit ratio 99%
2026-06-15 19:21:01.376 [INFO] database: Request processed successfully in 73ms
2026-06-15 19:21:01.876 [DEBUG] auth-service: Connection pool size 10
2026-06-15 19:21:02.376 [INFO] redis: Request processed successfully in 153ms
2026-06-15 19:21:02.876 [INFO] payment-service: Cache hit ratio 86%
2026-06-15 19:21:03.376 [INFO] redis: Connection pool restored
2026-06-15 19:21:03.876 [INFO] nginx: Cache hit ratio 90%
2026-06-15 19:21:04.376 [DEBUG] payment-service: Connection pool size 14
2026-06-15 19:21:04.877 [ERROR] database: Query failed - relation 'orders' does not exist
2026-06-15 19:21:05.377 [INFO] nginx: Cache hit ratio 97%
2026-06-15 19:21:05.877 [INFO] redis: Cache hit ratio 87%
2026-06-15 19:21:06.377 [INFO] nginx: Health check passed
2026-06-15 19:21:06.877 [CRITICAL] api-gateway: Out of memory error - process killed
2026-06-15 19:21:07.377 [WARNING] redis: Memory usage 88%
2026-06-15 19:21:07.877 [WARNING] payment-service: Memory usage 92%
2026-06-15 19:21:08.378 [DEBUG] database: Connection pool size 19
2026-06-15 19:21:08.878 [DEBUG] nginx: Connection pool size 6
2026-06-15 19:21:09.378 [INFO] payment-service: Cache hit ratio 92%
2026-06-15 19:21:09.878 [DEBUG] database: Connection pool size 8
2026-06-15 19:21:10.378 [INFO] user-service: Health check passed
2026-06-15 19:21:10.878 [INFO] api-gateway: Cache hit ratio 89%
2026-06-15 19:21:11.378 [ERROR] database: Deadlock detected in transaction
2026-06-15 19:21:11.878 [INFO] redis: Health check passed
2026-06-15 19:21:12.378 [DEBUG] auth-service: Connection pool size 13
2026-06-15 19:21:12.879 [DEBUG] nginx: Connection pool size 17
2026-06-15 19:21:13.379 [INFO] database: Service restarted successfully
2026-06-15 19:21:13.879 [INFO] database: Request processed successfully in 197ms
2026-06-15 19:21:14.379 [INFO] api-gateway: Health check passed
2026-06-15 19:21:14.879 [ERROR] database: Deadlock detected in transaction
2026-06-15 19:21:15.379 [INFO] api-gateway: Health check passed
2026-06-15 19:21:15.879 [DEBUG] database: Connection pool size 19
2026-06-15 19:21:16.379 [INFO] auth-service: Health check passed
2026-06-15 19:21:16.879 [INFO] nginx: Cache hit ratio 96%
2026-06-15 19:21:17.380 [INFO] user-service: Health check passed
2026-06-15 19:21:17.880 [DEBUG] auth-service: Connection pool size 13
2026-06-15 19:21:18.380 [ERROR] nginx: Request timeout after 37s
2026-06-15 19:21:18.880 [INFO] api-gateway: Request processed successfully in 194ms
2026-06-15 19:21:19.380 [INFO] redis: Health check passed
2026-06-15 19:21:19.880 [INFO] redis: Connection pool restored
2026-06-15 19:21:20.380 [INFO] database: Health check passed
2026-06-15 19:21:20.880 [CRITICAL] database: Out of memory error - process killed
2026-06-15 19:21:21.380 [INFO] api-gateway: Cache hit ratio 84%
2026-06-15 19:21:21.881 [WARNING] api-gateway: Slow query detected (6s)
2026-06-15 19:21:22.381 [ERROR] database: Query failed - relation 'orders' does not exist
2026-06-15 19:21:22.881 [CRITICAL] nginx: Service crashed
2026-06-15 19:21:23.381 [INFO] user-service: Cache hit ratio 94%
2026-06-15 19:21:23.881 [DEBUG] api-gateway: Connection pool size 18
2026-06-15 19:21:24.381 [WARNING] auth-service: Slow query detected (23s)
2026-06-15 19:21:24.881 [ERROR] user-service: Circuit breaker open for payment-service
2026-06-15 19:21:25.382 [DEBUG] database: Connection pool size 18
2026-06-15 19:21:25.882 [INFO] database: Cache hit ratio 80%
2026-06-15 19:21:26.382 [ERROR] auth-service: Dependency failure from database
2026-06-15 19:21:26.882 [WARNING] auth-service: GC overhead limit reached
2026-06-15 19:21:27.382 [INFO] payment-service: Health check passed
2026-06-15 19:21:27.882 [INFO] payment-service: Health check passed
2026-06-15 19:21:28.382 [CRITICAL] database: Connection pool exhausted
2026-06-15 19:21:28.882 [INFO] database: Connection pool restored
2026-06-15 19:21:29.382 [INFO] api-gateway: Request processed successfully in 40ms
2026-06-15 19:21:29.883 [INFO] user-service: Health check passed
2026-06-15 19:21:30.383 [INFO] redis: Request processed successfully in 153ms
2026-06-15 19:21:30.883 [INFO] api-gateway: Service restarted successfully
2026-06-15 19:21:31.383 [WARNING] payment-service: GC overhead limit reached
2026-06-15 19:21:31.883 [INFO] redis: Cache hit ratio 80%
2026-06-15 19:21:32.383 [DEBUG] nginx: Connection pool size 15
2026-06-15 19:21:32.883 [WARNING] api-gateway: Memory usage 86%
2026-06-15 19:21:33.383 [CRITICAL] database: Connection pool exhausted
2026-06-15 19:21:33.883 [DEBUG] user-service: Connection pool size 14
2026-06-15 19:21:34.384 [DEBUG] redis: Connection pool size 20
2026-06-15 19:21:34.884 [INFO] nginx: Request processed successfully in 180ms
2026-06-15 19:21:35.384 [INFO] api-gateway: Cache hit ratio 89%
2026-06-15 19:21:35.884 [WARNING] redis: GC overhead limit reached
2026-06-15 19:21:36.384 [CRITICAL] nginx: Out of memory error - process killed
2026-06-15 19:21:36.884 [INFO] nginx: Cache hit ratio 90%
2026-06-15 19:21:37.384 [INFO] api-gateway: Connection pool restored
2026-06-15 19:21:37.884 [DEBUG] redis: Connection pool size 7
2026-06-15 19:21:38.384 [INFO] auth-service: Request processed successfully in 90ms
2026-06-15 19:21:38.885 [INFO] database: Cache hit ratio 85%
2026-06-15 19:21:39.385 [INFO] redis: Health check passed
2026-06-15 19:21:39.885 [DEBUG] payment-service: Connection pool size 7
2026-06-15 19:21:40.385 [INFO] payment-service: Request processed successfully in 121ms
2026-06-15 19:21:40.885 [DEBUG] auth-service: Connection pool size 15
2026-06-15 19:21:41.385 [INFO] payment-service: Health check passed
2026-06-15 19:21:41.886 [ERROR] database: Query failed - relation 'orders' does not exist
2026-06-15 19:21:42.386 [INFO] api-gateway: Cache hit ratio 85%
2026-06-15 19:21:42.886 [INFO] api-gateway: Cache hit ratio 94%
2026-06-15 19:21:43.386 [DEBUG] nginx: Connection pool size 6
2026-06-15 19:21:43.886 [DEBUG] payment-service: Connection pool size 13
2026-06-15 19:21:44.386 [DEBUG] api-gateway: Connection pool size 14
2026-06-15 19:21:44.886 [INFO] api-gateway: Cache hit ratio 92%
2026-06-15 19:21:45.387 [CRITICAL] nginx: Out of memory error - process killed
2026-06-15 19:21:45.887 [DEBUG] payment-service: Connection pool size 7
2026-06-15 19:21:46.387 [DEBUG] nginx: Connection pool size 16
2026-06-15 19:21:46.887 [DEBUG] nginx: Connection pool size 5
2026-06-15 19:21:47.387 [INFO] database: Cache hit ratio 90%
2026-06-15 19:21:47.887 [WARNING] payment-service: Memory usage 87%
2026-06-15 19:21:48.387 [INFO] payment-service: Cache hit ratio 96%
2026-06-15 19:21:48.887 [INFO] payment-service: Cache hit ratio 89%
2026-06-15 19:21:49.387 [INFO] auth-service: Cache hit ratio 85%
2026-06-15 19:21:49.888 [ERROR] database: Connection timeout after 3411ms
2026-06-15 19:21:50.388 [INFO] auth-service: Cache hit ratio 85%
2026-06-15 19:21:50.888 [INFO] api-gateway: Request processed successfully in 66ms
2026-06-15 19:21:51.388 [INFO] auth-service: Health check passed
2026-06-15 19:21:51.888 [INFO] nginx: Health check passed
2026-06-15 19:21:52.388 [CRITICAL] api-gateway: Out of memory error - process killed
2026-06-15 19:21:52.888 [INFO] payment-service: Health check passed
2026-06-15 19:21:53.388 [INFO] user-service: Cache hit ratio 88%
2026-06-15 19:21:53.888 [INFO] nginx: Health check passed
2026-06-15 19:21:54.389 [DEBUG] user-service: Connection pool size 15
2026-06-15 19:21:54.889 [INFO] payment-service: Health check passed
2026-06-15 19:21:55.389 [INFO] user-service: Request processed successfully in 52ms
2026-06-15 19:21:55.889 [INFO] nginx: Request processed successfully in 16ms
2026-06-15 19:21:56.389 [INFO] redis: Cache hit ratio 81%
2026-06-15 19:21:56.889 [ERROR] nginx: Dependency failure from payment-service
2026-06-15 19:21:57.389 [INFO] auth-service: Cache hit ratio 88%
2026-06-15 19:21:57.889 [INFO] api-gateway: Cache hit ratio 80%
2026-06-15 19:21:58.389 [INFO] user-service: Health check passed
2026-06-15 19:21:58.890 [INFO] api-gateway: Request processed successfully in 157ms
2026-06-15 19:21:59.390 [INFO] api-gateway: Request processed successfully in 119ms
2026-06-15 19:21:59.890 [INFO] auth-service: Health check passed
2026-06-15 19:22:00.390 [INFO] redis: Request processed successfully in 65ms
2026-06-15 19:22:00.890 [DEBUG] nginx: Connection pool size 13
2026-06-15 19:22:01.390 [INFO] database: Request processed successfully in 122ms
2026-06-15 19:22:01.890 [INFO] user-service: Cache hit ratio 82%
2026-06-15 19:22:02.390 [INFO] database: Request processed successfully in 187ms
2026-06-15 19:22:02.890 [INFO] database: Request processed successfully in 147ms
2026-06-15 19:22:03.391 [ERROR] database: Query failed - relation 'orders' does not exist
2026-06-15 19:22:03.891 [INFO] user-service: Cache hit ratio 97%
2026-06-15 19:22:04.391 [ERROR] payment-service: Dependency failure from user-service
2026-06-15 19:22:04.891 [INFO] user-service: Request processed successfully in 63ms
2026-06-15 19:22:05.391 [INFO] nginx: Cache hit ratio 95%
2026-06-15 19:22:05.891 [INFO] user-service: Request processed successfully in 184ms
2026-06-15 19:22:06.391 [ERROR] database: Query failed - relation 'orders' does not exist
2026-06-15 19:22:06.891 [DEBUG] user-service: Connection pool size 17
2026-06-15 19:22:07.392 [INFO] redis: Health check passed after recovery
2026-06-15 19:22:07.892 [INFO] api-gateway: Cache hit ratio 87%
2026-06-15 19:22:08.392 [ERROR] database: Query failed - relation 'orders' does not exist
2026-06-15 19:22:08.892 [CRITICAL] api-gateway: Service crashed
2026-06-15 19:22:09.392 [INFO] redis: Cache hit ratio 94%
2026-06-15 19:22:09.892 [INFO] database: Request processed successfully in 56ms
2026-06-15 19:22:10.392 [INFO] redis: Cache hit ratio 87%
2026-06-15 19:22:10.892 [ERROR] database: Connection timeout after 1742ms
2026-06-15 19:22:11.392 [INFO] api-gateway: Cache hit ratio 94%
2026-06-15 19:22:11.892 [INFO] nginx: Cache hit ratio 85%
2026-06-15 19:22:12.393 [INFO] redis: Health check passed
2026-06-15 19:22:12.893 [INFO] auth-service: Health check passed
2026-06-15 19:22:13.393 [DEBUG] user-service: Connection pool size 8
2026-06-15 19:22:13.893 [INFO] auth-service: Cache hit ratio 94%
2026-06-15 19:22:14.393 [INFO] user-service: Cache hit ratio 98%
2026-06-15 19:22:14.893 [INFO] redis: Request processed successfully in 193ms
2026-06-15 19:22:15.393 [WARNING] api-gateway: Slow query detected (19s)
2026-06-15 19:22:15.893 [INFO] database: Cache hit ratio 92%
2026-06-15 19:22:16.393 [INFO] database: Request processed successfully in 149ms
2026-06-15 19:22:16.894 [CRITICAL] database: Connection pool exhausted
2026-06-15 19:22:17.394 [ERROR] payment-service: Dependency failure from redis
2026-06-15 19:22:17.894 [INFO] user-service: Request processed successfully in 173ms
2026-06-15 19:22:18.394 [INFO] user-service: Service restarted successfully
2026-06-15 19:22:18.894 [CRITICAL] database: Connection pool exhausted
2026-06-15 19:22:19.394 [DEBUG] nginx: Connection pool size 13
2026-06-15 19:22:19.894 [ERROR] database: Connection timeout after 2962ms
2026-06-15 19:22:20.394 [INFO] user-service: Request processed successfully in 66ms
2026-06-15 19:22:20.895 [INFO] auth-service: Request processed successfully in 54ms
2026-06-15 19:22:21.395 [DEBUG] database: Connection pool size 10
2026-06-15 19:22:21.895 [INFO] database: Cache hit ratio 96%
2026-06-15 19:22:22.395 [INFO] auth-service: Cache hit ratio 92%
2026-06-15 19:22:22.895 [ERROR] nginx: Upstream service unavailable
2026-06-15 19:22:23.395 [DEBUG] user-service: Connection pool size 5
2026-06-15 19:22:23.895 [INFO] api-gateway: Request processed successfully in 133ms
2026-06-15 19:22:24.396 [INFO] user-service: Health check passed
2026-06-15 19:22:24.896 [DEBUG] api-gateway: Connection pool size 13
2026-06-15 19:22:25.396 [DEBUG] auth-service: Connection pool size 6
2026-06-15 19:22:25.896 [DEBUG] database: Connection pool size 10
2026-06-15 19:22:26.396 [INFO] user-service: Service restarted successfully
2026-06-15 19:22:26.896 [WARNING] api-gateway: Memory usage 95%
2026-06-15 19:22:27.396 [INFO] user-service: Request processed successfully in 45ms
2026-06-15 19:22:27.896 [INFO] auth-service: Request processed successfully in 123ms
2026-06-15 19:22:28.396 [INFO] nginx: Cache hit ratio 93%
2026-06-15 19:22:28.897 [DEBUG] user-service: Connection pool size 19
2026-06-15 19:22:29.397 [DEBUG] nginx: Connection pool size 16
2026-06-15 19:22:29.897 [WARNING] auth-service: Memory usage 95%
2026-06-15 19:22:30.397 [DEBUG] redis: Connection pool size 12
2026-06-15 19:22:30.897 [CRITICAL] database: Connection pool exhausted
2026-06-15 19:22:31.397 [INFO] api-gateway: Health check passed
2026-06-15 19:22:31.897 [INFO] database: Health check passed
2026-06-15 19:22:32.397 [ERROR] api-gateway: Request timeout after 45s
2026-06-15 19:22:32.897 [INFO] payment-service: Request processed successfully in 105ms
2026-06-15 19:22:33.398 [DEBUG] database: Connection pool size 18
2026-06-15 19:22:33.898 [INFO] api-gateway: Health check passed
2026-06-15 19:22:34.398 [ERROR] database: Connection timeout after 4467ms
2026-06-15 19:22:34.898 [INFO] redis: Cache hit ratio 92%
2026-06-15 19:22:35.398 [WARNING] nginx: GC overhead limit reached
2026-06-15 19:22:35.898 [DEBUG] auth-service: Connection pool size 5
2026-06-15 19:22:36.398 [INFO] nginx: Cache hit ratio 93%
2026-06-15 19:22:36.898 [DEBUG] user-service: Connection pool size 5
2026-06-15 19:22:37.398 [INFO] redis: Health check passed
2026-06-15 19:22:37.899 [ERROR] database: Query failed - relation 'orders' does not exist
2026-06-15 19:22:38.399 [INFO] nginx: Request processed successfully in 180ms
2026-06-15 19:22:38.899 [INFO] nginx: Request processed successfully in 125ms
2026-06-15 19:22:39.399 [ERROR] nginx: Dependency failure from database
2026-06-15 19:22:39.899 [ERROR] user-service: Request timeout after 50s
2026-06-15 19:22:40.399 [INFO] database: Cache hit ratio 98%
2026-06-15 19:22:40.899 [DEBUG] api-gateway: Connection pool size 15
2026-06-15 19:22:41.399 [INFO] user-service: Cache hit ratio 89%
2026-06-15 19:22:41.900 [INFO] auth-service: Request processed successfully in 167ms
2026-06-15 19:22:42.400 [INFO] nginx: Request processed successfully in 53ms
2026-06-15 19:22:42.900 [DEBUG] redis: Connection pool size 19
2026-06-15 19:22:43.400 [INFO] user-service: Cache hit ratio 84%
2026-06-15 19:22:43.900 [INFO] payment-service: Connection pool restored
2026-06-15 19:22:44.401 [INFO] database: Request processed successfully in 102ms
2026-06-15 19:22:44.901 [DEBUG] user-service: Connection pool size 20
2026-06-15 19:22:45.402 [DEBUG] redis: Connection pool size 8
2026-06-15 19:22:45.902 [INFO] api-gateway: Request processed successfully in 41ms
2026-06-15 19:22:46.402 [ERROR] database: Deadlock detected in transaction
2026-06-15 19:22:46.902 [INFO] redis: Cache hit ratio 86%
2026-06-15 19:22:47.402 [DEBUG] nginx: Connection pool size 16
2026-06-15 19:22:47.902 [INFO] redis: Cache hit ratio 87%
2026-06-15 19:22:48.402 [CRITICAL] database: Connection pool exhausted
2026-06-15 19:22:48.902 [ERROR] database: Query failed - relation 'orders' does not exist
2026-06-15 19:22:49.403 [DEBUG] nginx: Connection pool size 9
2026-06-15 19:22:49.903 [ERROR] database: Query failed - relation 'orders' does not exist
2026-06-15 19:22:50.403 [ERROR] user-service: Request timeout after 36s
2026-06-15 19:22:50.903 [INFO] nginx: Cache hit ratio 93%
2026-06-15 19:22:51.403 [INFO] nginx: Cache hit ratio 93%
2026-06-15 19:22:51.903 [DEBUG] redis: Connection pool size 10
2026-06-15 19:22:52.403 [DEBUG] payment-service: Connection pool size 19
2026-06-15 19:22:52.903 [WARNING] auth-service: Memory usage 85%
2026-06-15 19:22:53.403 [INFO] database: Health check passed
2026-06-15 19:22:53.904 [DEBUG] database: Connection pool size 12
2026-06-15 19:22:54.404 [ERROR] database: Query failed - relation 'orders' does not exist
2026-06-15 19:22:54.904 [ERROR] database: Connection timeout after 1047ms
2026-06-15 19:22:55.404 [DEBUG] redis: Connection pool size 13
2026-06-15 19:22:55.904 [INFO] database: Cache hit ratio 99%
2026-06-15 19:22:56.404 [INFO] redis: Cache hit ratio 80%
2026-06-15 19:22:56.904 [ERROR] auth-service: Request timeout after 58s
2026-06-15 19:22:57.405 [DEBUG] database: Connection pool size 16
2026-06-15 19:22:57.905 [WARNING] nginx: Slow query detected (20s)
2026-06-15 19:22:58.405 [INFO] auth-service: Health check passed
2026-06-15 19:22:58.905 [INFO] nginx: Cache hit ratio 90%
2026-06-15 19:22:59.405 [ERROR] nginx: Request timeout after 39s
2026-06-15 19:22:59.905 [INFO] auth-service: Request processed successfully in 85ms
2026-06-15 19:23:00.405 [DEBUG] database: Connection pool size 10
2026-06-15 19:23:00.905 [INFO] auth-service: Cache hit ratio 88%
2026-06-15 19:23:01.405 [DEBUG] api-gateway: Connection pool size 15
2026-06-15 19:23:01.905 [ERROR] database: Deadlock detected in transaction
2026-06-15 19:23:02.406 [DEBUG] payment-service: Connection pool size 8
2026-06-15 19:23:02.906 [INFO] api-gateway: Cache hit ratio 94%
2026-06-15 19:23:03.406 [CRITICAL] user-service: Out of memory error - process killed
2026-06-15 19:23:03.906 [ERROR] database: Connection timeout after 4666ms
2026-06-15 19:23:04.406 [INFO] payment-service: Request processed successfully in 184ms
2026-06-15 19:23:04.906 [INFO] redis: Request processed successfully in 43ms
2026-06-15 19:23:05.406 [CRITICAL] user-service: Out of memory error - process killed
2026-06-15 19:23:05.906 [INFO] auth-service: Cache hit ratio 89%
2026-06-15 19:23:06.407 [DEBUG] auth-service: Connection pool size 16
2026-06-15 19:23:06.907 [CRITICAL] database: Connection pool exhausted
2026-06-15 19:23:07.407 [DEBUG] auth-service: Connection pool size 6
2026-06-15 19:23:07.907 [INFO] auth-service: Health check passed
2026-06-15 19:23:08.407 [INFO] payment-service: Connection pool restored
2026-06-15 19:23:08.907 [WARNING] api-gateway: Memory usage 91%
2026-06-15 19:23:09.407 [DEBUG] redis: Connection pool size 6
2026-06-15 19:23:09.907 [INFO] redis: Connection pool restored
2026-06-15 19:23:10.407 [ERROR] database: Deadlock detected in transaction
2026-06-15 19:23:10.907 [INFO] user-service: Request processed successfully in 53ms
2026-06-15 19:23:11.408 [INFO] redis: Cache hit ratio 94%
2026-06-15 19:23:11.908 [INFO] api-gateway: Request processed successfully in 56ms
2026-06-15 19:23:12.408 [INFO] database: Request processed successfully in 46ms
2026-06-15 19:23:12.908 [DEBUG] payment-service: Connection pool size 16
2026-06-15 19:23:13.408 [INFO] payment-service: Cache hit ratio 97%
2026-06-15 19:23:13.908 [INFO] nginx: Cache hit ratio 82%
2026-06-15 19:23:14.409 [INFO] database: Health check passed
2026-06-15 19:23:14.909 [DEBUG] database: Connection pool size 14
2026-06-15 19:23:15.409 [DEBUG] payment-service: Connection pool size 18
2026-06-15 19:23:15.909 [INFO] auth-service: Cache hit ratio 91%
2026-06-15 19:23:16.409 [DEBUG] api-gateway: Connection pool size 10
2026-06-15 19:23:16.909 [ERROR] database: Connection timeout after 4463ms
2026-06-15 19:23:17.409 [INFO] nginx: Health check passed
2026-06-15 19:23:17.910 [DEBUG] auth-service: Connection pool size 5
2026-06-15 19:23:18.410 [INFO] api-gateway: Request processed successfully in 37ms
2026-06-15 19:23:18.910 [INFO] database: Health check passed
2026-06-15 19:23:19.410 [CRITICAL] payment-service: Out of memory error - process killed
2026-06-15 19:23:19.910 [DEBUG] nginx: Connection pool size 6
2026-06-15 19:23:20.410 [INFO] nginx: Cache hit ratio 82%
2026-06-15 19:23:20.910 [INFO] user-service: Request processed successfully in 126ms
2026-06-15 19:23:21.410 [ERROR] database: Deadlock detected in transaction
2026-06-15 19:23:21.910 [INFO] user-service: Request processed successfully in 181ms
2026-06-15 19:23:22.411 [ERROR] database: Deadlock detected in transaction
2026-06-15 19:23:22.911 [ERROR] user-service: Upstream service unavailable
2026-06-15 19:23:23.411 [INFO] redis: Request processed successfully in 51ms
2026-06-15 19:23:23.911 [INFO] payment-service: Health check passed
2026-06-15 19:23:24.411 [ERROR] api-gateway: Circuit breaker open for auth-service
2026-06-15 19:23:24.911 [INFO] database: Cache hit ratio 89%
2026-06-15 19:23:25.411 [INFO] database: Request processed successfully in 62ms
2026-06-15 19:23:25.911 [DEBUG] user-service: Connection pool size 12
2026-06-15 19:23:26.412 [INFO] database: Health check passed
2026-06-15 19:23:26.912 [ERROR] auth-service: Dependency failure from nginx
2026-06-15 19:23:27.412 [INFO] payment-service: Health check passed after recovery
2026-06-15 19:23:27.912 [ERROR] database: Query failed - relation 'orders' does not exist
2026-06-15 19:23:28.412 [INFO] api-gateway: Cache hit ratio 91%
2026-06-15 19:23:28.912 [INFO] api-gateway: Cache hit ratio 83%
2026-06-15 19:23:29.413 [WARNING] nginx: Memory usage 91%
2026-06-15 19:23:29.913 [WARNING] auth-service: GC overhead limit reached
2026-06-15 19:23:30.413 [CRITICAL] auth-service: Out of memory error - process killed
2026-06-15 19:23:30.913 [CRITICAL] database: Connection pool exhausted
2026-06-15 19:23:31.413 [INFO] payment-service: Health check passed
2026-06-15 19:23:31.913 [INFO] redis: Cache hit ratio 91%
2026-06-15 19:23:32.413 [INFO] user-service: Health check passed
2026-06-15 19:23:32.913 [ERROR] database: Connection timeout after 2840ms
2026-06-15 19:23:33.413 [INFO] api-gateway: Health check passed
2026-06-15 19:23:33.914 [DEBUG] api-gateway: Connection pool size 5
2026-06-15 19:23:34.414 [DEBUG] nginx: Connection pool size 14
2026-06-15 19:23:34.914 [INFO] api-gateway: Health check passed
2026-06-15 19:23:35.414 [INFO] nginx: Request processed successfully in 197ms
2026-06-15 19:23:35.914 [INFO] user-service: Health check passed after recovery
2026-06-15 19:23:36.414 [DEBUG] redis: Connection pool size 19
2026-06-15 19:23:36.914 [INFO] nginx: Cache hit ratio 88%
2026-06-15 19:23:37.415 [ERROR] database: Connection timeout after 3640ms
2026-06-15 19:23:37.915 [ERROR] auth-service: Request timeout after 35s
2026-06-15 19:23:38.415 [DEBUG] api-gateway: Connection pool size 13
2026-06-15 19:23:38.915 [INFO] nginx: Cache hit ratio 83%
2026-06-15 19:23:39.415 [DEBUG] nginx: Connection pool size 5
2026-06-15 19:23:39.915 [CRITICAL] nginx: Service crashed
2026-06-15 19:23:40.415 [ERROR] database: Deadlock detected in transaction
2026-06-15 19:23:40.915 [INFO] nginx: Cache hit ratio 93%
2026-06-15 19:23:41.416 [INFO] api-gateway: Cache hit ratio 80%
2026-06-15 19:23:41.916 [DEBUG] api-gateway: Connection pool size 7
2026-06-15 19:23:42.416 [INFO] auth-service: Health check passed
2026-06-15 19:23:42.916 [INFO] payment-service: Health check passed
2026-06-15 19:23:43.416 [DEBUG] nginx: Connection pool size 15
2026-06-15 19:23:43.916 [INFO] payment-service: Cache hit ratio 93%
2026-06-15 19:23:44.416 [DEBUG] api-gateway: Connection pool size 8
2026-06-15 19:23:44.917 [DEBUG] payment-service: Connection pool size 12
2026-06-15 19:23:45.417 [INFO] api-gateway: Request processed successfully in 193ms
2026-06-15 19:23:45.917 [INFO] payment-service: Health check passed
2026-06-15 19:23:46.417 [INFO] user-service: Cache hit ratio 98%
2026-06-15 19:23:46.918 [INFO] nginx: Cache hit ratio 88%
2026-06-15 19:23:47.418 [INFO] payment-service: Cache hit ratio 92%
2026-06-15 19:23:47.918 [INFO] redis: Request processed successfully in 91ms
2026-06-15 19:23:48.418 [ERROR] database: Deadlock detected in transaction
2026-06-15 19:23:48.918 [INFO] payment-service: Connection pool restored
2026-06-15 19:23:49.418 [INFO] user-service: Cache hit ratio 99%
2026-06-15 19:23:49.918 [INFO] nginx: Cache hit ratio 95%
2026-06-15 19:23:50.419 [INFO] user-service: Cache hit ratio 90%
2026-06-15 19:23:50.919 [INFO] database: Cache hit ratio 98%
2026-06-15 19:23:51.419 [INFO] user-service: Health check passed
2026-06-15 19:23:51.919 [WARNING] redis: Slow query detected (26s)
2026-06-15 19:23:52.419 [WARNING] user-service: Memory usage 93%
2026-06-15 19:23:52.919 [CRITICAL] redis: Service crashed
2026-06-15 19:23:53.419 [DEBUG] payment-service: Connection pool size 14
2026-06-15 19:23:53.920 [INFO] database: Cache hit ratio 89%
2026-06-15 19:23:54.420 [ERROR] database: Connection timeout after 1563ms
2026-06-15 19:23:54.920 [INFO] payment-service: Health check passed
2026-06-15 19:23:55.420 [ERROR] database: Query failed - relation 'orders' does not exist
2026-06-15 19:23:55.920 [INFO] nginx: Cache hit ratio 95%
2026-06-15 19:23:56.421 [DEBUG] api-gateway: Connection pool size 17
2026-06-15 19:23:56.921 [ERROR] database: Upstream service unavailable
2026-06-15 19:23:57.421 [DEBUG] payment-service: Connection pool size 11
2026-06-15 19:23:57.921 [DEBUG] nginx: Connection pool size 11
2026-06-15 19:23:58.421 [WARNING] nginx: GC overhead limit reached
2026-06-15 19:23:58.921 [INFO] user-service: Service restarted successfully
2026-06-15 19:23:59.421 [DEBUG] database: Connection pool size 14
2026-06-15 19:23:59.921 [ERROR] database: Deadlock detected in transaction
2026-06-15 19:24:00.421 [INFO] database: Cache hit ratio 85%
2026-06-15 19:24:00.922 [DEBUG] auth-service: Connection pool size 10
2026-06-15 19:24:01.422 [INFO] user-service: Health check passed
2026-06-15 19:24:01.922 [DEBUG] api-gateway: Connection pool size 16
2026-06-15 19:24:02.422 [INFO] redis: Health check passed
2026-06-15 19:24:02.922 [DEBUG] payment-service: Connection pool size 6
2026-06-15 19:24:03.422 [INFO] user-service: Request processed successfully in 147ms
2026-06-15 19:24:03.922 [ERROR] database: Connection timeout after 4166ms
2026-06-15 19:24:04.423 [INFO] payment-service: Cache hit ratio 82%
2026-06-15 19:24:04.923 [INFO] api-gateway: Health check passed
2026-06-15 19:24:05.423 [INFO] user-service: Health check passed
2026-06-15 19:24:05.923 [ERROR] api-gateway: Upstream service unavailable
2026-06-15 19:24:06.423 [WARNING] user-service: Slow query detected (14s)
2026-06-15 19:24:06.923 [INFO] redis: Cache hit ratio 83%
2026-06-15 19:24:07.424 [DEBUG] api-gateway: Connection pool size 8
2026-06-15 19:24:07.924 [ERROR] database: Deadlock detected in transaction
2026-06-15 19:24:08.424 [INFO] nginx: Cache hit ratio 86%
2026-06-15 19:24:08.924 [ERROR] api-gateway: Dependency failure from database
2026-06-15 19:24:09.424 [ERROR] nginx: Dependency failure from api-gateway
2026-06-15 19:24:09.924 [DEBUG] redis: Connection pool size 18
2026-06-15 19:24:10.425 [INFO] nginx: Request processed successfully in 133ms
2026-06-15 19:24:10.925 [INFO] payment-service: Health check passed
2026-06-15 19:24:11.425 [INFO] auth-service: Request processed successfully in 11ms
2026-06-15 19:24:11.925 [INFO] redis: Cache hit ratio 81%
2026-06-15 19:24:12.425 [DEBUG] api-gateway: Connection pool size 20
2026-06-15 19:24:12.925 [DEBUG] user-service: Connection pool size 8
2026-06-15 19:24:13.425 [INFO] user-service: Cache hit ratio 86%
2026-06-15 19:24:13.925 [INFO] nginx: Request processed successfully in 25ms
2026-06-15 19:24:14.426 [INFO] redis: Request processed successfully in 116ms
2026-06-15 19:24:14.926 [INFO] api-gateway: Cache hit ratio 86%
2026-06-15 19:24:15.426 [INFO] user-service: Health check passed after recovery
2026-06-15 19:24:15.926 [DEBUG] redis: Connection pool size 6
2026-06-15 19:24:16.426 [INFO] payment-service: Cache hit ratio 80%
2026-06-15 19:24:16.926 [WARNING] user-service: Slow query detected (25s)
2026-06-15 19:24:17.426 [ERROR] database: Query failed - relation 'orders' does not exist
2026-06-15 19:24:17.927 [WARNING] auth-service: Memory usage 93%
2026-06-15 19:24:18.427 [INFO] payment-service: Request processed successfully in 39ms
2026-06-15 19:24:18.927 [ERROR] api-gateway: Dependency failure from auth-service
2026-06-15 19:24:19.427 [INFO] database: Health check passed
2026-06-15 19:24:19.927 [DEBUG] auth-service: Connection pool size 9
2026-06-15 19:24:20.427 [DEBUG] database: Connection pool size 7
2026-06-15 19:24:20.927 [INFO] user-service: Health check passed
2026-06-15 19:24:21.427 [ERROR] database: Connection timeout after 1442ms
2026-06-15 19:24:21.927 [ERROR] redis: Dependency failure from user-service
2026-06-15 19:24:22.428 [WARNING] nginx: Memory usage 87%
2026-06-15 19:24:22.928 [INFO] auth-service: Health check passed
2026-06-15 19:24:23.428 [INFO] user-service: Request processed successfully in 198ms
2026-06-15 19:24:23.928 [INFO] auth-service: Cache hit ratio 88%
2026-06-15 19:24:24.428 [INFO] redis: Request processed successfully in 47ms
2026-06-15 19:24:24.928 [INFO] nginx: Cache hit ratio 96%
2026-06-15 19:24:25.429 [INFO] auth-service: Service restarted successfully
2026-06-15 19:24:25.929 [DEBUG] user-service: Connection pool size 7
2026-06-15 19:24:26.429 [INFO] redis: Cache hit ratio 96%
2026-06-15 19:24:26.929 [DEBUG] user-service: Connection pool size 20
2026-06-15 19:24:27.429 [INFO] payment-service: Cache hit ratio 98%
2026-06-15 19:24:27.929 [INFO] api-gateway: Request processed successfully in 82ms
2026-06-15 19:24:28.429 [DEBUG] api-gateway: Connection pool size 5
2026-06-15 19:24:28.930 [DEBUG] database: Connection pool size 17
2026-06-15 19:24:29.430 [INFO] api-gateway: Cache hit ratio 84%
2026-06-15 19:24:29.930 [DEBUG] database: Connection pool size 9
2026-06-15 19:24:30.430 [DEBUG] payment-service: Connection pool size 7
2026-06-15 19:24:30.930 [INFO] user-service: Health check passed
2026-06-15 19:24:31.430 [INFO] payment-service: Cache hit ratio 81%
2026-06-15 19:24:31.930 [DEBUG] database: Connection pool size 16
2026-06-15 19:24:32.430 [INFO] nginx: Health check passed
2026-06-15 19:24:32.931 [CRITICAL] database: Service crashed
2026-06-15 19:24:33.431 [INFO] auth-service: Service restarted successfully
2026-06-15 19:24:33.931 [INFO] nginx: Health check passed
2026-06-15 19:24:34.431 [CRITICAL] database: Connection pool exhausted
2026-06-15 19:24:34.931 [INFO] payment-service: Health check passed
2026-06-15 19:24:35.431 [INFO] auth-service: Connection pool restored
2026-06-15 19:24:35.932 [INFO] database: Connection pool restored
2026-06-15 19:24:36.432 [INFO] auth-service: Request processed successfully in 32ms
2026-06-15 19:24:36.932 [DEBUG] database: Connection pool size 5
2026-06-15 19:24:37.432 [INFO] api-gateway: Request processed successfully in 175ms
2026-06-15 19:24:37.932 [INFO] database: Request processed successfully in 179ms
2026-06-15 19:24:38.433 [WARNING] nginx: Slow query detected (17s)
2026-06-15 19:24:38.933 [INFO] user-service: Cache hit ratio 90%
2026-06-15 19:24:39.433 [CRITICAL] database: Connection pool exhausted
2026-06-15 19:24:39.933 [INFO] api-gateway: Cache hit ratio 84%
2026-06-15 19:24:40.433 [INFO] redis: Cache hit ratio 88%
2026-06-15 19:24:40.933 [INFO] user-service: Request processed successfully in 62ms
2026-06-15 19:24:41.433 [DEBUG] nginx: Connection pool size 12
2026-06-15 19:24:41.933 [ERROR] database: Connection timeout after 1062ms
2026-06-15 19:24:42.434 [WARNING] auth-service: Memory usage 88%
2026-06-15 19:24:42.934 [INFO] payment-service: Request processed successfully in 50ms
2026-06-15 19:24:43.434 [INFO] redis: Health check passed
2026-06-15 19:24:43.934 [INFO] user-service: Request processed successfully in 114ms
2026-06-15 19:24:44.434 [WARNING] payment-service: Slow query detected (28s)
2026-06-15 19:24:44.934 [INFO] auth-service: Request processed successfully in 149ms
2026-06-15 19:24:45.435 [ERROR] payment-service: Dependency failure from api-gateway
2026-06-15 19:24:45.935 [INFO] payment-service: Request processed successfully in 30ms
2026-06-15 19:24:46.435 [INFO] user-service: Cache hit ratio 97%
2026-06-15 19:24:46.935 [DEBUG] database: Connection pool size 5
2026-06-15 19:24:47.435 [ERROR] database: Query failed - relation 'orders' does not exist
2026-06-15 19:24:47.936 [INFO] redis: Cache hit ratio 93%
2026-06-15 19:24:48.436 [INFO] database: Health check passed
2026-06-15 19:24:48.936 [INFO] payment-service: Health check passed
2026-06-15 19:24:49.436 [INFO] user-service: Health check passed
2026-06-15 19:24:49.936 [DEBUG] redis: Connection pool size 14
2026-06-15 19:24:50.436 [INFO] user-service: Request processed successfully in 150ms
2026-06-15 19:24:50.936 [INFO] api-gateway: Request processed successfully in 67ms
2026-06-15 19:24:51.436 [CRITICAL] api-gateway: Out of memory error - process killed
2026-06-15 19:24:51.936 [INFO] database: Request processed successfully in 172ms
2026-06-15 19:24:52.436 [INFO] api-gateway: Health check passed
2026-06-15 19:24:52.937 [INFO] redis: Health check passed after recovery
2026-06-15 19:24:53.437 [INFO] payment-service: Health check passed
2026-06-15 19:24:53.937 [ERROR] user-service: Upstream service unavailable
2026-06-15 19:24:54.437 [INFO] auth-service: Health check passed
2026-06-15 19:24:54.937 [INFO] nginx: Request processed successfully in 147ms
2026-06-15 19:24:55.437 [ERROR] user-service: Request timeout after 38s
2026-06-15 19:24:55.937 [CRITICAL] auth-service: Out of memory error - process killed
2026-06-15 19:24:56.437 [DEBUG] redis: Connection pool size 20
2026-06-15 19:24:56.938 [DEBUG] database: Connection pool size 16
2026-06-15 19:24:57.438 [CRITICAL] database: Connection pool exhausted
2026-06-15 19:24:57.938 [INFO] database: Cache hit ratio 81%
2026-06-15 19:24:58.438 [INFO] api-gateway: Request processed successfully in 139ms
2026-06-15 19:24:58.938 [INFO] api-gateway: Request processed successfully in 41ms
2026-06-15 19:24:59.438 [WARNING] nginx: Slow query detected (22s)
2026-06-15 19:24:59.938 [INFO] user-service: Health check passed
2026-06-15 19:25:00.438 [INFO] redis: Request processed successfully in 102ms
2026-06-15 19:25:00.938 [INFO] auth-service: Health check passed
2026-06-15 19:25:01.439 [ERROR] database: Deadlock detected in transaction
2026-06-15 19:25:01.939 [ERROR] user-service: Request timeout after 39s
2026-06-15 19:25:02.439 [DEBUG] api-gateway: Connection pool size 7
2026-06-15 19:25:02.939 [INFO] nginx: Cache hit ratio 86%
2026-06-15 19:25:03.439 [INFO] user-service: Cache hit ratio 80%
2026-06-15 19:25:03.939 [INFO] redis: Service restarted successfully
2026-06-15 19:25:04.439 [ERROR] auth-service: Dependency failure from user-service
2026-06-15 19:25:04.939 [INFO] payment-service: Cache hit ratio 88%
2026-06-15 19:25:05.440 [INFO] api-gateway: Request processed successfully in 109ms
2026-06-15 19:25:05.940 [INFO] database: Service restarted successfully
2026-06-15 19:25:06.440 [INFO] auth-service: Health check passed
2026-06-15 19:25:06.940 [INFO] auth-service: Cache hit ratio 97%
2026-06-15 19:25:07.440 [CRITICAL] database: Connection pool exhausted
2026-06-15 19:25:07.940 [INFO] user-service: Cache hit ratio 86%
2026-06-15 19:25:08.440 [CRITICAL] payment-service: Out of memory error - process killed
2026-06-15 19:25:08.940 [INFO] nginx: Request processed successfully in 96ms
2026-06-15 19:25:09.440 [INFO] database: Request processed successfully in 21ms
2026-06-15 19:25:09.940 [DEBUG] api-gateway: Connection pool size 14
2026-06-15 19:25:10.441 [DEBUG] payment-service: Connection pool size 20
2026-06-15 19:25:10.941 [DEBUG] redis: Connection pool size 6
2026-06-15 19:25:11.441 [INFO] auth-service: Health check passed
2026-06-15 19:25:11.941 [INFO] redis: Health check passed
2026-06-15 19:25:12.441 [ERROR] database: Connection timeout after 3399ms
2026-06-15 19:25:12.941 [CRITICAL] user-service: Service crashed
2026-06-15 19:25:13.441 [INFO] payment-service: Health check passed after recovery
2026-06-15 19:25:13.941 [DEBUG] redis: Connection pool size 19
2026-06-15 19:25:14.442 [ERROR] database: Query failed - relation 'orders' does not exist
2026-06-15 19:25:14.942 [INFO] api-gateway: Connection pool restored
2026-06-15 19:25:15.442 [INFO] api-gateway: Cache hit ratio 85%
2026-06-15 19:25:15.942 [INFO] user-service: Cache hit ratio 81%
2026-06-15 19:25:16.442 [ERROR] database: Connection timeout after 1102ms
2026-06-15 19:25:16.942 [DEBUG] redis: Connection pool size 5
2026-06-15 19:25:17.442 [INFO] auth-service: Request processed successfully in 101ms
2026-06-15 19:25:17.942 [CRITICAL] database: Connection pool exhausted
2026-06-15 19:25:18.442 [INFO] payment-service: Health check passed after recovery
2026-06-15 19:25:18.943 [INFO] api-gateway: Cache hit ratio 94%
2026-06-15 19:25:19.443 [INFO] nginx: Cache hit ratio 80%
2026-06-15 19:25:19.943 [ERROR] database: Connection timeout after 4229ms
2026-06-15 19:25:20.443 [INFO] payment-service: Cache hit ratio 91%
2026-06-15 19:25:20.943 [DEBUG] user-service: Connection pool size 11
2026-06-15 19:25:21.443 [INFO] payment-service: Request processed successfully in 34ms
2026-06-15 19:25:21.943 [DEBUG] api-gateway: Connection pool size 7
2026-06-15 19:25:22.443 [INFO] payment-service: Request processed successfully in 175ms
2026-06-15 19:25:22.944 [DEBUG] nginx: Connection pool size 13
2026-06-15 19:25:23.444 [INFO] redis: Cache hit ratio 91%
2026-06-15 19:25:23.944 [CRITICAL] nginx: Out of memory error - process killed
2026-06-15 19:25:24.444 [INFO] redis: Request processed successfully in 91ms
2026-06-15 19:25:24.944 [ERROR] database: Connection timeout after 2517ms
2026-06-15 19:25:25.444 [INFO] api-gateway: Health check passed
2026-06-15 19:25:25.945 [ERROR] database: Query failed - relation 'orders' does not exist
2026-06-15 19:25:26.445 [INFO] redis: Request processed successfully in 36ms
2026-06-15 19:25:26.945 [INFO] user-service: Request processed successfully in 17ms
2026-06-15 19:25:27.445 [INFO] user-service: Request processed successfully in 63ms
2026-06-15 19:25:27.945 [INFO] payment-service: Cache hit ratio 87%
2026-06-15 19:25:28.445 [DEBUG] user-service: Connection pool size 13
2026-06-15 19:25:28.945 [INFO] auth-service: Health check passed after recovery
2026-06-15 19:25:29.445 [ERROR] database: Upstream service unavailable
2026-06-15 19:25:29.945 [DEBUG] user-service: Connection pool size 16
2026-06-15 19:25:30.446 [DEBUG] auth-service: Connection pool size 17
2026-06-15 19:25:30.946 [INFO] api-gateway: Cache hit ratio 90%
2026-06-15 19:25:31.446 [ERROR] database: Query failed - relation 'orders' does not exist
2026-06-15 19:25:31.946 [DEBUG] payment-service: Connection pool size 13
2026-06-15 19:25:32.446 [DEBUG] nginx: Connection pool size 13
2026-06-15 19:25:32.946 [INFO] nginx: Connection pool restored
2026-06-15 19:25:33.446 [INFO] database: Health check passed
2026-06-15 19:25:33.946 [INFO] redis: Cache hit ratio 86%
2026-06-15 19:25:34.446 [ERROR] database: Upstream service unavailable
2026-06-15 19:25:34.947 [INFO] payment-service: Cache hit ratio 91%
2026-06-15 19:25:35.447 [INFO] payment-service: Health check passed
2026-06-15 19:25:35.947 [INFO] payment-service: Request processed successfully in 167ms
2026-06-15 19:25:36.447 [DEBUG] auth-service: Connection pool size 10
2026-06-15 19:25:36.947 [INFO] redis: Cache hit ratio 85%
2026-06-15 19:25:37.447 [INFO] auth-service: Health check passed
2026-06-15 19:25:37.947 [INFO] user-service: Connection pool restored
2026-06-15 19:25:38.447 [CRITICAL] api-gateway: Out of memory error - process killed
2026-06-15 19:25:38.947 [DEBUG] database: Connection pool size 10
2026-06-15 19:25:39.447 [DEBUG] auth-service: Connection pool size 19
2026-06-15 19:25:39.948 [INFO] user-service: Health check passed
2026-06-15 19:25:40.448 [INFO] auth-service: Health check passed
2026-06-15 19:25:40.948 [INFO] database: Health check passed
2026-06-15 19:25:41.448 [WARNING] nginx: GC overhead limit reached
2026-06-15 19:25:41.948 [INFO] redis: Health check passed
2026-06-15 19:25:42.448 [INFO] database: Request processed successfully in 13ms
2026-06-15 19:25:42.948 [DEBUG] database: Connection pool size 14
2026-06-15 19:25:43.448 [DEBUG] api-gateway: Connection pool size 11
2026-06-15 19:25:43.948 [ERROR] database: Deadlock detected in transaction
2026-06-15 19:25:44.449 [CRITICAL] database: Out of memory error - process killed
2026-06-15 19:25:44.949 [INFO] database: Health check passed
2026-06-15 19:25:45.449 [INFO] auth-service: Health check passed
2026-06-15 19:25:45.949 [INFO] user-service: Health check passed
2026-06-15 19:25:46.449 [ERROR] database: Query failed - relation 'orders' does not exist
2026-06-15 19:25:46.949 [INFO] user-service: Health check passed
2026-06-15 19:25:47.449 [DEBUG] api-gateway: Connection pool size 5
2026-06-15 19:25:47.950 [INFO] api-gateway: Health check passed
2026-06-15 19:25:48.450 [INFO] redis: Request processed successfully in 137ms
2026-06-15 19:25:48.950 [DEBUG] redis: Connection pool size 5
2026-06-15 19:25:49.450 [ERROR] auth-service: Dependency failure from api-gateway
2026-06-15 19:25:49.950 [INFO] payment-service: Request processed successfully in 136ms
2026-06-15 19:25:50.450 [INFO] api-gateway: Request processed successfully in 172ms
2026-06-15 19:25:50.950 [INFO] user-service: Health check passed
2026-06-15 19:25:51.450 [INFO] redis: Health check passed
2026-06-15 19:25:51.951 [CRITICAL] nginx: Service crashed
2026-06-15 19:25:52.451 [INFO] redis: Health check passed
2026-06-15 19:25:52.951 [DEBUG] nginx: Connection pool size 16
2026-06-15 19:25:53.451 [INFO] database: Health check passed
2026-06-15 19:25:53.951 [INFO] database: Request processed successfully in 180ms
2026-06-15 19:25:54.451 [INFO] auth-service: Health check passed
2026-06-15 19:25:54.951 [DEBUG] auth-service: Connection pool size 9
2026-06-15 19:25:55.452 [WARNING] redis: Slow query detected (30s)
2026-06-15 19:25:55.952 [INFO] payment-service: Cache hit ratio 92%
2026-06-15 19:25:56.452 [INFO] user-service: Health check passed
2026-06-15 19:25:56.952 [INFO] payment-service: Health check passed
2026-06-15 19:25:57.452 [DEBUG] api-gateway: Connection pool size 15
2026-06-15 19:25:57.952 [DEBUG] api-gateway: Connection pool size 15
2026-06-15 19:25:58.452 [INFO] database: Health check passed
2026-06-15 19:25:58.952 [ERROR] database: Deadlock detected in transaction
2026-06-15 19:25:59.452 [INFO] payment-service: Cache hit ratio 93%
2026-06-15 19:25:59.953 [INFO] api-gateway: Cache hit ratio 96%
2026-06-15 19:26:00.453 [ERROR] database: Query failed - relation 'orders' does not exist
2026-06-15 19:26:00.953 [INFO] auth-service: Request processed successfully in 163ms
2026-06-15 19:26:01.453 [DEBUG] nginx: Connection pool size 11
2026-06-15 19:26:01.953 [INFO] database: Request processed successfully in 142ms
2026-06-15 19:26:02.453 [INFO] nginx: Request processed successfully in 176ms
2026-06-15 19:26:02.953 [DEBUG] user-service: Connection pool size 5
2026-06-15 19:26:03.453 [INFO] payment-service: Request processed successfully in 171ms
2026-06-15 19:26:03.953 [INFO] auth-service: Cache hit ratio 87%
2026-06-15 19:26:04.454 [INFO] api-gateway: Request processed successfully in 88ms
2026-06-15 19:26:04.954 [INFO] payment-service: Request processed successfully in 130ms
2026-06-15 19:26:05.454 [INFO] redis: Health check passed
2026-06-15 19:26:05.954 [INFO] database: Service restarted successfully
2026-06-15 19:26:06.454 [WARNING] database: GC overhead limit reached
2026-06-15 19:26:06.954 [INFO] api-gateway: Cache hit ratio 94%
2026-06-15 19:26:07.454 [INFO] database: Cache hit ratio 92%
2026-06-15 19:26:07.954 [INFO] redis: Cache hit ratio 98%
2026-06-15 19:26:08.454 [ERROR] database: Connection timeout after 4913ms
2026-06-15 19:26:08.955 [INFO] database: Request processed successfully in 128ms
2026-06-15 19:26:09.455 [INFO] redis: Connection pool restored
2026-06-15 19:26:09.955 [INFO] nginx: Request processed successfully in 45ms
2026-06-15 19:26:10.455 [INFO] user-service: Service restarted successfully
2026-06-15 19:26:10.955 [DEBUG] payment-service: Connection pool size 8
2026-06-15 19:26:11.455 [CRITICAL] database: Connection pool exhausted
2026-06-15 19:26:11.955 [INFO] auth-service: Request processed successfully in 95ms
2026-06-15 19:26:12.455 [DEBUG] api-gateway: Connection pool size 6
2026-06-15 19:26:12.955 [INFO] nginx: Cache hit ratio 97%
2026-06-15 19:26:13.455 [INFO] payment-service: Cache hit ratio 86%
2026-06-15 19:26:13.956 [INFO] payment-service: Cache hit ratio 87%
2026-06-15 19:26:14.456 [INFO] database: Health check passed
2026-06-15 19:26:14.956 [INFO] database: Request processed successfully in 93ms
2026-06-15 19:26:15.456 [INFO] redis: Health check passed
2026-06-15 19:26:15.956 [ERROR] database: Connection timeout after 1671ms
2026-06-15 19:26:16.456 [ERROR] database: Deadlock detected in transaction
2026-06-15 19:26:16.956 [WARNING] redis: Slow query detected (6s)
2026-06-15 19:26:17.456 [CRITICAL] nginx: Out of memory error - process killed
2026-06-15 19:26:17.956 [ERROR] database: Deadlock detected in transaction
2026-06-15 19:26:18.456 [INFO] api-gateway: Cache hit ratio 95%
2026-06-15 19:26:18.957 [WARNING] api-gateway: Slow query detected (8s)
2026-06-15 19:26:19.457 [INFO] api-gateway: Cache hit ratio 96%
2026-06-15 19:26:19.957 [INFO] nginx: Request processed successfully in 185ms
2026-06-15 19:26:20.457 [INFO] user-service: Service restarted successfully
2026-06-15 19:26:20.957 [INFO] nginx: Health check passed
2026-06-15 19:26:21.457 [INFO] redis: Health check passed
2026-06-15 19:26:21.957 [INFO] user-service: Service restarted successfully
2026-06-15 19:26:22.457 [ERROR] database: Connection timeout after 3622ms
2026-06-15 19:26:22.957 [ERROR] database: Deadlock detected in transaction
2026-06-15 19:26:23.458 [INFO] api-gateway: Service restarted successfully
2026-06-15 19:26:23.958 [INFO] auth-service: Cache hit ratio 85%
2026-06-15 19:26:24.458 [WARNING] database: GC overhead limit reached
2026-06-15 19:26:24.958 [INFO] user-service: Request processed successfully in 100ms
2026-06-15 19:26:25.458 [DEBUG] nginx: Connection pool size 8
2026-06-15 19:26:25.958 [INFO] redis: Request processed successfully in 180ms
2026-06-15 19:26:26.458 [INFO] nginx: Request processed successfully in 73ms
2026-06-15 19:26:26.958 [INFO] database: Cache hit ratio 89%
2026-06-15 19:26:27.459 [INFO] nginx: Health check passed
2026-06-15 19:26:27.959 [DEBUG] api-gateway: Connection pool size 18
2026-06-15 19:26:28.459 [INFO] database: Health check passed after recovery
2026-06-15 19:26:28.959 [INFO] nginx: Request processed successfully in 162ms
2026-06-15 19:26:29.459 [INFO] auth-service: Service restarted successfully
2026-06-15 19:26:29.959 [INFO] auth-service: Request processed successfully in 42ms
2026-06-15 19:26:30.459 [CRITICAL] database: Connection pool exhausted
2026-06-15 19:26:30.960 [WARNING] nginx: Slow query detected (11s)
2026-06-15 19:26:31.460 [INFO] database: Health check passed after recovery
2026-06-15 19:26:31.960 [ERROR] database: Query failed - relation 'orders' does not exist
2026-06-15 19:26:32.460 [INFO] api-gateway: Cache hit ratio 98%
2026-06-15 19:26:32.960 [INFO] nginx: Connection pool restored
2026-06-15 19:26:33.460 [INFO] user-service: Request processed successfully in 134ms
2026-06-15 19:26:33.960 [INFO] nginx: Health check passed
2026-06-15 19:26:34.460 [INFO] api-gateway: Cache hit ratio 99%
2026-06-15 19:26:34.960 [CRITICAL] payment-service: Service crashed
2026-06-15 19:26:35.461 [INFO] nginx: Health check passed
2026-06-15 19:26:35.961 [DEBUG] database: Connection pool size 7
2026-06-15 19:26:36.461 [ERROR] payment-service: Request timeout after 48s
2026-06-15 19:26:36.961 [INFO] nginx: Service restarted successfully
2026-06-15 19:26:37.461 [INFO] api-gateway: Cache hit ratio 97%
2026-06-15 19:26:37.961 [INFO] api-gateway: Cache hit ratio 85%
2026-06-15 19:26:38.461 [INFO] redis: Health check passed
2026-06-15 19:26:38.961 [ERROR] database: Connection timeout after 2326ms
2026-06-15 19:26:39.462 [INFO] payment-service: Health check passed
2026-06-15 19:26:39.962 [INFO] database: Health check passed
2026-06-15 19:26:40.462 [INFO] database: Cache hit ratio 88%
2026-06-15 19:26:40.962 [CRITICAL] api-gateway: Service crashed
2026-06-15 19:26:41.462 [INFO] payment-service: Request processed successfully in 77ms
2026-06-15 19:26:41.962 [WARNING] api-gateway: GC overhead limit reached
2026-06-15 19:26:42.462 [INFO] database: Request processed successfully in 55ms
2026-06-15 19:26:42.962 [INFO] redis: Health check passed
2026-06-15 19:26:43.463 [INFO] auth-service: Cache hit ratio 80%
2026-06-15 19:26:43.963 [DEBUG] database: Connection pool size 6
2026-06-15 19:26:44.463 [WARNING] auth-service: Slow query detected (23s)
2026-06-15 19:26:44.963 [INFO] user-service: Request processed successfully in 95ms
2026-06-15 19:26:45.463 [CRITICAL] redis: Out of memory error - process killed
2026-06-15 19:26:45.963 [ERROR] database: Query failed - relation 'orders' does not exist
2026-06-15 19:26:46.463 [ERROR] database: Dependency failure from nginx
2026-06-15 19:26:46.963 [DEBUG] payment-service: Connection pool size 19
2026-06-15 19:26:47.464 [INFO] redis: Cache hit ratio 99%
2026-06-15 19:26:47.964 [DEBUG] user-service: Connection pool size 16
2026-06-15 19:26:48.464 [INFO] nginx: Health check passed
2026-06-15 19:26:48.964 [INFO] database: Cache hit ratio 86%
2026-06-15 19:26:49.464 [INFO] api-gateway: Health check passed
2026-06-15 19:26:49.964 [INFO] api-gateway: Health check passed after recovery
2026-06-15 19:26:50.464 [DEBUG] redis: Connection pool size 8
2026-06-15 19:26:50.964 [CRITICAL] database: Connection pool exhausted
2026-06-15 19:26:51.464 [INFO] database: Cache hit ratio 93%
2026-06-15 19:26:51.965 [CRITICAL] payment-service: Service crashed
2026-06-15 19:26:52.465 [INFO] database: Health check passed
2026-06-15 19:26:52.965 [WARNING] auth-service: Memory usage 90%
2026-06-15 19:26:53.465 [INFO] database: Request processed successfully in 127ms
2026-06-15 19:26:53.965 [INFO] database: Request processed successfully in 179ms
2026-06-15 19:26:54.465 [CRITICAL] user-service: Service crashed
2026-06-15 19:26:54.965 [DEBUG] nginx: Connection pool size 5
2026-06-15 19:26:55.465 [INFO] database: Health check passed
2026-06-15 19:26:55.965 [INFO] user-service: Request processed successfully in 154ms
2026-06-15 19:26:56.466 [INFO] redis: Health check passed after recovery
2026-06-15 19:26:56.966 [ERROR] database: Query failed - relation 'orders' does not exist
2026-06-15 19:26:57.466 [ERROR] database: Request timeout after 54s
2026-06-15 19:26:57.966 [INFO] redis: Health check passed
2026-06-15 19:26:58.466 [CRITICAL] auth-service: Out of memory error - process killed
2026-06-15 19:26:58.966 [INFO] redis: Health check passed
2026-06-15 19:26:59.466 [INFO] auth-service: Cache hit ratio 83%
2026-06-15 19:26:59.966 [INFO] database: Cache hit ratio 85%
2026-06-15 19:27:00.466 [DEBUG] nginx: Connection pool size 11
2026-06-15 19:27:00.967 [INFO] api-gateway: Cache hit ratio 98%
2026-06-15 19:27:01.467 [CRITICAL] database: Connection pool exhausted
2026-06-15 19:27:01.967 [CRITICAL] auth-service: Out of memory error - process killed
2026-06-15 19:27:02.467 [DEBUG] payment-service: Connection pool size 18
2026-06-15 19:27:02.967 [DEBUG] redis: Connection pool size 20
2026-06-15 19:27:03.467 [ERROR] payment-service: Request timeout after 51s
2026-06-15 19:27:03.967 [INFO] database: Health check passed after recovery
2026-06-15 19:27:04.468 [ERROR] database: Connection timeout after 1159ms
2026-06-15 19:27:04.968 [DEBUG] database: Connection pool size 19
2026-06-15 19:27:05.468 [INFO] api-gateway: Request processed successfully in 188ms
2026-06-15 19:27:05.968 [DEBUG] nginx: Connection pool size 5
2026-06-15 19:27:06.468 [INFO] redis: Health check passed
2026-06-15 19:27:06.968 [INFO] auth-service: Cache hit ratio 97%
2026-06-15 19:27:07.468 [DEBUG] user-service: Connection pool size 19
2026-06-15 19:27:07.969 [DEBUG] database: Connection pool size 6
2026-06-15 19:27:08.469 [INFO] auth-service: Cache hit ratio 85%
2026-06-15 19:27:08.969 [INFO] payment-service: Health check passed
2026-06-15 19:27:09.469 [INFO] api-gateway: Health check passed
2026-06-15 19:27:09.969 [INFO] api-gateway: Request processed successfully in 28ms
2026-06-15 19:27:10.469 [CRITICAL] database: Service crashed
2026-06-15 19:27:10.969 [ERROR] database: Query failed - relation 'orders' does not exist
2026-06-15 19:27:11.469 [ERROR] database: Deadlock detected in transaction
2026-06-15 19:27:11.970 [INFO] redis: Request processed successfully in 197ms
2026-06-15 19:27:12.470 [INFO] api-gateway: Request processed successfully in 97ms
2026-06-15 19:27:12.970 [DEBUG] api-gateway: Connection pool size 10
2026-06-15 19:27:13.470 [INFO] api-gateway: Cache hit ratio 97%
2026-06-15 19:27:13.970 [WARNING] payment-service: GC overhead limit reached
2026-06-15 19:27:14.470 [INFO] redis: Request processed successfully in 74ms
2026-06-15 19:27:14.970 [DEBUG] user-service: Connection pool size 12
2026-06-15 19:27:15.470 [INFO] payment-service: Request processed successfully in 116ms
2026-06-15 19:27:15.971 [INFO] payment-service: Health check passed
2026-06-15 19:27:16.471 [DEBUG] nginx: Connection pool size 10
2026-06-15 19:27:16.971 [INFO] nginx: Cache hit ratio 98%
2026-06-15 19:27:17.471 [INFO] user-service: Request processed successfully in 169ms
2026-06-15 19:27:17.971 [ERROR] database: Deadlock detected in transaction
2026-06-15 19:27:18.471 [INFO] nginx: Cache hit ratio 93%
2026-06-15 19:27:18.971 [INFO] api-gateway: Service restarted successfully
2026-06-15 19:27:19.471 [INFO] auth-service: Request processed successfully in 34ms
2026-06-15 19:27:19.972 [WARNING] database: Memory usage 92%
2026-06-15 19:27:20.472 [INFO] database: Request processed successfully in 63ms
2026-06-15 19:27:20.972 [INFO] auth-service: Connection pool restored
2026-06-15 19:27:21.472 [DEBUG] nginx: Connection pool size 19
2026-06-15 19:27:21.972 [WARNING] nginx: Memory usage 93%
2026-06-15 19:27:22.472 [INFO] nginx: Health check passed
2026-06-15 19:27:22.972 [DEBUG] auth-service: Connection pool size 9
2026-06-15 19:27:23.472 [INFO] redis: Health check passed
2026-06-15 19:27:23.973 [INFO] auth-service: Request processed successfully in 36ms
2026-06-15 19:27:24.473 [DEBUG] user-service: Connection pool size 9
2026-06-15 19:27:24.973 [INFO] user-service: Health check passed after recovery
2026-06-15 19:27:25.473 [INFO] redis: Request processed successfully in 99ms
2026-06-15 19:27:25.973 [CRITICAL] auth-service: Out of memory error - process killed
2026-06-15 19:27:26.473 [INFO] auth-service: Request processed successfully in 34ms
2026-06-15 19:27:26.973 [DEBUG] redis: Connection pool size 9
2026-06-15 19:27:27.473 [INFO] payment-service: Health check passed after recovery
2026-06-15 19:27:27.974 [INFO] database: Health check passed
2026-06-15 19:27:28.474 [DEBUG] database: Connection pool size 19
2026-06-15 19:27:28.974 [DEBUG] api-gateway: Connection pool size 18
2026-06-15 19:27:29.474 [INFO] api-gateway: Request processed successfully in 116ms
2026-06-15 19:27:29.974 [INFO] auth-service: Cache hit ratio 87%
2026-06-15 19:27:30.474 [DEBUG] database: Connection pool size 17
2026-06-15 19:27:30.974 [DEBUG] nginx: Connection pool size 14
2026-06-15 19:27:31.474 [DEBUG] api-gateway: Connection pool size 16
2026-06-15 19:27:31.974 [WARNING] user-service: GC overhead limit reached
2026-06-15 19:27:32.475 [ERROR] nginx: Circuit breaker open for payment-service
2026-06-15 19:27:32.975 [INFO] user-service: Cache hit ratio 92%
2026-06-15 19:27:33.475 [CRITICAL] api-gateway: Out of memory error - process killed
2026-06-15 19:27:33.975 [INFO] auth-service: Cache hit ratio 81%
2026-06-15 19:27:34.475 [DEBUG] auth-service: Connection pool size 8
2026-06-15 19:27:34.975 [ERROR] database: Connection timeout after 1757ms
2026-06-15 19:27:35.475 [INFO] api-gateway: Request processed successfully in 174ms
2026-06-15 19:27:35.976 [INFO] payment-service: Request processed successfully in 35ms
2026-06-15 19:27:36.476 [ERROR] nginx: Upstream service unavailable
2026-06-15 19:27:36.976 [INFO] redis: Request processed successfully in 135ms
2026-06-15 19:27:37.476 [WARNING] user-service: Slow query detected (9s)
2026-06-15 19:27:37.976 [INFO] nginx: Request processed successfully in 101ms
2026-06-15 19:27:38.476 [INFO] user-service: Request processed successfully in 104ms
2026-06-15 19:27:38.976 [INFO] auth-service: Request processed successfully in 44ms
2026-06-15 19:27:39.476 [DEBUG] payment-service: Connection pool size 14
2026-06-15 19:27:39.976 [INFO] database: Cache hit ratio 95%
2026-06-15 19:27:40.476 [INFO] payment-service: Cache hit ratio 81%
2026-06-15 19:27:40.977 [INFO] auth-service: Cache hit ratio 99%
2026-06-15 19:27:41.477 [DEBUG] redis: Connection pool size 11
2026-06-15 19:27:41.977 [CRITICAL] user-service: Out of memory error - process killed
2026-06-15 19:27:42.477 [INFO] nginx: Cache hit ratio 80%
2026-06-15 19:27:42.977 [ERROR] redis: Upstream service unavailable
2026-06-15 19:27:43.477 [INFO] auth-service: Health check passed
2026-06-15 19:27:43.977 [CRITICAL] database: Connection pool exhausted
2026-06-15 19:27:44.477 [INFO] payment-service: Health check passed
2026-06-15 19:27:44.977 [INFO] api-gateway: Cache hit ratio 92%
2026-06-15 19:27:45.478 [INFO] api-gateway: Health check passed
2026-06-15 19:27:45.978 [INFO] user-service: Request processed successfully in 170ms
2026-06-15 19:27:46.478 [INFO] payment-service: Service restarted successfully
2026-06-15 19:27:46.978 [INFO] database: Health check passed
2026-06-15 19:27:47.478 [INFO] payment-service: Request processed successfully in 188ms
2026-06-15 19:27:47.978 [WARNING] api-gateway: GC overhead limit reached
2026-06-15 19:27:48.478 [INFO] database: Health check passed after recovery
2026-06-15 19:27:48.978 [INFO] nginx: Health check passed
2026-06-15 19:27:49.478 [INFO] auth-service: Connection pool restored
2026-06-15 19:27:49.978 [DEBUG] api-gateway: Connection pool size 18
2026-06-15 19:27:50.478 [DEBUG] payment-service: Connection pool size 14
2026-06-15 19:27:50.979 [INFO] database: Cache hit ratio 93%
2026-06-15 19:27:51.479 [INFO] user-service: Cache hit ratio 92%
2026-06-15 19:27:51.979 [DEBUG] user-service: Connection pool size 17
2026-06-15 19:27:52.479 [INFO] nginx: Request processed successfully in 72ms
2026-06-15 19:27:52.979 [INFO] database: Request processed successfully in 45ms
2026-06-15 19:27:53.479 [ERROR] database: Query failed - relation 'orders' does not exist
2026-06-15 19:27:53.979 [INFO] database: Health check passed
2026-06-15 19:27:54.479 [INFO] redis: Request processed successfully in 113ms
2026-06-15 19:27:54.980 [INFO] nginx: Request processed successfully in 144ms
2026-06-15 19:27:55.480 [DEBUG] redis: Connection pool size 10
2026-06-15 19:27:55.980 [INFO] nginx: Service restarted successfully
2026-06-15 19:27:56.480 [ERROR] auth-service: Request timeout after 31s
2026-06-15 19:27:56.980 [DEBUG] user-service: Connection pool size 15
2026-06-15 19:27:57.480 [INFO] database: Connection pool restored
2026-06-15 19:27:57.980 [INFO] database: Cache hit ratio 92%
2026-06-15 19:27:58.480 [INFO] database: Cache hit ratio 84%
2026-06-15 19:27:58.980 [DEBUG] api-gateway: Connection pool size 12
2026-06-15 19:27:59.480 [INFO] user-service: Health check passed
2026-06-15 19:27:59.981 [DEBUG] user-service: Connection pool size 5
2026-06-15 19:28:00.481 [CRITICAL] database: Connection pool exhausted
2026-06-15 19:28:00.981 [INFO] database: Health check passed after recovery
2026-06-15 19:28:01.481 [DEBUG] auth-service: Connection pool size 5
2026-06-15 19:28:01.981 [INFO] database: Health check passed
2026-06-15 19:28:02.481 [ERROR] database: Query failed - relation 'orders' does not exist
2026-06-15 19:28:02.981 [DEBUG] auth-service: Connection pool size 12
2026-06-15 19:28:03.481 [WARNING] payment-service: Memory usage 90%
2026-06-15 19:28:03.981 [INFO] payment-service: Request processed successfully in 189ms
2026-06-15 19:28:04.481 [INFO] database: Health check passed
2026-06-15 19:28:04.982 [DEBUG] user-service: Connection pool size 17
2026-06-15 19:28:05.482 [INFO] nginx: Cache hit ratio 88%
2026-06-15 19:28:05.982 [INFO] api-gateway: Request processed successfully in 100ms
2026-06-15 19:28:06.482 [INFO] user-service: Request processed successfully in 91ms
2026-06-15 19:28:06.982 [INFO] auth-service: Request processed successfully in 193ms
2026-06-15 19:28:07.482 [CRITICAL] user-service: Service crashed
2026-06-15 19:28:07.982 [DEBUG] database: Connection pool size 14
2026-06-15 19:28:08.482 [DEBUG] nginx: Connection pool size 15
2026-06-15 19:28:08.982 [INFO] database: Cache hit ratio 83%
2026-06-15 19:28:09.483 [INFO] redis: Cache hit ratio 82%
2026-06-15 19:28:09.983 [ERROR] database: Query failed - relation 'orders' does not exist
2026-06-15 19:28:10.483 [INFO] redis: Cache hit ratio 85%
2026-06-15 19:28:10.983 [DEBUG] api-gateway: Connection pool size 13
2026-06-15 19:28:11.483 [INFO] api-gateway: Request processed successfully in 127ms
2026-06-15 19:28:11.983 [INFO] database: Health check passed
2026-06-15 19:28:12.483 [INFO] redis: Request processed successfully in 197ms
2026-06-15 19:28:12.983 [INFO] user-service: Service restarted successfully
2026-06-15 19:28:13.484 [INFO] database: Request processed successfully in 136ms
2026-06-15 19:28:13.984 [INFO] user-service: Request processed successfully in 192ms
2026-06-15 19:28:14.484 [INFO] auth-service: Request processed successfully in 23ms
2026-06-15 19:28:14.984 [ERROR] api-gateway: Request timeout after 42s
2026-06-15 19:28:15.484 [DEBUG] redis: Connection pool size 18
2026-06-15 19:28:15.984 [WARNING] nginx: Memory usage 93%
2026-06-15 19:28:16.484 [INFO] payment-service: Connection pool restored
2026-06-15 19:28:16.985 [INFO] database: Cache hit ratio 91%
2026-06-15 19:28:17.485 [INFO] redis: Connection pool restored
2026-06-15 19:28:17.985 [INFO] user-service: Request processed successfully in 41ms
2026-06-15 19:28:18.485 [INFO] redis: Cache hit ratio 89%
2026-06-15 19:28:18.985 [DEBUG] redis: Connection pool size 11
2026-06-15 19:28:19.485 [DEBUG] redis: Connection pool size 10
2026-06-15 19:28:19.985 [INFO] api-gateway: Health check passed
2026-06-15 19:28:20.485 [DEBUG] api-gateway: Connection pool size 8
2026-06-15 19:28:20.985 [CRITICAL] auth-service: Out of memory error - process killed
2026-06-15 19:28:21.485 [DEBUG] redis: Connection pool size 17
2026-06-15 19:28:21.985 [DEBUG] database: Connection pool size 15
2026-06-15 19:28:22.486 [DEBUG] api-gateway: Connection pool size 5
2026-06-15 19:28:22.986 [INFO] api-gateway: Health check passed after recovery
2026-06-15 19:28:23.486 [INFO] auth-service: Health check passed
2026-06-15 19:28:23.986 [DEBUG] database: Connection pool size 6
2026-06-15 19:28:24.486 [INFO] user-service: Cache hit ratio 92%
2026-06-15 19:28:24.986 [WARNING] database: Slow query detected (22s)
2026-06-15 19:28:25.487 [ERROR] database: Deadlock detected in transaction
2026-06-15 19:28:25.987 [DEBUG] user-service: Connection pool size 18
2026-06-15 19:28:26.487 [DEBUG] api-gateway: Connection pool size 13
2026-06-15 19:28:26.987 [INFO] nginx: Request processed successfully in 10ms
2026-06-15 19:28:27.487 [INFO] auth-service: Service restarted successfully
2026-06-15 19:28:27.987 [ERROR] database: Deadlock detected in transaction
2026-06-15 19:28:28.487 [ERROR] auth-service: Upstream service unavailable
2026-06-15 19:28:28.988 [DEBUG] redis: Connection pool size 17
2026-06-15 19:28:29.488 [INFO] database: Cache hit ratio 86%
2026-06-15 19:28:29.988 [INFO] database: Cache hit ratio 98%
2026-06-15 19:28:30.488 [INFO] api-gateway: Request processed successfully in 184ms
2026-06-15 19:28:30.988 [INFO] api-gateway: Health check passed
2026-06-15 19:28:31.488 [INFO] payment-service: Cache hit ratio 90%
2026-06-15 19:28:31.988 [CRITICAL] database: Connection pool exhausted
2026-06-15 19:28:32.488 [INFO] api-gateway: Cache hit ratio 88%
2026-06-15 19:28:32.989 [INFO] payment-service: Health check passed
2026-06-15 19:28:33.489 [INFO] payment-service: Connection pool restored
2026-06-15 19:28:33.989 [ERROR] database: Query failed - relation 'orders' does not exist
2026-06-15 19:28:34.489 [INFO] api-gateway: Request processed successfully in 43ms
2026-06-15 19:28:34.989 [INFO] nginx: Cache hit ratio 83%
2026-06-15 19:28:35.489 [DEBUG] api-gateway: Connection pool size 5
2026-06-15 19:28:35.990 [INFO] auth-service: Health check passed
2026-06-15 19:28:36.490 [DEBUG] redis: Connection pool size 16
2026-06-15 19:28:36.990 [INFO] database: Health check passed
2026-06-15 19:28:37.490 [ERROR] database: Deadlock detected in transaction
2026-06-15 19:28:37.990 [ERROR] database: Upstream service unavailable
2026-06-15 19:28:38.490 [WARNING] database: Memory usage 91%
2026-06-15 19:28:38.990 [DEBUG] redis: Connection pool size 18
2026-06-15 19:28:39.490 [WARNING] payment-service: GC overhead limit reached
2026-06-15 19:28:39.991 [CRITICAL] database: Connection pool exhausted
2026-06-15 19:28:40.491 [DEBUG] auth-service: Connection pool size 7
2026-06-15 19:28:40.991 [ERROR] database: Deadlock detected in transaction
2026-06-15 19:28:41.491 [DEBUG] nginx: Connection pool size 5
2026-06-15 19:28:41.991 [INFO] nginx: Health check passed
2026-06-15 19:28:42.491 [INFO] nginx: Cache hit ratio 82%
2026-06-15 19:28:42.991 [DEBUG] api-gateway: Connection pool size 8
2026-06-15 19:28:43.491 [INFO] redis: Cache hit ratio 99%
2026-06-15 19:28:43.992 [INFO] user-service: Request processed successfully in 27ms
2026-06-15 19:28:44.492 [INFO] database: Request processed successfully in 132ms
2026-06-15 19:28:44.992 [INFO] redis: Connection pool restored
2026-06-15 19:28:45.492 [INFO] payment-service: Health check passed
2026-06-15 19:28:45.992 [INFO] payment-service: Health check passed
2026-06-15 19:28:46.492 [ERROR] database: Query failed - relation 'orders' does not exist
2026-06-15 19:28:46.992 [INFO] database: Request processed successfully in 119ms
2026-06-15 19:28:47.492 [INFO] auth-service: Cache hit ratio 80%
2026-06-15 19:28:47.992 [INFO] redis: Health check passed
2026-06-15 19:28:48.493 [INFO] payment-service: Request processed successfully in 178ms
2026-06-15 19:28:48.993 [INFO] user-service: Health check passed
2026-06-15 19:28:49.493 [INFO] payment-service: Request processed successfully in 101ms
2026-06-15 19:28:49.993 [INFO] redis: Request processed successfully in 164ms
2026-06-15 19:28:50.493 [ERROR] api-gateway: Upstream service unavailable
2026-06-15 19:28:50.993 [ERROR] payment-service: Circuit breaker open for user-service
2026-06-15 19:28:51.493 [INFO] payment-service: Health check passed
2026-06-15 19:28:51.993 [INFO] user-service: Cache hit ratio 84%
2026-06-15 19:28:52.493 [INFO] user-service: Cache hit ratio 99%
2026-06-15 19:28:52.993 [INFO] api-gateway: Health check passed
2026-06-15 19:28:53.494 [INFO] api-gateway: Request processed successfully in 120ms
2026-06-15 19:28:53.994 [DEBUG] redis: Connection pool size 11
2026-06-15 19:28:54.494 [INFO] payment-service: Health check passed
2026-06-15 19:28:54.994 [INFO] redis: Request processed successfully in 18ms
2026-06-15 19:28:55.494 [INFO] auth-service: Health check passed
2026-06-15 19:28:55.995 [DEBUG] payment-service: Connection pool size 18
2026-06-15 19:28:56.495 [INFO] api-gateway: Health check passed
2026-06-15 19:28:56.995 [INFO] api-gateway: Request processed successfully in 181ms
2026-06-15 19:28:57.495 [INFO] api-gateway: Cache hit ratio 92%
2026-06-15 19:28:57.995 [INFO] api-gateway: Request processed successfully in 186ms
2026-06-15 19:28:58.495 [DEBUG] auth-service: Connection pool size 16
2026-06-15 19:28:58.996 [INFO] redis: Request processed successfully in 148ms
2026-06-15 19:28:59.496 [ERROR] database: Connection timeout after 2943ms
2026-06-15 19:28:59.996 [INFO] payment-service: Health check passed
2026-06-15 19:29:00.496 [INFO] redis: Request processed successfully in 147ms
2026-06-15 19:29:00.996 [DEBUG] api-gateway: Connection pool size 6
2026-06-15 19:29:01.496 [INFO] auth-service: Service restarted successfully
2026-06-15 19:29:01.996 [WARNING] auth-service: Slow query detected (14s)
2026-06-15 19:29:02.496 [DEBUG] nginx: Connection pool size 17
2026-06-15 19:29:02.997 [DEBUG] payment-service: Connection pool size 5
2026-06-15 19:29:03.497 [INFO] redis: Health check passed after recovery
2026-06-15 19:29:03.997 [INFO] nginx: Request processed successfully in 171ms
2026-06-15 19:29:04.497 [INFO] api-gateway: Health check passed
2026-06-15 19:29:04.997 [INFO] redis: Health check passed
2026-06-15 19:29:05.497 [INFO] user-service: Request processed successfully in 43ms
2026-06-15 19:29:05.997 [INFO] auth-service: Health check passed
2026-06-15 19:29:06.497 [INFO] api-gateway: Health check passed
2026-06-15 19:29:06.998 [INFO] redis: Cache hit ratio 99%
2026-06-15 19:29:07.498 [INFO] redis: Request processed successfully in 52ms
2026-06-15 19:29:07.998 [ERROR] api-gateway: Upstream service unavailable
2026-06-15 19:29:08.498 [ERROR] database: Upstream service unavailable
2026-06-15 19:29:08.998 [CRITICAL] database: Connection pool exhausted
2026-06-15 19:29:09.498 [INFO] redis: Health check passed
2026-06-15 19:29:09.998 [CRITICAL] database: Connection pool exhausted
2026-06-15 19:29:10.498 [INFO] redis: Cache hit ratio 86%
2026-06-15 19:29:10.998 [INFO] user-service: Health check passed
2026-06-15 19:29:11.498 [ERROR] payment-service: Request timeout after 56s
2026-06-15 19:29:11.999 [ERROR] database: Query failed - relation 'orders' does not exist
2026-06-15 19:29:12.499 [DEBUG] redis: Connection pool size 12
2026-06-15 19:29:12.999 [INFO] database: Health check passed
2026-06-15 19:29:13.499 [INFO] api-gateway: Health check passed
2026-06-15 19:29:13.999 [DEBUG] nginx: Connection pool size 6
2026-06-15 19:29:14.499 [DEBUG] redis: Connection pool size 13
2026-06-15 19:29:14.999 [INFO] redis: Cache hit ratio 99%
2026-06-15 19:29:15.499 [INFO] api-gateway: Request processed successfully in 46ms
2026-06-15 19:29:15.999 [ERROR] redis: Request timeout after 52s
2026-06-15 19:29:16.500 [INFO] auth-service: Service restarted successfully
2026-06-15 19:29:17.000 [INFO] api-gateway: Request processed successfully in 21ms
2026-06-15 19:29:17.500 [CRITICAL] database: Connection pool exhausted
2026-06-15 19:29:18.000 [INFO] auth-service: Health check passed
2026-06-15 19:29:18.500 [INFO] database: Request processed successfully in 182ms
2026-06-15 19:29:19.000 [ERROR] database: Deadlock detected in transaction
2026-06-15 19:29:19.500 [INFO] redis: Cache hit ratio 88%
2026-06-15 19:29:20.000 [WARNING] user-service: Memory usage 88%
2026-06-15 19:29:20.500 [INFO] api-gateway: Request processed successfully in 35ms
2026-06-15 19:29:21.000 [INFO] redis: Health check passed after recovery
2026-06-15 19:29:21.501 [DEBUG] api-gateway: Connection pool size 5
2026-06-15 19:29:22.001 [DEBUG] payment-service: Connection pool size 10
2026-06-15 19:29:22.501 [INFO] payment-service: Cache hit ratio 91%
2026-06-15 19:29:23.001 [ERROR] user-service: Dependency failure from payment-service
2026-06-15 19:29:23.501 [INFO] database: Health check passed
2026-06-15 19:29:24.001 [CRITICAL] api-gateway: Service crashed
2026-06-15 19:29:24.501 [INFO] auth-service: Request processed successfully in 86ms
2026-06-15 19:29:25.001 [INFO] redis: Health check passed
2026-06-15 19:29:25.501 [CRITICAL] database: Connection pool exhausted
2026-06-15 19:29:26.002 [DEBUG] user-service: Connection pool size 8
2026-06-15 19:29:26.502 [ERROR] database: Connection timeout after 4374ms
2026-06-15 19:29:27.002 [ERROR] database: Connection timeout after 4795ms
2026-06-15 19:29:27.502 [INFO] api-gateway: Health check passed
2026-06-15 19:29:28.002 [INFO] payment-service: Request processed successfully in 53ms
2026-06-15 19:29:28.502 [ERROR] database: Deadlock detected in transaction
2026-06-15 19:29:29.002 [INFO] database: Health check passed
2026-06-15 19:29:29.502 [CRITICAL] database: Out of memory error - process killed
2026-06-15 19:29:30.002 [ERROR] api-gateway: Request timeout after 44s
2026-06-15 19:29:30.503 [INFO] database: Health check passed
2026-06-15 19:29:31.003 [INFO] user-service: Health check passed
2026-06-15 19:29:31.503 [INFO] nginx: Cache hit ratio 81%
2026-06-15 19:29:32.003 [INFO] database: Health check passed after recovery
2026-06-15 19:29:32.503 [INFO] redis: Cache hit ratio 94%
2026-06-15 19:29:33.003 [DEBUG] redis: Connection pool size 17
2026-06-15 19:29:33.503 [ERROR] database: Query failed - relation 'orders' does not exist
2026-06-15 19:29:34.004 [INFO] database: Request processed successfully in 167ms
2026-06-15 19:29:34.504 [INFO] user-service: Request processed successfully in 115ms
2026-06-15 19:29:35.004 [INFO] payment-service: Request processed successfully in 124ms
2026-06-15 19:29:35.504 [ERROR] api-gateway: Dependency failure from payment-service
2026-06-15 19:29:36.004 [INFO] payment-service: Request processed successfully in 43ms
2026-06-15 19:29:36.504 [INFO] api-gateway: Health check passed
2026-06-15 19:29:37.004 [CRITICAL] payment-service: Out of memory error - process killed
2026-06-15 19:29:37.505 [INFO] payment-service: Request processed successfully in 38ms
2026-06-15 19:29:38.005 [WARNING] database: Slow query detected (23s)
2026-06-15 19:29:38.505 [INFO] payment-service: Request processed successfully in 23ms
2026-06-15 19:29:39.005 [INFO] auth-service: Request processed successfully in 125ms
2026-06-15 19:29:39.505 [INFO] nginx: Health check passed
2026-06-15 19:29:40.005 [WARNING] redis: Memory usage 86%
2026-06-15 19:29:40.505 [INFO] user-service: Health check passed
2026-06-15 19:29:41.005 [DEBUG] payment-service: Connection pool size 7
2026-06-15 19:29:41.505 [DEBUG] nginx: Connection pool size 7
2026-06-15 19:29:42.006 [INFO] nginx: Cache hit ratio 86%
2026-06-15 19:29:42.506 [DEBUG] payment-service: Connection pool size 5
2026-06-15 19:29:43.006 [INFO] payment-service: Cache hit ratio 90%
2026-06-15 19:29:43.506 [INFO] database: Cache hit ratio 97%
2026-06-15 19:29:44.006 [CRITICAL] database: Connection pool exhausted
2026-06-15 19:29:44.506 [DEBUG] auth-service: Connection pool size 5
2026-06-15 19:29:45.006 [WARNING] nginx: Slow query detected (16s)
2026-06-15 19:29:45.506 [INFO] redis: Connection pool restored
2026-06-15 19:29:46.007 [INFO] auth-service: Health check passed
2026-06-15 19:29:46.507 [INFO] nginx: Cache hit ratio 95%
2026-06-15 19:29:47.007 [INFO] user-service: Connection pool restored
2026-06-15 19:29:47.507 [DEBUG] api-gateway: Connection pool size 7
2026-06-15 19:29:48.007 [DEBUG] api-gateway: Connection pool size 18
2026-06-15 19:29:48.507 [CRITICAL] api-gateway: Out of memory error - process killed
2026-06-15 19:29:49.007 [INFO] auth-service: Cache hit ratio 96%
2026-06-15 19:29:49.507 [WARNING] nginx: Slow query detected (21s)
2026-06-15 19:29:50.008 [DEBUG] api-gateway: Connection pool size 13
2026-06-15 19:29:50.508 [INFO] payment-service: Cache hit ratio 84%
2026-06-15 19:29:51.008 [INFO] api-gateway: Health check passed
2026-06-15 19:29:51.508 [INFO] payment-service: Request processed successfully in 32ms
2026-06-15 19:29:52.008 [ERROR] database: Query failed - relation 'orders' does not exist
2026-06-15 19:29:52.508 [INFO] user-service: Cache hit ratio 89%
2026-06-15 19:29:53.008 [INFO] redis: Cache hit ratio 99%
2026-06-15 19:29:53.508 [INFO] api-gateway: Request processed successfully in 25ms
2026-06-15 19:29:54.008 [ERROR] database: Connection timeout after 2966ms
2026-06-15 19:29:54.509 [INFO] nginx: Request processed successfully in 61ms
2026-06-15 19:29:55.009 [INFO] auth-service: Health check passed
2026-06-15 19:29:55.509 [INFO] payment-service: Request processed successfully in 39ms
2026-06-15 19:29:56.009 [INFO] api-gateway: Request processed successfully in 102ms
2026-06-15 19:29:56.509 [INFO] nginx: Request processed successfully in 94ms
2026-06-15 19:29:57.009 [WARNING] redis: Slow query detected (19s)
2026-06-15 19:29:57.509 [INFO] redis: Health check passed
2026-06-15 19:29:58.010 [INFO] redis: Cache hit ratio 83%
2026-06-15 19:29:58.510 [ERROR] database: Upstream service unavailable
2026-06-15 19:29:59.010 [INFO] nginx: Health check passed
2026-06-15 19:29:59.510 [INFO] auth-service: Request processed successfully in 64ms
2026-06-15 19:30:00.010 [DEBUG] api-gateway: Connection pool size 6
2026-06-15 19:30:00.510 [ERROR] database: Connection timeout after 1517ms
2026-06-15 19:30:01.010 [INFO] database: Health check passed
2026-06-15 19:30:01.511 [DEBUG] auth-service: Connection pool size 15
2026-06-15 19:30:02.011 [INFO] redis: Cache hit ratio 87%
2026-06-15 19:30:02.511 [INFO] database: Cache hit ratio 88%
2026-06-15 19:30:03.011 [INFO] nginx: Request processed successfully in 187ms
2026-06-15 19:30:03.511 [INFO] payment-service: Health check passed
2026-06-15 19:30:04.011 [INFO] database: Request processed successfully in 50ms
2026-06-15 19:30:04.511 [DEBUG] payment-service: Connection pool size 11
2026-06-15 19:30:05.012 [DEBUG] api-gateway: Connection pool size 16
2026-06-15 19:30:05.512 [DEBUG] auth-service: Connection pool size 13
2026-06-15 19:30:06.012 [INFO] api-gateway: Health check passed
2026-06-15 19:30:06.512 [INFO] api-gateway: Request processed successfully in 173ms
2026-06-15 19:30:07.012 [WARNING] database: Slow query detected (10s)
2026-06-15 19:30:07.512 [INFO] database: Health check passed
2026-06-15 19:30:08.012 [CRITICAL] api-gateway: Service crashed
2026-06-15 19:30:08.513 [INFO] auth-service: Cache hit ratio 87%
2026-06-15 19:30:09.013 [DEBUG] redis: Connection pool size 19
2026-06-15 19:30:09.513 [ERROR] auth-service: Upstream service unavailable
2026-06-15 19:30:10.013 [INFO] payment-service: Cache hit ratio 85%
2026-06-15 19:30:10.513 [INFO] nginx: Connection pool restored
2026-06-15 19:30:11.013 [INFO] database: Health check passed
2026-06-15 19:30:11.513 [CRITICAL] database: Out of memory error - process killed
2026-06-15 19:30:12.013 [INFO] api-gateway: Health check passed
2026-06-15 19:30:12.513 [ERROR] nginx: Circuit breaker open for auth-service
2026-06-15 19:30:13.013 [INFO] nginx: Request processed successfully in 194ms
2026-06-15 19:30:13.514 [ERROR] redis: Request timeout after 38s
2026-06-15 19:30:14.014 [INFO] user-service: Health check passed
2026-06-15 19:30:14.514 [DEBUG] payment-service: Connection pool size 16
2026-06-15 19:30:15.014 [DEBUG] api-gateway: Connection pool size 7
2026-06-15 19:30:15.514 [DEBUG] auth-service: Connection pool size 10
2026-06-15 19:30:16.014 [ERROR] database: Upstream service unavailable
2026-06-15 19:30:16.514 [INFO] auth-service: Request processed successfully in 50ms
2026-06-15 19:30:17.014 [DEBUG] api-gateway: Connection pool size 8
2026-06-15 19:30:17.515 [INFO] nginx: Cache hit ratio 92%
2026-06-15 19:30:18.015 [INFO] nginx: Cache hit ratio 92%
2026-06-15 19:30:18.515 [DEBUG] user-service: Connection pool size 15
2026-06-15 19:30:19.015 [INFO] nginx: Request processed successfully in 119ms
2026-06-15 19:30:19.515 [INFO] auth-service: Health check passed
2026-06-15 19:30:20.015 [INFO] nginx: Cache hit ratio 92%
2026-06-15 19:30:20.515 [ERROR] database: Query failed - relation 'orders' does not exist
2026-06-15 19:30:21.016 [DEBUG] api-gateway: Connection pool size 15
2026-06-15 19:30:21.516 [WARNING] nginx: Memory usage 92%
2026-06-15 19:30:22.016 [INFO] payment-service: Request processed successfully in 118ms
2026-06-15 19:30:22.516 [INFO] redis: Cache hit ratio 84%
2026-06-15 19:30:23.016 [INFO] auth-service: Connection pool restored
2026-06-15 19:30:23.516 [INFO] payment-service: Request processed successfully in 24ms
2026-06-15 19:30:24.016 [INFO] user-service: Cache hit ratio 96%
2026-06-15 19:30:24.516 [DEBUG] auth-service: Connection pool size 11
2026-06-15 19:30:25.017 [ERROR] database: Connection timeout after 2936ms
2026-06-15 19:30:25.517 [DEBUG] api-gateway: Connection pool size 18
2026-06-15 19:30:26.017 [INFO] api-gateway: Health check passed
2026-06-15 19:30:26.517 [INFO] redis: Cache hit ratio 83%
2026-06-15 19:30:27.017 [INFO] auth-service: Request processed successfully in 80ms
2026-06-15 19:30:27.517 [INFO] payment-service: Request processed successfully in 200ms
2026-06-15 19:30:28.017 [INFO] auth-service: Request processed successfully in 128ms
2026-06-15 19:30:28.517 [WARNING] api-gateway: GC overhead limit reached
2026-06-15 19:30:29.017 [INFO] nginx: Cache hit ratio 97%
2026-06-15 19:30:29.518 [WARNING] payment-service: Slow query detected (10s)
2026-06-15 19:30:30.018 [ERROR] payment-service: Request timeout after 31s
2026-06-15 19:30:30.518 [INFO] nginx: Request processed successfully in 162ms
2026-06-15 19:30:31.018 [INFO] user-service: Request processed successfully in 26ms
2026-06-15 19:30:31.518 [DEBUG] user-service: Connection pool size 15
2026-06-15 19:30:32.018 [INFO] auth-service: Health check passed after recovery
2026-06-15 19:30:32.518 [INFO] auth-service: Health check passed
2026-06-15 19:30:33.019 [INFO] nginx: Cache hit ratio 90%
2026-06-15 19:30:33.519 [INFO] nginx: Health check passed
2026-06-15 19:30:34.089 [INFO] database: Health check passed after recovery
2026-06-15 19:30:34.589 [INFO] payment-service: Health check passed
2026-06-15 19:30:35.089 [INFO] payment-service: Cache hit ratio 80%
2026-06-15 19:30:35.589 [INFO] redis: Connection pool restored
2026-06-15 19:30:36.089 [INFO] database: Health check passed
2026-06-15 19:30:36.589 [ERROR] database: Query failed - relation 'orders' does not exist
2026-06-15 19:30:37.089 [INFO] database: Cache hit ratio 96%
2026-06-15 19:30:37.590 [ERROR] database: Query failed - relation 'orders' does not exist
2026-06-15 19:30:38.090 [ERROR] nginx: Request timeout after 34s
2026-06-15 19:30:38.590 [INFO] redis: Request processed successfully in 81ms
2026-06-15 19:30:39.090 [ERROR] database: Deadlock detected in transaction
2026-06-15 19:30:39.590 [INFO] database: Health check passed after recovery
2026-06-15 19:30:40.090 [INFO] api-gateway: Health check passed
2026-06-15 19:30:40.590 [INFO] redis: Health check passed
2026-06-15 19:30:41.090 [INFO] nginx: Connection pool restored
2026-06-15 19:30:41.590 [INFO] api-gateway: Cache hit ratio 86%
2026-06-15 19:30:42.090 [INFO] user-service: Health check passed
2026-06-15 19:30:42.591 [DEBUG] nginx: Connection pool size 10
2026-06-15 19:30:43.091 [WARNING] user-service: GC overhead limit reached
2026-06-15 19:30:43.591 [INFO] database: Health check passed
2026-06-15 19:30:44.091 [DEBUG] redis: Connection pool size 13
2026-06-15 19:30:44.591 [INFO] payment-service: Health check passed
2026-06-15 19:30:45.091 [WARNING] nginx: Slow query detected (23s)
2026-06-15 19:30:45.591 [DEBUG] redis: Connection pool size 10
2026-06-15 19:30:46.092 [INFO] payment-service: Health check passed
2026-06-15 19:30:46.592 [DEBUG] user-service: Connection pool size 12
2026-06-15 19:30:47.092 [WARNING] payment-service: Slow query detected (24s)
2026-06-15 19:30:47.592 [ERROR] payment-service: Upstream service unavailable
2026-06-15 19:30:48.092 [INFO] auth-service: Cache hit ratio 99%
2026-06-15 19:30:48.592 [INFO] redis: Health check passed
2026-06-15 19:30:49.092 [INFO] database: Health check passed
2026-06-15 19:30:49.592 [INFO] auth-service: Cache hit ratio 97%
2026-06-15 19:30:50.092 [INFO] nginx: Cache hit ratio 85%
2026-06-15 19:30:50.593 [CRITICAL] database: Connection pool exhausted
2026-06-15 19:30:51.093 [INFO] redis: Request processed successfully in 198ms
2026-06-15 19:30:51.593 [ERROR] database: Connection timeout after 1797ms
2026-06-15 19:30:52.093 [DEBUG] api-gateway: Connection pool size 7
2026-06-15 19:30:52.593 [ERROR] database: Deadlock detected in transaction
2026-06-15 19:30:53.093 [DEBUG] redis: Connection pool size 14
2026-06-15 19:30:53.593 [ERROR] database: Connection timeout after 1668ms
2026-06-15 19:30:54.093 [INFO] auth-service: Cache hit ratio 82%
2026-06-15 19:30:54.593 [DEBUG] nginx: Connection pool size 13
2026-06-15 19:30:55.094 [CRITICAL] database: Service crashed
2026-06-15 19:30:55.594 [INFO] user-service: Health check passed
2026-06-15 19:30:56.094 [WARNING] auth-service: Slow query detected (10s)
2026-06-15 19:30:56.594 [INFO] user-service: Cache hit ratio 98%
2026-06-15 19:30:57.094 [DEBUG] api-gateway: Connection pool size 12
2026-06-15 19:30:57.594 [CRITICAL] redis: Out of memory error - process killed
2026-06-15 19:30:58.094 [DEBUG] auth-service: Connection pool size 15
2026-06-15 19:30:58.594 [WARNING] api-gateway: Slow query detected (11s)
2026-06-15 19:30:59.094 [INFO] auth-service: Health check passed
2026-06-15 19:30:59.595 [INFO] auth-service: Request processed successfully in 21ms
2026-06-15 19:31:00.095 [INFO] payment-service: Request processed successfully in 182ms
2026-06-15 19:31:00.595 [INFO] payment-service: Health check passed
2026-06-15 19:31:01.095 [WARNING] nginx: GC overhead limit reached
2026-06-15 19:31:01.595 [INFO] user-service: Cache hit ratio 92%
2026-06-15 19:31:02.095 [CRITICAL] database: Connection pool exhausted
2026-06-15 19:31:02.595 [INFO] nginx: Health check passed
2026-06-15 19:31:03.095 [INFO] database: Cache hit ratio 83%
2026-06-15 19:31:03.595 [INFO] api-gateway: Health check passed after recovery
2026-06-15 19:31:04.096 [DEBUG] nginx: Connection pool size 6
2026-06-15 19:31:04.596 [INFO] redis: Cache hit ratio 86%
2026-06-15 19:31:05.096 [INFO] auth-service: Health check passed
2026-06-15 19:31:05.596 [INFO] user-service: Health check passed
2026-06-15 19:31:06.096 [INFO] user-service: Request processed successfully in 99ms
2026-06-15 19:31:06.596 [INFO] payment-service: Connection pool restored
2026-06-15 19:31:07.096 [INFO] user-service: Request processed successfully in 194ms
2026-06-15 19:31:07.597 [INFO] auth-service: Cache hit ratio 88%
2026-06-15 19:31:08.097 [INFO] api-gateway: Request processed successfully in 17ms
2026-06-15 19:31:08.597 [INFO] api-gateway: Health check passed
2026-06-15 19:31:09.097 [WARNING] nginx: GC overhead limit reached
2026-06-15 19:31:09.597 [INFO] payment-service: Request processed successfully in 108ms
2026-06-15 19:31:10.097 [WARNING] nginx: Slow query detected (5s)
2026-06-15 19:31:10.597 [ERROR] user-service: Request timeout after 49s
2026-06-15 19:31:11.097 [INFO] nginx: Cache hit ratio 80%
2026-06-15 19:31:11.597 [INFO] redis: Cache hit ratio 88%
2026-06-15 19:31:12.098 [INFO] user-service: Cache hit ratio 99%
2026-06-15 19:31:12.598 [ERROR] database: Query failed - relation 'orders' does not exist
2026-06-15 19:31:13.098 [INFO] nginx: Service restarted successfully
2026-06-15 19:31:13.598 [INFO] nginx: Health check passed after recovery
2026-06-15 19:31:14.098 [INFO] auth-service: Health check passed
2026-06-15 19:31:14.598 [INFO] redis: Request processed successfully in 190ms
2026-06-15 19:31:15.098 [ERROR] database: Deadlock detected in transaction
2026-06-15 19:31:15.599 [DEBUG] redis: Connection pool size 11
2026-06-15 19:31:16.099 [WARNING] auth-service: Memory usage 93%
2026-06-15 19:31:16.599 [INFO] payment-service: Cache hit ratio 94%
2026-06-15 19:31:17.099 [INFO] payment-service: Health check passed
2026-06-15 19:31:17.599 [CRITICAL] nginx: Service crashed
2026-06-15 19:31:18.100 [DEBUG] payment-service: Connection pool size 10
2026-06-15 19:31:18.600 [DEBUG] nginx: Connection pool size 19
2026-06-15 19:31:19.100 [CRITICAL] database: Connection pool exhausted
2026-06-15 19:31:19.600 [INFO] user-service: Connection pool restored
2026-06-15 19:31:20.100 [DEBUG] user-service: Connection pool size 8
2026-06-15 19:31:20.600 [INFO] user-service: Request processed successfully in 59ms
2026-06-15 19:31:21.100 [DEBUG] nginx: Connection pool size 18
2026-06-15 19:31:21.600 [INFO] database: Health check passed
2026-06-15 19:31:22.100 [INFO] database: Connection pool restored
2026-06-15 19:31:22.601 [WARNING] payment-service: Memory usage 93%
2026-06-15 19:31:23.101 [DEBUG] payment-service: Connection pool size 19
2026-06-15 19:31:23.601 [INFO] payment-service: Health check passed after recovery
2026-06-15 19:31:24.101 [INFO] nginx: Cache hit ratio 89%
2026-06-15 19:31:24.601 [DEBUG] payment-service: Connection pool size 19
2026-06-15 19:31:25.101 [INFO] api-gateway: Health check passed
2026-06-15 19:31:25.601 [DEBUG] redis: Connection pool size 7
2026-06-15 19:31:26.101 [INFO] nginx: Request processed successfully in 21ms
2026-06-15 19:31:26.602 [CRITICAL] payment-service: Out of memory error - process killed
2026-06-15 19:31:27.102 [INFO] database: Cache hit ratio 92%
2026-06-15 19:31:27.602 [WARNING] payment-service: Slow query detected (30s)
2026-06-15 19:31:28.102 [ERROR] database: Connection timeout after 4720ms
2026-06-15 19:31:28.602 [INFO] nginx: Request processed successfully in 107ms
2026-06-15 19:31:29.102 [INFO] user-service: Connection pool restored
2026-06-15 19:31:29.602 [INFO] nginx: Health check passed
2026-06-15 19:31:30.102 [DEBUG] user-service: Connection pool size 5
2026-06-15 19:31:30.602 [INFO] nginx: Health check passed
2026-06-15 19:31:31.102 [WARNING] api-gateway: Memory usage 89%
2026-06-15 19:31:31.603 [INFO] user-service: Cache hit ratio 94%
2026-06-15 19:31:32.103 [INFO] user-service: Cache hit ratio 99%
2026-06-15 19:31:32.603 [CRITICAL] payment-service: Service crashed
2026-06-15 19:31:33.103 [INFO] nginx: Health check passed
2026-06-15 19:31:33.603 [DEBUG] redis: Connection pool size 8
2026-06-15 19:31:34.103 [DEBUG] api-gateway: Connection pool size 10
2026-06-15 19:31:34.603 [INFO] user-service: Request processed successfully in 33ms
2026-06-15 19:31:35.103 [ERROR] auth-service: Upstream service unavailable
2026-06-15 19:31:35.604 [INFO] database: Health check passed
2026-06-15 19:31:36.104 [ERROR] database: Connection timeout after 1244ms
2026-06-15 19:31:36.604 [INFO] api-gateway: Health check passed
2026-06-15 19:31:37.104 [INFO] payment-service: Cache hit ratio 80%
2026-06-15 19:31:37.604 [DEBUG] api-gateway: Connection pool size 6
2026-06-15 19:31:38.104 [INFO] database: Health check passed
2026-06-15 19:31:38.604 [INFO] api-gateway: Request processed successfully in 113ms
2026-06-15 19:31:39.105 [INFO] api-gateway: Request processed successfully in 76ms
2026-06-15 19:31:39.605 [INFO] payment-service: Service restarted successfully
2026-06-15 19:31:40.105 [INFO] nginx: Connection pool restored
2026-06-15 19:31:40.605 [DEBUG] api-gateway: Connection pool size 15
2026-06-15 19:31:41.105 [INFO] payment-service: Cache hit ratio 87%
2026-06-15 19:31:41.605 [DEBUG] auth-service: Connection pool size 19
2026-06-15 19:31:42.105 [INFO] nginx: Request processed successfully in 107ms
2026-06-15 19:31:42.605 [INFO] user-service: Request processed successfully in 129ms
2026-06-15 19:31:43.106 [INFO] database: Health check passed
2026-06-15 19:31:43.606 [INFO] api-gateway: Request processed successfully in 20ms
2026-06-15 19:31:44.106 [INFO] auth-service: Request processed successfully in 12ms
2026-06-15 19:31:44.606 [ERROR] database: Connection timeout after 1378ms
2026-06-15 19:31:45.106 [DEBUG] database: Connection pool size 20
2026-06-15 19:31:45.606 [DEBUG] nginx: Connection pool size 14
2026-06-15 19:31:46.106 [INFO] auth-service: Request processed successfully in 64ms
2026-06-15 19:31:46.607 [DEBUG] redis: Connection pool size 15
2026-06-15 19:31:47.107 [INFO] nginx: Cache hit ratio 94%
2026-06-15 19:31:47.607 [DEBUG] user-service: Connection pool size 19
2026-06-15 19:31:48.107 [ERROR] database: Upstream service unavailable
2026-06-15 19:31:48.607 [CRITICAL] database: Connection pool exhausted
2026-06-15 19:31:49.107 [INFO] user-service: Request processed successfully in 110ms
2026-06-15 19:31:49.607 [DEBUG] nginx: Connection pool size 18
2026-06-15 19:31:50.107 [INFO] api-gateway: Cache hit ratio 85%
2026-06-15 19:31:50.607 [CRITICAL] database: Connection pool exhausted
2026-06-15 19:31:51.107 [DEBUG] redis: Connection pool size 9
2026-06-15 19:31:51.608 [CRITICAL] user-service: Service crashed
2026-06-15 19:31:52.108 [INFO] nginx: Cache hit ratio 88%
2026-06-15 19:31:52.608 [WARNING] payment-service: Memory usage 85%
2026-06-15 19:31:53.108 [INFO] user-service: Health check passed
2026-06-15 19:31:53.608 [INFO] payment-service: Health check passed after recovery
2026-06-15 19:31:54.108 [ERROR] database: Deadlock detected in transaction
2026-06-15 19:31:54.608 [INFO] redis: Request processed successfully in 58ms
2026-06-15 19:31:55.108 [INFO] user-service: Request processed successfully in 22ms
2026-06-15 19:31:55.609 [INFO] user-service: Request processed successfully in 150ms
2026-06-15 19:31:56.109 [DEBUG] auth-service: Connection pool size 17
2026-06-15 19:31:56.609 [INFO] auth-service: Health check passed
2026-06-15 19:31:57.109 [ERROR] user-service: Circuit breaker open for nginx
2026-06-15 19:31:57.609 [INFO] redis: Health check passed
2026-06-15 19:31:58.110 [INFO] api-gateway: Request processed successfully in 92ms
2026-06-15 19:31:58.610 [DEBUG] api-gateway: Connection pool size 14
2026-06-15 19:31:59.110 [INFO] user-service: Request processed successfully in 121ms
2026-06-15 19:31:59.610 [INFO] database: Health check passed
2026-06-15 19:32:00.110 [INFO] payment-service: Cache hit ratio 82%
2026-06-15 19:32:00.610 [DEBUG] nginx: Connection pool size 16
2026-06-15 19:32:01.111 [CRITICAL] database: Connection pool exhausted
2026-06-15 19:32:01.611 [INFO] nginx: Health check passed
2026-06-15 19:32:02.111 [INFO] api-gateway: Request processed successfully in 178ms
2026-06-15 19:32:02.611 [DEBUG] nginx: Connection pool size 6
2026-06-15 19:32:03.111 [DEBUG] database: Connection pool size 18
2026-06-15 19:32:03.611 [DEBUG] api-gateway: Connection pool size 11
2026-06-15 19:32:04.111 [INFO] api-gateway: Health check passed
2026-06-15 19:32:04.611 [INFO] auth-service: Health check passed
2026-06-15 19:32:05.112 [DEBUG] api-gateway: Connection pool size 7
2026-06-15 19:32:05.612 [INFO] payment-service: Request processed successfully in 119ms
2026-06-15 19:32:06.112 [WARNING] user-service: Memory usage 95%
2026-06-15 19:32:06.612 [INFO] user-service: Request processed successfully in 175ms
2026-06-15 19:32:07.112 [INFO] user-service: Health check passed
2026-06-15 19:32:07.612 [INFO] redis: Cache hit ratio 84%
2026-06-15 19:32:08.112 [ERROR] user-service: Dependency failure from api-gateway
2026-06-15 19:32:08.612 [INFO] payment-service: Cache hit ratio 84%
2026-06-15 19:32:09.112 [DEBUG] auth-service: Connection pool size 6
2026-06-15 19:32:09.613 [ERROR] user-service: Dependency failure from nginx
2026-06-15 19:32:10.113 [INFO] user-service: Connection pool restored
2026-06-15 19:32:10.613 [INFO] user-service: Request processed successfully in 69ms
2026-06-15 19:32:11.113 [INFO] nginx: Request processed successfully in 78ms
2026-06-15 19:32:11.613 [ERROR] database: Deadlock detected in transaction
2026-06-15 19:32:12.113 [INFO] database: Health check passed
2026-06-15 19:32:12.613 [INFO] nginx: Request processed successfully in 124ms
2026-06-15 19:32:13.113 [DEBUG] payment-service: Connection pool size 16
2026-06-15 19:32:13.614 [INFO] payment-service: Request processed successfully in 81ms
2026-06-15 19:32:14.114 [INFO] user-service: Health check passed
2026-06-15 19:32:14.614 [INFO] nginx: Cache hit ratio 98%
2026-06-15 19:32:15.114 [INFO] user-service: Health check passed
2026-06-15 19:32:15.614 [WARNING] redis: Slow query detected (11s)
2026-06-15 19:32:16.114 [ERROR] database: Deadlock detected in transaction
2026-06-15 19:32:16.614 [INFO] redis: Request processed successfully in 155ms
2026-06-15 19:32:17.115 [CRITICAL] payment-service: Service crashed
2026-06-15 19:32:17.615 [INFO] auth-service: Health check passed
2026-06-15 19:32:18.115 [CRITICAL] database: Connection pool exhausted
2026-06-15 19:32:18.615 [CRITICAL] database: Out of memory error - process killed
2026-06-15 19:32:19.115 [DEBUG] database: Connection pool size 15
2026-06-15 19:32:19.615 [INFO] nginx: Health check passed
2026-06-15 19:32:20.115 [ERROR] database: Deadlock detected in transaction
2026-06-15 19:32:20.615 [ERROR] database: Connection timeout after 4732ms
2026-06-15 19:32:21.115 [INFO] redis: Cache hit ratio 83%
2026-06-15 19:32:21.616 [CRITICAL] auth-service: Out of memory error - process killed
2026-06-15 19:32:22.116 [INFO] redis: Cache hit ratio 82%
2026-06-15 19:32:22.616 [INFO] auth-service: Health check passed
2026-06-15 19:32:23.116 [DEBUG] nginx: Connection pool size 19
2026-06-15 19:32:23.616 [INFO] user-service: Health check passed
2026-06-15 19:32:24.116 [INFO] database: Health check passed
2026-06-15 19:32:24.616 [INFO] api-gateway: Health check passed
2026-06-15 19:32:25.116 [DEBUG] api-gateway: Connection pool size 17
2026-06-15 19:32:25.616 [INFO] database: Request processed successfully in 58ms
2026-06-15 19:32:26.117 [INFO] user-service: Service restarted successfully
2026-06-15 19:32:26.617 [INFO] user-service: Health check passed
2026-06-15 19:32:27.117 [INFO] user-service: Health check passed
2026-06-15 19:32:27.617 [INFO] nginx: Cache hit ratio 87%
2026-06-15 19:32:28.117 [INFO] redis: Health check passed
2026-06-15 19:32:28.617 [INFO] auth-service: Cache hit ratio 89%
2026-06-15 19:32:29.117 [WARNING] payment-service: GC overhead limit reached
2026-06-15 19:32:29.617 [WARNING] nginx: Slow query detected (28s)
2026-06-15 19:32:30.117 [INFO] nginx: Cache hit ratio 95%
2026-06-15 19:32:30.617 [INFO] auth-service: Connection pool restored
2026-06-15 19:32:31.118 [INFO] user-service: Request processed successfully in 74ms
2026-06-15 19:32:31.618 [INFO] auth-service: Health check passed
2026-06-15 19:32:32.118 [WARNING] database: Memory usage 95%
2026-06-15 19:32:32.618 [INFO] auth-service: Request processed successfully in 118ms
2026-06-15 19:32:33.118 [INFO] api-gateway: Health check passed
2026-06-15 19:32:33.618 [INFO] user-service: Connection pool restored
2026-06-15 19:32:34.118 [DEBUG] payment-service: Connection pool size 16
2026-06-15 19:32:34.619 [INFO] payment-service: Service restarted successfully
2026-06-15 19:32:35.119 [CRITICAL] redis: Service crashed
2026-06-15 19:32:35.619 [INFO] api-gateway: Health check passed
2026-06-15 19:32:36.119 [DEBUG] payment-service: Connection pool size 16
2026-06-15 19:32:36.619 [INFO] redis: Health check passed
2026-06-15 19:32:37.119 [INFO] auth-service: Health check passed
2026-06-15 19:32:37.619 [INFO] auth-service: Health check passed
2026-06-15 19:32:38.119 [WARNING] database: Slow query detected (17s)
2026-06-15 19:32:38.620 [CRITICAL] payment-service: Out of memory error - process killed
2026-06-15 19:32:39.120 [INFO] api-gateway: Cache hit ratio 82%
2026-06-15 19:32:39.620 [DEBUG] nginx: Connection pool size 11
2026-06-15 19:32:40.120 [INFO] auth-service: Request processed successfully in 145ms
2026-06-15 19:32:40.620 [INFO] user-service: Connection pool restored
2026-06-15 19:32:41.120 [INFO] user-service: Cache hit ratio 87%
2026-06-15 19:32:41.620 [INFO] user-service: Request processed successfully in 45ms
2026-06-15 19:32:42.120 [ERROR] database: Query failed - relation 'orders' does not exist
2026-06-15 19:32:42.620 [INFO] auth-service: Request processed successfully in 194ms
2026-06-15 19:32:43.121 [DEBUG] api-gateway: Connection pool size 10
2026-06-15 19:32:43.621 [INFO] nginx: Request processed successfully in 153ms
2026-06-15 19:32:44.121 [DEBUG] auth-service: Connection pool size 18
2026-06-15 19:32:44.621 [ERROR] database: Deadlock detected in transaction
2026-06-15 19:32:45.121 [DEBUG] api-gateway: Connection pool size 8
2026-06-15 19:32:45.621 [INFO] redis: Health check passed
2026-06-15 19:32:46.121 [DEBUG] payment-service: Connection pool size 8
2026-06-15 19:32:46.621 [DEBUG] payment-service: Connection pool size 11
2026-06-15 19:32:47.121 [INFO] database: Service restarted successfully
2026-06-15 19:32:47.621 [DEBUG] database: Connection pool size 6
2026-06-15 19:32:48.122 [DEBUG] database: Connection pool size 14
2026-06-15 19:32:48.622 [INFO] api-gateway: Cache hit ratio 91%
2026-06-15 19:32:49.122 [INFO] payment-service: Request processed successfully in 87ms
2026-06-15 19:32:49.622 [DEBUG] auth-service: Connection pool size 16
2026-06-15 19:32:50.122 [INFO] api-gateway: Health check passed
2026-06-15 19:32:50.622 [INFO] user-service: Cache hit ratio 97%
2026-06-15 19:32:51.122 [INFO] redis: Request processed successfully in 39ms
2026-06-15 19:32:51.622 [INFO] nginx: Cache hit ratio 85%
2026-06-15 19:32:52.122 [INFO] auth-service: Cache hit ratio 83%
2026-06-15 19:32:52.623 [INFO] payment-service: Cache hit ratio 89%
2026-06-15 19:32:53.123 [INFO] nginx: Health check passed
2026-06-15 19:32:53.623 [ERROR] database: Deadlock detected in transaction
2026-06-15 19:32:54.123 [DEBUG] database: Connection pool size 16
2026-06-15 19:32:54.623 [ERROR] database: Connection timeout after 2965ms
2026-06-15 19:32:55.123 [INFO] nginx: Cache hit ratio 99%
2026-06-15 19:32:55.624 [INFO] redis: Cache hit ratio 83%
2026-06-15 19:32:56.124 [DEBUG] auth-service: Connection pool size 18
2026-06-15 19:32:56.624 [WARNING] payment-service: Slow query detected (12s)
2026-06-15 19:32:57.124 [CRITICAL] database: Connection pool exhausted
2026-06-15 19:32:57.624 [INFO] nginx: Cache hit ratio 92%
2026-06-15 19:32:58.124 [INFO] nginx: Request processed successfully in 171ms
2026-06-15 19:32:58.624 [INFO] database: Cache hit ratio 85%
2026-06-15 19:32:59.124 [INFO] database: Health check passed
2026-06-15 19:32:59.624 [INFO] nginx: Cache hit ratio 91%
2026-06-15 19:33:00.125 [CRITICAL] api-gateway: Out of memory error - process killed
2026-06-15 19:33:00.625 [INFO] api-gateway: Connection pool restored
2026-06-15 19:33:01.125 [INFO] database: Cache hit ratio 88%
2026-06-15 19:33:01.625 [DEBUG] database: Connection pool size 19
2026-06-15 19:33:02.125 [DEBUG] auth-service: Connection pool size 9
2026-06-15 19:33:02.625 [ERROR] database: Dependency failure from user-service
2026-06-15 19:33:03.125 [DEBUG] database: Connection pool size 11
2026-06-15 19:33:03.625 [DEBUG] api-gateway: Connection pool size 16
2026-06-15 19:33:04.125 [INFO] api-gateway: Cache hit ratio 95%
2026-06-15 19:33:04.626 [CRITICAL] nginx: Out of memory error - process killed
2026-06-15 19:33:05.126 [INFO] user-service: Request processed successfully in 194ms
2026-06-15 19:33:05.626 [INFO] nginx: Request processed successfully in 136ms
2026-06-15 19:33:06.126 [DEBUG] auth-service: Connection pool size 5
2026-06-15 19:33:06.626 [INFO] user-service: Cache hit ratio 92%
2026-06-15 19:33:07.126 [INFO] nginx: Cache hit ratio 84%
2026-06-15 19:33:07.626 [INFO] redis: Cache hit ratio 82%
2026-06-15 19:33:08.126 [DEBUG] api-gateway: Connection pool size 16
2026-06-15 19:33:08.626 [ERROR] database: Connection timeout after 2037ms
2026-06-15 19:33:09.126 [ERROR] payment-service: Upstream service unavailable
2026-06-15 19:33:09.627 [INFO] nginx: Health check passed
2026-06-15 19:33:10.127 [INFO] redis: Service restarted successfully
2026-06-15 19:33:10.627 [INFO] auth-service: Request processed successfully in 88ms
2026-06-15 19:33:11.127 [INFO] nginx: Service restarted successfully
2026-06-15 19:33:11.627 [INFO] auth-service: Health check passed
2026-06-15 19:33:12.127 [DEBUG] database: Connection pool size 15
2026-06-15 19:33:12.627 [INFO] api-gateway: Request processed successfully in 119ms
2026-06-15 19:33:13.127 [INFO] redis: Service restarted successfully
2026-06-15 19:33:13.627 [DEBUG] api-gateway: Connection pool size 15
2026-06-15 19:33:14.127 [INFO] user-service: Connection pool restored
2026-06-15 19:33:14.628 [INFO] user-service: Request processed successfully in 32ms
2026-06-15 19:33:15.128 [ERROR] database: Deadlock detected in transaction
2026-06-15 19:33:15.628 [INFO] payment-service: Request processed successfully in 63ms
2026-06-15 19:33:16.128 [INFO] api-gateway: Request processed successfully in 124ms
2026-06-15 19:33:16.628 [INFO] database: Health check passed
2026-06-15 19:33:17.128 [INFO] api-gateway: Health check passed
2026-06-15 19:33:17.628 [DEBUG] auth-service: Connection pool size 5
2026-06-15 19:33:18.129 [INFO] redis: Health check passed
2026-06-15 19:33:18.629 [INFO] redis: Connection pool restored
2026-06-15 19:33:19.129 [ERROR] database: Query failed - relation 'orders' does not exist
2026-06-15 19:33:19.629 [INFO] api-gateway: Health check passed
2026-06-15 19:33:20.129 [DEBUG] auth-service: Connection pool size 12
2026-06-15 19:33:20.629 [INFO] api-gateway: Request processed successfully in 185ms
2026-06-15 19:33:21.129 [INFO] nginx: Cache hit ratio 99%
2026-06-15 19:33:21.629 [INFO] nginx: Health check passed
2026-06-15 19:33:22.129 [DEBUG] api-gateway: Connection pool size 19
2026-06-15 19:33:22.630 [DEBUG] nginx: Connection pool size 19
2026-06-15 19:33:23.130 [INFO] nginx: Request processed successfully in 88ms
2026-06-15 19:33:23.630 [INFO] api-gateway: Cache hit ratio 87%
2026-06-15 19:33:24.130 [ERROR] database: Deadlock detected in transaction
2026-06-15 19:33:24.630 [WARNING] auth-service: GC overhead limit reached
2026-06-15 19:33:25.130 [INFO] user-service: Service restarted successfully
2026-06-15 19:33:25.630 [INFO] auth-service: Health check passed
2026-06-15 19:33:26.130 [WARNING] auth-service: Slow query detected (26s)
2026-06-15 19:33:26.631 [INFO] redis: Cache hit ratio 97%
2026-06-15 19:33:27.131 [DEBUG] nginx: Connection pool size 20
2026-06-15 19:33:27.631 [INFO] payment-service: Request processed successfully in 154ms
2026-06-15 19:33:28.131 [CRITICAL] payment-service: Service crashed
2026-06-15 19:33:28.631 [INFO] database: Health check passed
2026-06-15 19:33:29.131 [INFO] api-gateway: Cache hit ratio 89%
2026-06-15 19:33:29.631 [DEBUG] user-service: Connection pool size 15
2026-06-15 19:33:30.131 [INFO] user-service: Request processed successfully in 115ms
2026-06-15 19:33:30.631 [INFO] database: Health check passed after recovery
2026-06-15 19:33:31.131 [INFO] auth-service: Health check passed
2026-06-15 19:33:31.632 [DEBUG] database: Connection pool size 12
2026-06-15 19:33:32.132 [CRITICAL] database: Connection pool exhausted
2026-06-15 19:33:32.632 [DEBUG] payment-service: Connection pool size 14
2026-06-15 19:33:33.132 [INFO] database: Health check passed
2026-06-15 19:33:33.632 [DEBUG] redis: Connection pool size 13
2026-06-15 19:33:34.132 [CRITICAL] auth-service: Out of memory error - process killed
2026-06-15 19:33:34.632 [INFO] auth-service: Request processed successfully in 112ms
2026-06-15 19:33:35.133 [DEBUG] database: Connection pool size 15
2026-06-15 19:33:35.633 [INFO] redis: Health check passed
2026-06-15 19:33:36.133 [DEBUG] database: Connection pool size 11
2026-06-15 19:33:36.633 [ERROR] database: Query failed - relation 'orders' does not exist
2026-06-15 19:33:37.133 [INFO] user-service: Health check passed
2026-06-15 19:33:37.633 [INFO] user-service: Health check passed
2026-06-15 19:33:38.133 [INFO] database: Health check passed
2026-06-15 19:33:38.633 [ERROR] database: Connection timeout after 1456ms
2026-06-15 19:33:39.134 [INFO] auth-service: Connection pool restored
2026-06-15 19:33:39.634 [ERROR] database: Upstream service unavailable
2026-06-15 19:33:40.134 [INFO] nginx: Request processed successfully in 73ms
2026-06-15 19:33:40.634 [INFO] user-service: Health check passed
2026-06-15 19:33:41.134 [CRITICAL] database: Connection pool exhausted
2026-06-15 19:33:41.634 [DEBUG] auth-service: Connection pool size 18
2026-06-15 19:33:42.134 [DEBUG] database: Connection pool size 14
2026-06-15 19:33:42.634 [INFO] user-service: Request processed successfully in 150ms
2026-06-15 19:33:43.135 [DEBUG] user-service: Connection pool size 12
2026-06-15 19:33:43.635 [DEBUG] payment-service: Connection pool size 12
2026-06-15 19:33:44.135 [DEBUG] user-service: Connection pool size 5
2026-06-15 19:33:44.635 [INFO] payment-service: Cache hit ratio 99%
2026-06-15 19:33:45.135 [CRITICAL] database: Connection pool exhausted
2026-06-15 19:33:45.635 [DEBUG] database: Connection pool size 13
2026-06-15 19:33:46.135 [INFO] database: Request processed successfully in 147ms
2026-06-15 19:33:46.635 [INFO] user-service: Health check passed
2026-06-15 19:33:47.136 [INFO] payment-service: Cache hit ratio 89%
2026-06-15 19:33:47.636 [INFO] nginx: Health check passed
2026-06-15 19:33:48.136 [INFO] api-gateway: Connection pool restored
2026-06-15 19:33:48.636 [INFO] redis: Health check passed
2026-06-15 19:33:49.136 [INFO] payment-service: Health check passed
2026-06-15 19:33:49.636 [INFO] auth-service: Request processed successfully in 186ms
2026-06-15 19:33:50.136 [INFO] auth-service: Health check passed after recovery
2026-06-15 19:33:50.636 [INFO] auth-service: Cache hit ratio 89%
2026-06-15 19:33:51.136 [INFO] payment-service: Cache hit ratio 98%
2026-06-15 19:33:51.637 [DEBUG] database: Connection pool size 7
2026-06-15 19:33:52.137 [DEBUG] user-service: Connection pool size 8
2026-06-15 19:33:52.637 [ERROR] auth-service: Upstream service unavailable
2026-06-15 19:33:53.137 [DEBUG] payment-service: Connection pool size 16
2026-06-15 19:33:53.637 [WARNING] nginx: Memory usage 92%
2026-06-15 19:33:54.137 [INFO] nginx: Health check passed
2026-06-15 19:33:54.637 [CRITICAL] payment-service: Out of memory error - process killed
2026-06-15 19:33:55.138 [INFO] redis: Request processed successfully in 39ms
2026-06-15 19:33:55.638 [DEBUG] api-gateway: Connection pool size 6
2026-06-15 19:33:56.138 [INFO] payment-service: Health check passed
2026-06-15 19:33:56.638 [INFO] auth-service: Service restarted successfully
2026-06-15 19:33:57.138 [DEBUG] database: Connection pool size 13
2026-06-15 19:33:57.638 [INFO] user-service: Request processed successfully in 60ms
2026-06-15 19:33:58.138 [INFO] user-service: Cache hit ratio 84%
2026-06-15 19:33:58.638 [INFO] user-service: Request processed successfully in 42ms
2026-06-15 19:33:59.139 [ERROR] user-service: Circuit breaker open for redis
2026-06-15 19:33:59.639 [INFO] user-service: Cache hit ratio 92%
2026-06-15 19:34:00.139 [WARNING] nginx: Slow query detected (26s)
2026-06-15 19:34:00.639 [DEBUG] payment-service: Connection pool size 14
2026-06-15 19:34:01.139 [INFO] redis: Service restarted successfully
2026-06-15 19:34:01.639 [DEBUG] redis: Connection pool size 16
2026-06-15 19:34:02.139 [DEBUG] payment-service: Connection pool size 14
2026-06-15 19:34:02.639 [INFO] auth-service: Health check passed
2026-06-15 19:34:03.140 [INFO] api-gateway: Health check passed
2026-06-15 19:34:03.640 [ERROR] database: Query failed - relation 'orders' does not exist
2026-06-15 19:34:04.140 [INFO] api-gateway: Health check passed
2026-06-15 19:34:04.640 [DEBUG] nginx: Connection pool size 7
2026-06-15 19:34:05.140 [INFO] user-service: Request processed successfully in 46ms
2026-06-15 19:34:05.640 [INFO] user-service: Request processed successfully in 125ms
2026-06-15 19:34:06.140 [INFO] database: Cache hit ratio 81%
2026-06-15 19:34:06.640 [DEBUG] auth-service: Connection pool size 6
2026-06-15 19:34:07.141 [INFO] api-gateway: Cache hit ratio 94%
2026-06-15 19:34:07.641 [INFO] database: Cache hit ratio 99%
2026-06-15 19:34:08.141 [DEBUG] database: Connection pool size 14
2026-06-15 19:34:08.641 [WARNING] nginx: Slow query detected (9s)
2026-06-15 19:34:09.141 [DEBUG] api-gateway: Connection pool size 19
2026-06-15 19:34:09.641 [ERROR] api-gateway: Circuit breaker open for auth-service
2026-06-15 19:34:10.141 [INFO] user-service: Cache hit ratio 82%
2026-06-15 19:34:10.641 [INFO] redis: Request processed successfully in 109ms
2026-06-15 19:34:11.141 [INFO] auth-service: Cache hit ratio 83%
2026-06-15 19:34:11.642 [INFO] api-gateway: Request processed successfully in 106ms
2026-06-15 19:34:12.142 [INFO] database: Health check passed
2026-06-15 19:34:12.642 [INFO] nginx: Request processed successfully in 104ms
2026-06-15 19:34:13.142 [INFO] database: Health check passed
2026-06-15 19:34:13.642 [CRITICAL] database: Connection pool exhausted
2026-06-15 19:34:14.142 [INFO] database: Cache hit ratio 92%
2026-06-15 19:34:14.642 [CRITICAL] auth-service: Out of memory error - process killed
2026-06-15 19:34:15.142 [CRITICAL] nginx: Out of memory error - process killed
2026-06-15 19:34:15.643 [INFO] redis: Cache hit ratio 88%
2026-06-15 19:34:16.143 [DEBUG] user-service: Connection pool size 14
2026-06-15 19:34:16.643 [ERROR] database: Query failed - relation 'orders' does not exist
2026-06-15 19:34:17.143 [DEBUG] redis: Connection pool size 5
2026-06-15 19:34:17.643 [INFO] redis: Cache hit ratio 90%
2026-06-15 19:34:18.143 [INFO] database: Request processed successfully in 77ms
2026-06-15 19:34:18.643 [ERROR] database: Connection timeout after 1331ms
2026-06-15 19:34:19.144 [INFO] user-service: Health check passed
2026-06-15 19:34:19.644 [INFO] payment-service: Health check passed
2026-06-15 19:34:20.144 [INFO] nginx: Cache hit ratio 85%
2026-06-15 19:34:20.644 [CRITICAL] database: Service crashed
2026-06-15 19:34:21.144 [CRITICAL] database: Service crashed
2026-06-15 19:34:21.644 [INFO] payment-service: Cache hit ratio 81%
2026-06-15 19:34:22.145 [INFO] user-service: Request processed successfully in 169ms
2026-06-15 19:34:22.645 [INFO] nginx: Cache hit ratio 93%
2026-06-15 19:34:23.145 [INFO] nginx: Health check passed after recovery
2026-06-15 19:34:23.645 [INFO] nginx: Health check passed after recovery
2026-06-15 19:34:24.145 [INFO] api-gateway: Request processed successfully in 94ms
2026-06-15 19:34:24.645 [INFO] user-service: Request processed successfully in 199ms
2026-06-15 19:34:25.146 [INFO] auth-service: Health check passed
2026-06-15 19:34:25.646 [INFO] payment-service: Health check passed
2026-06-15 19:34:26.146 [INFO] nginx: Connection pool restored
2026-06-15 19:34:26.646 [DEBUG] api-gateway: Connection pool size 18
2026-06-15 19:34:27.146 [DEBUG] payment-service: Connection pool size 18
2026-06-15 19:34:27.646 [CRITICAL] redis: Out of memory error - process killed
2026-06-15 19:34:28.146 [DEBUG] payment-service: Connection pool size 16
2026-06-15 19:34:28.646 [ERROR] database: Connection timeout after 2150ms
2026-06-15 19:34:29.147 [DEBUG] user-service: Connection pool size 13
2026-06-15 19:34:29.647 [INFO] auth-service: Health check passed
2026-06-15 19:34:30.147 [INFO] user-service: Health check passed
2026-06-15 19:34:30.647 [INFO] redis: Cache hit ratio 84%
2026-06-15 19:34:31.147 [ERROR] database: Deadlock detected in transaction
2026-06-15 19:34:31.647 [DEBUG] user-service: Connection pool size 9
2026-06-15 19:34:32.147 [INFO] auth-service: Request processed successfully in 134ms
2026-06-15 19:34:32.647 [INFO] api-gateway: Health check passed
2026-06-15 19:34:33.147 [INFO] database: Request processed successfully in 37ms
2026-06-15 19:34:33.647 [DEBUG] user-service: Connection pool size 19
2026-06-15 19:34:34.148 [INFO] auth-service: Health check passed
2026-06-15 19:34:34.648 [CRITICAL] database: Connection pool exhausted
2026-06-15 19:34:35.148 [INFO] nginx: Cache hit ratio 85%
2026-06-15 19:34:35.648 [INFO] nginx: Health check passed
2026-06-15 19:34:36.148 [INFO] database: Health check passed
2026-06-15 19:34:36.648 [INFO] database: Request processed successfully in 89ms
2026-06-15 19:34:37.148 [INFO] nginx: Health check passed
2026-06-15 19:34:37.648 [INFO] redis: Connection pool restored
2026-06-15 19:34:38.149 [INFO] api-gateway: Cache hit ratio 95%
2026-06-15 19:34:38.649 [CRITICAL] payment-service: Service crashed
2026-06-15 19:34:39.149 [INFO] nginx: Health check passed
2026-06-15 19:34:39.649 [INFO] auth-service: Request processed successfully in 109ms
2026-06-15 19:34:40.149 [INFO] nginx: Request processed successfully in 120ms
2026-06-15 19:34:40.649 [CRITICAL] api-gateway: Out of memory error - process killed
2026-06-15 19:34:41.149 [INFO] user-service: Connection pool restored
2026-06-15 19:34:41.649 [INFO] auth-service: Request processed successfully in 48ms
2026-06-15 19:34:42.150 [INFO] api-gateway: Cache hit ratio 81%
2026-06-15 19:34:42.650 [INFO] nginx: Cache hit ratio 82%
2026-06-15 19:34:43.150 [WARNING] database: GC overhead limit reached
2026-06-15 19:34:43.650 [CRITICAL] auth-service: Out of memory error - process killed
2026-06-15 19:34:44.150 [ERROR] database: Deadlock detected in transaction
2026-06-15 19:34:44.650 [INFO] payment-service: Health check passed
2026-06-15 19:34:45.150 [DEBUG] redis: Connection pool size 17
2026-06-15 19:34:45.651 [DEBUG] payment-service: Connection pool size 15
2026-06-15 19:34:46.151 [DEBUG] user-service: Connection pool size 11
2026-06-15 19:34:46.651 [DEBUG] redis: Connection pool size 15
2026-06-15 19:34:47.151 [INFO] auth-service: Cache hit ratio 85%
2026-06-15 19:34:47.651 [INFO] redis: Request processed successfully in 102ms
2026-06-15 19:34:48.151 [INFO] database: Request processed successfully in 46ms
2026-06-15 19:34:48.651 [INFO] auth-service: Health check passed after recovery
2026-06-15 19:34:49.152 [INFO] api-gateway: Health check passed
2026-06-15 19:34:49.652 [INFO] payment-service: Cache hit ratio 90%
2026-06-15 19:34:50.152 [INFO] database: Cache hit ratio 97%
2026-06-15 19:34:50.652 [DEBUG] database: Connection pool size 15
2026-06-15 19:34:51.152 [INFO] redis: Request processed successfully in 26ms
2026-06-15 19:34:51.652 [ERROR] database: Deadlock detected in transaction
2026-06-15 19:34:52.152 [WARNING] redis: Memory usage 88%
2026-06-15 19:34:52.653 [DEBUG] database: Connection pool size 13
2026-06-15 19:34:53.153 [INFO] payment-service: Cache hit ratio 91%
2026-06-15 19:34:53.653 [DEBUG] payment-service: Connection pool size 13
2026-06-15 19:34:54.153 [ERROR] database: Upstream service unavailable
2026-06-15 19:34:54.653 [ERROR] database: Query failed - relation 'orders' does not exist
2026-06-15 19:34:55.153 [INFO] database: Request processed successfully in 143ms
2026-06-15 19:34:55.653 [INFO] user-service: Health check passed
2026-06-15 19:34:56.153 [INFO] nginx: Cache hit ratio 96%
2026-06-15 19:34:56.654 [DEBUG] database: Connection pool size 11
2026-06-15 19:34:57.154 [INFO] payment-service: Health check passed
2026-06-15 19:34:57.654 [DEBUG] user-service: Connection pool size 15
2026-06-15 19:34:58.154 [INFO] redis: Health check passed
2026-06-15 19:34:58.654 [ERROR] api-gateway: Upstream service unavailable
2026-06-15 19:34:59.154 [DEBUG] nginx: Connection pool size 10
2026-06-15 19:34:59.654 [DEBUG] database: Connection pool size 11
2026-06-15 19:35:00.154 [INFO] payment-service: Health check passed
2026-06-15 19:35:00.655 [DEBUG] database: Connection pool size 17
2026-06-15 19:35:01.155 [INFO] user-service: Cache hit ratio 95%
2026-06-15 19:35:01.655 [INFO] payment-service: Request processed successfully in 84ms
2026-06-15 19:35:02.155 [INFO] payment-service: Cache hit ratio 82%
2026-06-15 19:35:02.655 [INFO] database: Request processed successfully in 132ms
2026-06-15 19:35:03.155 [INFO] redis: Request processed successfully in 126ms
2026-06-15 19:35:03.655 [INFO] api-gateway: Health check passed
2026-06-15 19:35:04.156 [ERROR] nginx: Dependency failure from auth-service
2026-06-15 19:35:04.656 [INFO] user-service: Health check passed after recovery
2026-06-15 19:35:05.156 [INFO] payment-service: Cache hit ratio 81%
2026-06-15 19:35:05.656 [INFO] redis: Health check passed
2026-06-15 19:35:06.156 [INFO] redis: Health check passed
2026-06-15 19:35:06.656 [ERROR] database: Deadlock detected in transaction
2026-06-15 19:35:07.156 [INFO] redis: Request processed successfully in 148ms
2026-06-15 19:35:07.656 [ERROR] auth-service: Request timeout after 46s
2026-06-15 19:35:08.157 [CRITICAL] database: Connection pool exhausted
2026-06-15 19:35:08.657 [INFO] payment-service: Request processed successfully in 96ms
2026-06-15 19:35:09.157 [INFO] nginx: Health check passed
2026-06-15 19:35:09.657 [INFO] redis: Health check passed
2026-06-15 19:35:10.157 [INFO] database: Connection pool restored
2026-06-15 19:35:10.657 [ERROR] api-gateway: Upstream service unavailable
2026-06-15 19:35:11.157 [INFO] nginx: Cache hit ratio 83%
2026-06-15 19:35:11.657 [DEBUG] api-gateway: Connection pool size 9
2026-06-15 19:35:12.158 [INFO] api-gateway: Connection pool restored
2026-06-15 19:35:12.658 [DEBUG] api-gateway: Connection pool size 6
2026-06-15 19:35:13.158 [ERROR] nginx: Request timeout after 39s
2026-06-15 19:35:13.658 [WARNING] auth-service: Memory usage 92%
2026-06-15 19:35:14.158 [INFO] auth-service: Request processed successfully in 118ms
2026-06-15 19:35:14.658 [ERROR] nginx: Request timeout after 37s
2026-06-15 19:35:15.158 [INFO] api-gateway: Cache hit ratio 93%
2026-06-15 19:35:15.658 [DEBUG] payment-service: Connection pool size 5
2026-06-15 19:35:16.158 [INFO] payment-service: Cache hit ratio 82%
2026-06-15 19:35:16.659 [INFO] redis: Health check passed
2026-06-15 19:35:17.159 [DEBUG] user-service: Connection pool size 13
2026-06-15 19:35:17.659 [INFO] redis: Request processed successfully in 26ms
2026-06-15 19:35:18.159 [INFO] user-service: Cache hit ratio 90%
2026-06-15 19:35:18.659 [INFO] api-gateway: Health check passed
2026-06-15 19:35:19.159 [ERROR] database: Query failed - relation 'orders' does not exist
2026-06-15 19:35:19.659 [ERROR] database: Connection timeout after 1777ms
2026-06-15 19:35:20.159 [DEBUG] user-service: Connection pool size 5
2026-06-15 19:35:20.659 [INFO] auth-service: Health check passed after recovery
2026-06-15 19:35:21.159 [WARNING] database: Memory usage 86%
2026-06-15 19:35:21.660 [INFO] database: Cache hit ratio 88%
2026-06-15 19:35:22.160 [DEBUG] api-gateway: Connection pool size 13
2026-06-15 19:35:22.660 [INFO] api-gateway: Health check passed
2026-06-15 19:35:23.160 [DEBUG] redis: Connection pool size 16
2026-06-15 19:35:23.660 [INFO] user-service: Health check passed
2026-06-15 19:35:24.160 [INFO] user-service: Cache hit ratio 81%
2026-06-15 19:35:24.660 [INFO] payment-service: Health check passed
2026-06-15 19:35:25.161 [DEBUG] nginx: Connection pool size 6
2026-06-15 19:35:25.661 [INFO] auth-service: Cache hit ratio 98%
2026-06-15 19:35:26.161 [INFO] user-service: Health check passed
2026-06-15 19:35:26.661 [DEBUG] database: Connection pool size 6
2026-06-15 19:35:27.161 [INFO] user-service: Health check passed
2026-06-15 19:35:27.661 [INFO] auth-service: Health check passed
2026-06-15 19:35:28.162 [INFO] redis: Health check passed
2026-06-15 19:35:28.662 [ERROR] api-gateway: Circuit breaker open for redis
2026-06-15 19:35:29.162 [INFO] api-gateway: Health check passed
2026-06-15 19:35:29.662 [INFO] nginx: Health check passed
2026-06-15 19:35:30.162 [INFO] database: Request processed successfully in 74ms
2026-06-15 19:35:30.662 [INFO] user-service: Request processed successfully in 174ms
2026-06-15 19:35:31.163 [INFO] auth-service: Request processed successfully in 141ms
2026-06-15 19:35:31.663 [INFO] nginx: Health check passed
2026-06-15 19:35:32.163 [INFO] redis: Health check passed
2026-06-15 19:35:32.663 [DEBUG] nginx: Connection pool size 20
2026-06-15 19:35:33.163 [INFO] nginx: Connection pool restored
2026-06-15 19:35:33.663 [INFO] user-service: Request processed successfully in 53ms
2026-06-15 19:35:34.163 [DEBUG] payment-service: Connection pool size 8
2026-06-15 19:35:34.663 [INFO] auth-service: Request processed successfully in 13ms
2026-06-15 19:35:35.164 [INFO] payment-service: Health check passed
2026-06-15 19:35:35.664 [INFO] payment-service: Request processed successfully in 174ms
2026-06-15 19:35:36.164 [INFO] redis: Cache hit ratio 87%
2026-06-15 19:35:36.664 [INFO] auth-service: Request processed successfully in 181ms
2026-06-15 19:35:37.164 [INFO] payment-service: Request processed successfully in 64ms
2026-06-15 19:35:37.664 [DEBUG] api-gateway: Connection pool size 9
2026-06-15 19:35:38.164 [INFO] auth-service: Cache hit ratio 96%
2026-06-15 19:35:38.664 [WARNING] nginx: Memory usage 94%
2026-06-15 19:35:39.165 [INFO] payment-service: Cache hit ratio 96%
2026-06-15 19:35:39.665 [DEBUG] database: Connection pool size 19
2026-06-15 19:35:40.165 [INFO] redis: Request processed successfully in 35ms
2026-06-15 19:35:40.665 [INFO] nginx: Cache hit ratio 85%
2026-06-15 19:35:41.165 [INFO] database: Request processed successfully in 91ms
2026-06-15 19:35:41.665 [INFO] database: Connection pool restored
2026-06-15 19:35:42.165 [DEBUG] redis: Connection pool size 7
2026-06-15 19:35:42.666 [INFO] auth-service: Cache hit ratio 98%
2026-06-15 19:35:43.166 [INFO] redis: Request processed successfully in 190ms
2026-06-15 19:35:43.666 [INFO] payment-service: Cache hit ratio 95%
2026-06-15 19:35:44.166 [DEBUG] user-service: Connection pool size 11
2026-06-15 19:35:44.666 [ERROR] redis: Request timeout after 43s
2026-06-15 19:35:45.166 [INFO] payment-service: Health check passed
2026-06-15 19:35:45.666 [INFO] database: Request processed successfully in 156ms
2026-06-15 19:35:46.166 [ERROR] database: Query failed - relation 'orders' does not exist
2026-06-15 19:35:46.667 [INFO] user-service: Health check passed
2026-06-15 19:35:47.167 [WARNING] auth-service: Slow query detected (18s)
2026-06-15 19:35:47.667 [INFO] database: Cache hit ratio 95%
2026-06-15 19:35:48.167 [DEBUG] database: Connection pool size 13
2026-06-15 19:35:48.667 [INFO] user-service: Request processed successfully in 135ms
2026-06-15 19:35:49.167 [ERROR] database: Deadlock detected in transaction
2026-06-15 19:35:49.667 [DEBUG] redis: Connection pool size 12
2026-06-15 19:35:50.168 [WARNING] redis: Slow query detected (17s)
2026-06-15 19:35:50.668 [INFO] user-service: Cache hit ratio 91%
2026-06-15 19:35:51.168 [ERROR] database: Query failed - relation 'orders' does not exist
2026-06-15 19:35:51.668 [INFO] user-service: Health check passed after recovery
2026-06-15 19:35:52.168 [INFO] user-service: Request processed successfully in 90ms
2026-06-15 19:35:52.668 [DEBUG] database: Connection pool size 7
2026-06-15 19:35:53.169 [INFO] auth-service: Request processed successfully in 100ms
2026-06-15 19:35:53.669 [ERROR] database: Upstream service unavailable
2026-06-15 19:35:54.169 [WARNING] auth-service: GC overhead limit reached
2026-06-15 19:35:54.669 [INFO] payment-service: Connection pool restored
2026-06-15 19:35:55.169 [INFO] redis: Cache hit ratio 83%
2026-06-15 19:35:55.670 [INFO] auth-service: Health check passed
2026-06-15 19:35:56.170 [INFO] redis: Cache hit ratio 96%
2026-06-15 19:35:56.670 [INFO] auth-service: Cache hit ratio 92%
2026-06-15 19:35:57.170 [ERROR] database: Deadlock detected in transaction
2026-06-15 19:35:57.670 [WARNING] payment-service: Memory usage 88%
2026-06-15 19:35:58.170 [CRITICAL] database: Connection pool exhausted
2026-06-15 19:35:58.670 [DEBUG] api-gateway: Connection pool size 16
2026-06-15 19:35:59.171 [ERROR] database: Connection timeout after 4623ms
2026-06-15 19:35:59.671 [INFO] database: Request processed successfully in 140ms
2026-06-15 19:36:00.171 [INFO] database: Health check passed
2026-06-15 19:36:00.671 [INFO] user-service: Request processed successfully in 39ms
2026-06-15 19:36:01.171 [ERROR] redis: Dependency failure from auth-service
2026-06-15 19:36:01.671 [INFO] database: Cache hit ratio 93%
2026-06-15 19:36:02.171 [DEBUG] database: Connection pool size 7
2026-06-15 19:36:02.672 [INFO] auth-service: Health check passed
2026-06-15 19:36:03.172 [INFO] nginx: Cache hit ratio 95%
2026-06-15 19:36:03.672 [ERROR] database: Deadlock detected in transaction
2026-06-15 19:36:04.172 [DEBUG] api-gateway: Connection pool size 5
2026-06-15 19:36:04.672 [WARNING] nginx: Slow query detected (9s)
2026-06-15 19:36:05.172 [DEBUG] user-service: Connection pool size 6
2026-06-15 19:36:05.672 [ERROR] user-service: Request timeout after 50s
2026-06-15 19:36:06.173 [INFO] api-gateway: Cache hit ratio 95%
2026-06-15 19:36:06.673 [INFO] payment-service: Cache hit ratio 95%
2026-06-15 19:36:07.173 [CRITICAL] api-gateway: Out of memory error - process killed
2026-06-15 19:36:07.673 [INFO] database: Request processed successfully in 110ms
2026-06-15 19:36:08.173 [INFO] api-gateway: Health check passed
2026-06-15 19:36:08.673 [DEBUG] nginx: Connection pool size 8
2026-06-15 19:36:09.173 [INFO] nginx: Cache hit ratio 95%
2026-06-15 19:36:09.673 [INFO] api-gateway: Health check passed
2026-06-15 19:36:10.173 [DEBUG] auth-service: Connection pool size 13
2026-06-15 19:36:10.673 [DEBUG] user-service: Connection pool size 15
2026-06-15 19:36:11.174 [CRITICAL] user-service: Out of memory error - process killed
2026-06-15 19:36:11.674 [INFO] user-service: Health check passed
2026-06-15 19:36:12.174 [INFO] nginx: Cache hit ratio 82%
2026-06-15 19:36:12.674 [INFO] database: Health check passed
2026-06-15 19:36:13.174 [INFO] nginx: Cache hit ratio 80%
2026-06-15 19:36:13.674 [INFO] auth-service: Request processed successfully in 85ms
2026-06-15 19:36:14.174 [DEBUG] database: Connection pool size 6
2026-06-15 19:36:14.674 [INFO] user-service: Health check passed
2026-06-15 19:36:15.174 [INFO] payment-service: Request processed successfully in 91ms
2026-06-15 19:36:15.675 [ERROR] database: Query failed - relation 'orders' does not exist
2026-06-15 19:36:16.175 [INFO] nginx: Service restarted successfully
2026-06-15 19:36:16.675 [DEBUG] payment-service: Connection pool size 15
2026-06-15 19:36:17.175 [DEBUG] database: Connection pool size 17
2026-06-15 19:36:17.675 [INFO] api-gateway: Health check passed
2026-06-15 19:36:18.175 [WARNING] payment-service: GC overhead limit reached
2026-06-15 19:36:18.675 [INFO] payment-service: Health check passed after recovery
2026-06-15 19:36:19.176 [DEBUG] database: Connection pool size 11
2026-06-15 19:36:19.676 [ERROR] database: Request timeout after 51s
2026-06-15 19:36:20.176 [INFO] api-gateway: Cache hit ratio 89%
2026-06-15 19:36:20.676 [INFO] auth-service: Health check passed
2026-06-15 19:36:21.176 [INFO] auth-service: Health check passed
2026-06-15 19:36:21.676 [DEBUG] payment-service: Connection pool size 17
2026-06-15 19:36:22.176 [ERROR] database: Connection timeout after 1262ms
2026-06-15 19:36:22.677 [INFO] database: Health check passed after recovery
2026-06-15 19:36:23.177 [INFO] database: Request processed successfully in 13ms
2026-06-15 19:36:23.677 [DEBUG] auth-service: Connection pool size 12
2026-06-15 19:36:24.177 [INFO] redis: Request processed successfully in 73ms
2026-06-15 19:36:24.677 [INFO] payment-service: Request processed successfully in 195ms
2026-06-15 19:36:25.177 [INFO] user-service: Request processed successfully in 191ms
2026-06-15 19:36:25.678 [DEBUG] redis: Connection pool size 18
2026-06-15 19:36:26.178 [ERROR] user-service: Request timeout after 49s
2026-06-15 19:36:26.678 [DEBUG] nginx: Connection pool size 8
2026-06-15 19:36:27.178 [INFO] api-gateway: Health check passed
2026-06-15 19:36:27.678 [WARNING] api-gateway: GC overhead limit reached
2026-06-15 19:36:28.178 [INFO] api-gateway: Cache hit ratio 82%
2026-06-15 19:36:28.678 [INFO] database: Request processed successfully in 39ms
2026-06-15 19:36:29.178 [INFO] database: Request processed successfully in 34ms
2026-06-15 19:36:29.679 [WARNING] database: GC overhead limit reached
2026-06-15 19:36:30.179 [INFO] user-service: Cache hit ratio 82%
2026-06-15 19:36:30.679 [DEBUG] payment-service: Connection pool size 17
2026-06-15 19:36:31.179 [INFO] redis: Health check passed
2026-06-15 19:36:31.679 [DEBUG] payment-service: Connection pool size 5
2026-06-15 19:36:32.179 [DEBUG] database: Connection pool size 14
2026-06-15 19:36:32.679 [ERROR] user-service: Circuit breaker open for database
2026-06-15 19:36:33.179 [ERROR] database: Deadlock detected in transaction
2026-06-15 19:36:33.679 [ERROR] database: Query failed - relation 'orders' does not exist
2026-06-15 19:36:34.180 [INFO] nginx: Health check passed
2026-06-15 19:36:34.680 [INFO] redis: Health check passed
2026-06-15 19:36:35.180 [CRITICAL] payment-service: Out of memory error - process killed
2026-06-15 19:36:35.680 [INFO] database: Request processed successfully in 52ms
2026-06-15 19:36:36.180 [DEBUG] nginx: Connection pool size 13
2026-06-15 19:36:36.680 [CRITICAL] api-gateway: Out of memory error - process killed
2026-06-15 19:36:37.180 [INFO] auth-service: Health check passed
2026-06-15 19:36:37.680 [CRITICAL] nginx: Service crashed
2026-06-15 19:36:38.181 [INFO] api-gateway: Request processed successfully in 158ms
2026-06-15 19:36:38.681 [DEBUG] api-gateway: Connection pool size 11
2026-06-15 19:36:39.181 [DEBUG] database: Connection pool size 18
2026-06-15 19:36:39.681 [WARNING] nginx: GC overhead limit reached
2026-06-15 19:36:40.181 [INFO] payment-service: Health check passed
2026-06-15 19:36:40.681 [INFO] nginx: Request processed successfully in 156ms
2026-06-15 19:36:41.181 [INFO] api-gateway: Cache hit ratio 84%
2026-06-15 19:36:41.682 [ERROR] nginx: Request timeout after 52s
2026-06-15 19:36:42.182 [INFO] user-service: Cache hit ratio 99%
2026-06-15 19:36:42.682 [ERROR] database: Deadlock detected in transaction
2026-06-15 19:36:43.182 [INFO] api-gateway: Request processed successfully in 103ms
2026-06-15 19:36:43.682 [WARNING] database: Memory usage 86%
2026-06-15 19:36:44.182 [INFO] payment-service: Request processed successfully in 67ms
2026-06-15 19:36:44.682 [INFO] nginx: Request processed successfully in 150ms
2026-06-15 19:36:45.182 [INFO] database: Cache hit ratio 87%
2026-06-15 19:36:45.682 [DEBUG] database: Connection pool size 5
2026-06-15 19:36:46.183 [WARNING] database: Memory usage 87%
2026-06-15 19:36:46.683 [INFO] nginx: Health check passed
2026-06-15 19:36:47.183 [DEBUG] auth-service: Connection pool size 14
2026-06-15 19:36:47.683 [INFO] database: Cache hit ratio 94%
2026-06-15 19:36:48.183 [DEBUG] auth-service: Connection pool size 11
2026-06-15 19:36:48.683 [INFO] nginx: Health check passed
2026-06-15 19:36:49.183 [INFO] payment-service: Health check passed
2026-06-15 19:36:49.683 [DEBUG] auth-service: Connection pool size 5
2026-06-15 19:36:50.183 [INFO] auth-service: Request processed successfully in 170ms
2026-06-15 19:36:50.683 [INFO] user-service: Request processed successfully in 46ms
2026-06-15 19:36:51.184 [INFO] auth-service: Request processed successfully in 138ms
2026-06-15 19:36:51.684 [INFO] redis: Request processed successfully in 200ms
2026-06-15 19:36:52.184 [INFO] nginx: Request processed successfully in 162ms
2026-06-15 19:36:52.684 [DEBUG] payment-service: Connection pool size 6
2026-06-15 19:36:53.184 [INFO] api-gateway: Health check passed
2026-06-15 19:36:53.684 [INFO] database: Cache hit ratio 89%
2026-06-15 19:36:54.184 [INFO] redis: Cache hit ratio 96%
2026-06-15 19:36:54.684 [INFO] database: Request processed successfully in 35ms
2026-06-15 19:36:55.185 [INFO] database: Request processed successfully in 104ms
2026-06-15 19:36:55.685 [INFO] api-gateway: Cache hit ratio 81%
2026-06-15 19:36:56.185 [INFO] redis: Cache hit ratio 82%
2026-06-15 19:36:56.685 [INFO] database: Request processed successfully in 190ms
2026-06-15 19:36:57.185 [ERROR] database: Connection timeout after 1456ms
2026-06-15 19:36:57.685 [INFO] payment-service: Request processed successfully in 27ms
2026-06-15 19:36:58.185 [INFO] auth-service: Request processed successfully in 30ms
2026-06-15 19:36:58.686 [CRITICAL] payment-service: Service crashed
2026-06-15 19:36:59.186 [CRITICAL] database: Connection pool exhausted
2026-06-15 19:36:59.686 [DEBUG] api-gateway: Connection pool size 18
2026-06-15 19:37:00.186 [ERROR] user-service: Circuit breaker open for nginx
2026-06-15 19:37:00.686 [DEBUG] user-service: Connection pool size 17
2026-06-15 19:37:01.186 [INFO] redis: Request processed successfully in 150ms
2026-06-15 19:37:01.686 [INFO] database: Health check passed
2026-06-15 19:37:02.186 [INFO] api-gateway: Cache hit ratio 90%
2026-06-15 19:37:02.686 [INFO] nginx: Request processed successfully in 55ms
2026-06-15 19:37:03.187 [INFO] payment-service: Request processed successfully in 92ms
2026-06-15 19:37:03.687 [INFO] user-service: Cache hit ratio 85%
2026-06-15 19:37:04.187 [DEBUG] user-service: Connection pool size 8
2026-06-15 19:37:04.687 [INFO] user-service: Health check passed
2026-06-15 19:37:05.187 [INFO] user-service: Health check passed
2026-06-15 19:37:05.687 [INFO] user-service: Health check passed
2026-06-15 19:37:06.187 [INFO] payment-service: Health check passed
2026-06-15 19:37:06.687 [CRITICAL] api-gateway: Out of memory error - process killed
2026-06-15 19:37:07.188 [INFO] redis: Cache hit ratio 97%
2026-06-15 19:37:07.688 [INFO] nginx: Request processed successfully in 32ms
2026-06-15 19:37:08.188 [INFO] nginx: Cache hit ratio 93%
2026-06-15 19:37:08.688 [INFO] user-service: Health check passed
2026-06-15 19:37:09.188 [INFO] payment-service: Cache hit ratio 84%
2026-06-15 19:37:09.688 [INFO] auth-service: Health check passed
2026-06-15 19:37:10.188 [DEBUG] redis: Connection pool size 11
2026-06-15 19:37:10.688 [INFO] redis: Cache hit ratio 91%
2026-06-15 19:37:11.188 [INFO] user-service: Health check passed
2026-06-15 19:37:11.688 [DEBUG] database: Connection pool size 15
2026-06-15 19:37:12.189 [INFO] auth-service: Cache hit ratio 81%
2026-06-15 19:37:12.689 [INFO] auth-service: Health check passed
2026-06-15 19:37:13.189 [INFO] auth-service: Health check passed
2026-06-15 19:37:13.689 [INFO] database: Request processed successfully in 31ms
2026-06-15 19:37:14.189 [ERROR] database: Deadlock detected in transaction
2026-06-15 19:37:14.689 [INFO] nginx: Request processed successfully in 41ms
2026-06-15 19:37:15.189 [ERROR] redis: Request timeout after 34s
2026-06-15 19:37:15.689 [INFO] database: Connection pool restored
2026-06-15 19:37:16.189 [DEBUG] database: Connection pool size 13
2026-06-15 19:37:16.689 [INFO] auth-service: Request processed successfully in 41ms
2026-06-15 19:37:17.190 [INFO] nginx: Service restarted successfully
2026-06-15 19:37:17.690 [WARNING] nginx: Slow query detected (18s)
2026-06-15 19:37:18.190 [INFO] payment-service: Health check passed
2026-06-15 19:37:18.690 [WARNING] api-gateway: Slow query detected (9s)
2026-06-15 19:37:19.190 [INFO] database: Cache hit ratio 99%
2026-06-15 19:37:19.690 [ERROR] database: Connection timeout after 2279ms
2026-06-15 19:37:20.190 [DEBUG] nginx: Connection pool size 9
2026-06-15 19:37:20.690 [INFO] auth-service: Cache hit ratio 88%
2026-06-15 19:37:21.191 [DEBUG] auth-service: Connection pool size 7
2026-06-15 19:37:21.691 [INFO] redis: Request processed successfully in 49ms
2026-06-15 19:37:22.191 [ERROR] auth-service: Circuit breaker open for user-service
2026-06-15 19:37:22.691 [CRITICAL] database: Connection pool exhausted
2026-06-15 19:37:23.191 [INFO] api-gateway: Request processed successfully in 35ms
2026-06-15 19:37:23.691 [INFO] database: Health check passed
2026-06-15 19:37:24.191 [INFO] database: Cache hit ratio 95%
2026-06-15 19:37:24.691 [INFO] auth-service: Cache hit ratio 86%
2026-06-15 19:37:25.192 [INFO] nginx: Health check passed
2026-06-15 19:37:25.692 [INFO] database: Health check passed
2026-06-15 19:37:26.192 [INFO] api-gateway: Request processed successfully in 30ms
2026-06-15 19:37:26.692 [INFO] nginx: Health check passed
2026-06-15 19:37:27.192 [INFO] auth-service: Connection pool restored
2026-06-15 19:37:27.692 [INFO] user-service: Request processed successfully in 140ms
2026-06-15 19:37:28.192 [CRITICAL] payment-service: Service crashed
2026-06-15 19:37:28.692 [INFO] redis: Request processed successfully in 200ms
2026-06-15 19:37:29.192 [INFO] database: Health check passed
2026-06-15 19:37:29.693 [WARNING] api-gateway: GC overhead limit reached
2026-06-15 19:37:30.193 [INFO] user-service: Health check passed
2026-06-15 19:37:30.693 [INFO] user-service: Health check passed
2026-06-15 19:37:31.193 [INFO] database: Health check passed after recovery
2026-06-15 19:37:31.693 [DEBUG] api-gateway: Connection pool size 7
2026-06-15 19:37:32.193 [INFO] user-service: Request processed successfully in 158ms
2026-06-15 19:37:32.693 [DEBUG] user-service: Connection pool size 6
2026-06-15 19:37:33.193 [DEBUG] payment-service: Connection pool size 9
2026-06-15 19:37:33.694 [INFO] api-gateway: Cache hit ratio 97%
2026-06-15 19:37:34.194 [INFO] redis: Request processed successfully in 58ms
2026-06-15 19:37:34.694 [INFO] payment-service: Request processed successfully in 50ms
2026-06-15 19:37:35.194 [INFO] nginx: Cache hit ratio 85%
2026-06-15 19:37:35.694 [INFO] redis: Cache hit ratio 88%
2026-06-15 19:37:36.194 [INFO] api-gateway: Connection pool restored
2026-06-15 19:37:36.695 [CRITICAL] nginx: Service crashed
2026-06-15 19:37:37.195 [ERROR] payment-service: Dependency failure from redis
2026-06-15 19:37:37.695 [ERROR] database: Connection timeout after 3888ms
2026-06-15 19:37:38.195 [ERROR] database: Query failed - relation 'orders' does not exist
2026-06-15 19:37:38.695 [INFO] nginx: Request processed successfully in 104ms
2026-06-15 19:37:39.195 [DEBUG] redis: Connection pool size 15
2026-06-15 19:37:39.695 [INFO] payment-service: Health check passed
2026-06-15 19:37:40.195 [CRITICAL] database: Connection pool exhausted
2026-06-15 19:37:40.696 [INFO] api-gateway: Request processed successfully in 88ms
2026-06-15 19:37:41.196 [INFO] auth-service: Request processed successfully in 174ms
2026-06-15 19:37:41.696 [INFO] nginx: Cache hit ratio 98%
2026-06-15 19:37:42.196 [ERROR] api-gateway: Request timeout after 49s
2026-06-15 19:37:42.696 [DEBUG] nginx: Connection pool size 7
2026-06-15 19:37:43.196 [INFO] nginx: Request processed successfully in 40ms
2026-06-15 19:37:43.696 [DEBUG] nginx: Connection pool size 6
2026-06-15 19:37:44.196 [INFO] auth-service: Cache hit ratio 88%
2026-06-15 19:37:44.697 [INFO] redis: Cache hit ratio 96%
2026-06-15 19:37:45.197 [ERROR] database: Query failed - relation 'orders' does not exist
2026-06-15 19:37:45.697 [CRITICAL] payment-service: Out of memory error - process killed
2026-06-15 19:37:46.197 [ERROR] database: Connection timeout after 1749ms
2026-06-15 19:37:46.697 [WARNING] nginx: GC overhead limit reached
2026-06-15 19:37:47.197 [INFO] redis: Connection pool restored
2026-06-15 19:37:47.697 [DEBUG] api-gateway: Connection pool size 6
2026-06-15 19:37:48.197 [INFO] database: Connection pool restored
2026-06-15 19:37:48.697 [INFO] nginx: Connection pool restored
2026-06-15 19:37:49.198 [ERROR] database: Circuit breaker open for payment-service
2026-06-15 19:37:49.698 [DEBUG] auth-service: Connection pool size 5
2026-06-15 19:37:50.198 [INFO] database: Cache hit ratio 98%
2026-06-15 19:37:50.698 [INFO] user-service: Request processed successfully in 144ms
2026-06-15 19:37:51.198 [WARNING] payment-service: Memory usage 89%
2026-06-15 19:37:51.698 [ERROR] user-service: Upstream service unavailable
2026-06-15 19:37:52.198 [DEBUG] api-gateway: Connection pool size 5
2026-06-15 19:37:52.698 [DEBUG] database: Connection pool size 17
2026-06-15 19:37:53.199 [INFO] database: Cache hit ratio 85%
2026-06-15 19:37:53.699 [INFO] api-gateway: Cache hit ratio 97%
2026-06-15 19:37:54.199 [DEBUG] user-service: Connection pool size 8
2026-06-15 19:37:54.699 [CRITICAL] api-gateway: Service crashed
2026-06-15 19:37:55.199 [INFO] nginx: Request processed successfully in 159ms
2026-06-15 19:37:55.699 [INFO] nginx: Cache hit ratio 81%
2026-06-15 19:37:56.199 [INFO] redis: Health check passed
2026-06-15 19:37:56.700 [ERROR] database: Deadlock detected in transaction
2026-06-15 19:37:57.200 [INFO] payment-service: Cache hit ratio 82%
2026-06-15 19:37:57.700 [INFO] auth-service: Cache hit ratio 98%
2026-06-15 19:37:58.200 [ERROR] database: Deadlock detected in transaction
2026-06-15 19:37:58.700 [INFO] user-service: Health check passed
2026-06-15 19:37:59.200 [INFO] user-service: Cache hit ratio 91%
2026-06-15 19:37:59.700 [CRITICAL] user-service: Service crashed
2026-06-15 19:38:00.200 [DEBUG] user-service: Connection pool size 11
2026-06-15 19:38:00.700 [INFO] user-service: Request processed successfully in 142ms
2026-06-15 19:38:01.201 [INFO] database: Request processed successfully in 175ms
2026-06-15 19:38:01.701 [DEBUG] redis: Connection pool size 5
2026-06-15 19:38:02.201 [INFO] auth-service: Health check passed
2026-06-15 19:38:02.701 [DEBUG] auth-service: Connection pool size 14
2026-06-15 19:38:03.201 [DEBUG] database: Connection pool size 19
2026-06-15 19:38:03.701 [INFO] nginx: Health check passed after recovery
2026-06-15 19:38:04.201 [INFO] api-gateway: Cache hit ratio 84%
2026-06-15 19:38:04.701 [CRITICAL] nginx: Out of memory error - process killed
2026-06-15 19:38:05.202 [INFO] redis: Request processed successfully in 194ms
2026-06-15 19:38:05.702 [DEBUG] payment-service: Connection pool size 17
2026-06-15 19:38:06.202 [INFO] auth-service: Cache hit ratio 89%
2026-06-15 19:38:06.702 [INFO] auth-service: Cache hit ratio 89%
2026-06-15 19:38:07.202 [INFO] database: Cache hit ratio 93%
2026-06-15 19:38:07.702 [DEBUG] payment-service: Connection pool size 12
2026-06-15 19:38:08.202 [INFO] auth-service: Health check passed after recovery
2026-06-15 19:38:08.702 [CRITICAL] redis: Service crashed
2026-06-15 19:38:09.203 [ERROR] database: Query failed - relation 'orders' does not exist
2026-06-15 19:38:09.703 [ERROR] nginx: Upstream service unavailable
2026-06-15 19:38:10.203 [INFO] redis: Request processed successfully in 60ms
2026-06-15 19:38:10.703 [INFO] user-service: Request processed successfully in 125ms
2026-06-15 19:38:11.203 [ERROR] database: Connection timeout after 2052ms
2026-06-15 19:38:11.703 [DEBUG] api-gateway: Connection pool size 20
2026-06-15 19:38:12.203 [ERROR] database: Query failed - relation 'orders' does not exist
2026-06-15 19:38:12.703 [INFO] auth-service: Health check passed after recovery
2026-06-15 19:38:13.203 [CRITICAL] redis: Out of memory error - process killed
2026-06-15 19:38:13.704 [INFO] user-service: Request processed successfully in 174ms
2026-06-15 19:38:14.204 [INFO] database: Cache hit ratio 96%
2026-06-15 19:38:14.704 [INFO] payment-service: Health check passed
2026-06-15 19:38:15.204 [DEBUG] auth-service: Connection pool size 19
2026-06-15 19:38:15.704 [INFO] redis: Cache hit ratio 89%
2026-06-15 19:38:16.204 [ERROR] database: Query failed - relation 'orders' does not exist
2026-06-15 19:38:16.705 [INFO] api-gateway: Health check passed
2026-06-15 19:38:17.205 [INFO] api-gateway: Request processed successfully in 10ms
2026-06-15 19:38:17.705 [INFO] auth-service: Request processed successfully in 150ms
2026-06-15 19:38:18.205 [INFO] auth-service: Health check passed
2026-06-15 19:38:18.705 [DEBUG] nginx: Connection pool size 12
2026-06-15 19:38:19.205 [INFO] api-gateway: Health check passed
2026-06-15 19:38:19.705 [DEBUG] nginx: Connection pool size 6
2026-06-15 19:38:20.205 [INFO] redis: Health check passed
2026-06-15 19:38:20.705 [INFO] payment-service: Request processed successfully in 111ms
2026-06-15 19:38:21.206 [INFO] nginx: Cache hit ratio 90%
2026-06-15 19:38:21.706 [INFO] database: Cache hit ratio 98%
2026-06-15 19:38:22.206 [DEBUG] payment-service: Connection pool size 5
2026-06-15 19:38:22.706 [INFO] payment-service: Health check passed after recovery
2026-06-15 19:38:23.206 [CRITICAL] database: Service crashed
2026-06-15 19:38:23.706 [INFO] api-gateway: Health check passed
2026-06-15 19:38:24.206 [INFO] auth-service: Connection pool restored
2026-06-15 19:38:24.707 [INFO] user-service: Health check passed
2026-06-15 19:38:25.207 [CRITICAL] database: Connection pool exhausted
2026-06-15 19:38:25.707 [INFO] payment-service: Request processed successfully in 115ms
2026-06-15 19:38:26.207 [INFO] redis: Request processed successfully in 197ms
2026-06-15 19:38:26.707 [DEBUG] database: Connection pool size 10
2026-06-15 19:38:27.207 [INFO] api-gateway: Request processed successfully in 151ms
2026-06-15 19:38:27.707 [DEBUG] user-service: Connection pool size 5
2026-06-15 19:38:28.207 [DEBUG] database: Connection pool size 6
2026-06-15 19:38:28.708 [INFO] redis: Cache hit ratio 95%
2026-06-15 19:38:29.208 [INFO] user-service: Health check passed
2026-06-15 19:38:29.708 [INFO] payment-service: Request processed successfully in 91ms
2026-06-15 19:38:30.208 [INFO] redis: Cache hit ratio 96%
2026-06-15 19:38:30.708 [INFO] redis: Request processed successfully in 103ms
2026-06-15 19:38:31.208 [INFO] auth-service: Cache hit ratio 83%
2026-06-15 19:38:31.708 [INFO] database: Connection pool restored
2026-06-15 19:38:32.208 [ERROR] database: Query failed - relation 'orders' does not exist
2026-06-15 19:38:32.709 [WARNING] api-gateway: GC overhead limit reached
2026-06-15 19:38:33.209 [DEBUG] database: Connection pool size 6
2026-06-15 19:38:33.709 [WARNING] user-service: GC overhead limit reached
2026-06-15 19:38:34.209 [INFO] redis: Cache hit ratio 88%
2026-06-15 19:38:34.709 [INFO] payment-service: Health check passed
2026-06-15 19:38:35.209 [INFO] api-gateway: Request processed successfully in 97ms
2026-06-15 19:38:35.710 [INFO] payment-service: Health check passed after recovery
2026-06-15 19:38:36.210 [INFO] user-service: Request processed successfully in 46ms
2026-06-15 19:38:36.710 [DEBUG] redis: Connection pool size 17
2026-06-15 19:38:37.210 [INFO] user-service: Cache hit ratio 90%
2026-06-15 19:38:37.710 [INFO] redis: Health check passed
2026-06-15 19:38:38.210 [INFO] database: Cache hit ratio 90%
2026-06-15 19:38:38.710 [INFO] payment-service: Health check passed
2026-06-15 19:38:39.210 [DEBUG] user-service: Connection pool size 11
2026-06-15 19:38:39.711 [CRITICAL] redis: Out of memory error - process killed
2026-06-15 19:38:40.211 [WARNING] user-service: Slow query detected (25s)
2026-06-15 19:38:40.711 [ERROR] database: Connection timeout after 4343ms
2026-06-15 19:38:41.211 [INFO] user-service: Cache hit ratio 92%
2026-06-15 19:38:41.711 [INFO] api-gateway: Request processed successfully in 156ms
2026-06-15 19:38:42.211 [INFO] database: Cache hit ratio 92%
2026-06-15 19:38:42.711 [INFO] user-service: Health check passed
2026-06-15 19:38:43.211 [DEBUG] nginx: Connection pool size 8
2026-06-15 19:38:43.712 [DEBUG] database: Connection pool size 8
2026-06-15 19:38:44.212 [INFO] redis: Request processed successfully in 192ms
2026-06-15 19:38:44.712 [INFO] payment-service: Request processed successfully in 167ms
2026-06-15 19:38:45.212 [INFO] user-service: Health check passed
2026-06-15 19:38:45.712 [CRITICAL] database: Out of memory error - process killed
2026-06-15 19:38:46.212 [DEBUG] user-service: Connection pool size 14
2026-06-15 19:38:46.712 [INFO] auth-service: Request processed successfully in 198ms
2026-06-15 19:38:47.213 [DEBUG] api-gateway: Connection pool size 9
2026-06-15 19:38:47.713 [INFO] database: Cache hit ratio 96%
2026-06-15 19:38:48.213 [DEBUG] redis: Connection pool size 16
2026-06-15 19:38:48.713 [INFO] user-service: Request processed successfully in 199ms
2026-06-15 19:38:49.213 [INFO] nginx: Service restarted successfully
2026-06-15 19:38:49.713 [DEBUG] payment-service: Connection pool size 17
2026-06-15 19:38:50.213 [INFO] api-gateway: Health check passed
2026-06-15 19:38:50.713 [INFO] auth-service: Request processed successfully in 155ms
2026-06-15 19:38:51.214 [INFO] user-service: Cache hit ratio 84%
2026-06-15 19:38:51.714 [DEBUG] database: Connection pool size 17
2026-06-15 19:38:52.214 [ERROR] database: Deadlock detected in transaction
2026-06-15 19:38:52.714 [INFO] api-gateway: Request processed successfully in 189ms
2026-06-15 19:38:53.214 [DEBUG] database: Connection pool size 19
2026-06-15 19:38:53.714 [DEBUG] nginx: Connection pool size 17
2026-06-15 19:38:54.214 [ERROR] user-service: Request timeout after 39s
2026-06-15 19:38:54.714 [INFO] database: Cache hit ratio 96%
2026-06-15 19:38:55.214 [INFO] payment-service: Request processed successfully in 101ms
2026-06-15 19:38:55.715 [INFO] api-gateway: Cache hit ratio 80%
2026-06-15 19:38:56.215 [INFO] user-service: Request processed successfully in 86ms
2026-06-15 19:38:56.715 [WARNING] nginx: Slow query detected (11s)
2026-06-15 19:38:57.215 [INFO] payment-service: Health check passed
2026-06-15 19:38:57.715 [INFO] database: Cache hit ratio 99%
2026-06-15 19:38:58.215 [ERROR] database: Connection timeout after 2340ms
2026-06-15 19:38:58.715 [INFO] user-service: Health check passed
2026-06-15 19:38:59.215 [INFO] redis: Request processed successfully in 148ms
2026-06-15 19:38:59.716 [ERROR] payment-service: Circuit breaker open for user-service
2026-06-15 19:39:00.216 [INFO] auth-service: Request processed successfully in 88ms
2026-06-15 19:39:00.716 [CRITICAL] auth-service: Service crashed
2026-06-15 19:39:01.216 [DEBUG] redis: Connection pool size 16
2026-06-15 19:39:01.716 [DEBUG] redis: Connection pool size 12
2026-06-15 19:39:02.216 [DEBUG] payment-service: Connection pool size 9
2026-06-15 19:39:02.716 [INFO] database: Cache hit ratio 96%
2026-06-15 19:39:03.217 [INFO] redis: Request processed successfully in 117ms
2026-06-15 19:39:03.717 [INFO] nginx: Cache hit ratio 85%
2026-06-15 19:39:04.217 [DEBUG] redis: Connection pool size 9
2026-06-15 19:39:04.717 [INFO] redis: Request processed successfully in 111ms
2026-06-15 19:39:05.217 [WARNING] api-gateway: GC overhead limit reached
2026-06-15 19:39:05.717 [INFO] nginx: Request processed successfully in 90ms
2026-06-15 19:39:06.218 [WARNING] auth-service: Memory usage 92%
2026-06-15 19:39:06.718 [INFO] database: Health check passed
2026-06-15 19:39:07.218 [INFO] auth-service: Request processed successfully in 176ms
2026-06-15 19:39:07.718 [WARNING] nginx: Memory usage 87%
2026-06-15 19:39:08.218 [DEBUG] database: Connection pool size 15
2026-06-15 19:39:08.718 [DEBUG] api-gateway: Connection pool size 7
2026-06-15 19:39:09.218 [CRITICAL] redis: Out of memory error - process killed
2026-06-15 19:39:09.719 [WARNING] database: GC overhead limit reached
2026-06-15 19:39:10.219 [ERROR] database: Deadlock detected in transaction
2026-06-15 19:39:10.719 [INFO] auth-service: Health check passed
2026-06-15 19:39:11.219 [DEBUG] nginx: Connection pool size 16
2026-06-15 19:39:11.719 [INFO] api-gateway: Health check passed
2026-06-15 19:39:12.219 [WARNING] nginx: GC overhead limit reached
2026-06-15 19:39:12.719 [ERROR] database: Query failed - relation 'orders' does not exist
2026-06-15 19:39:13.219 [INFO] payment-service: Cache hit ratio 96%
2026-06-15 19:39:13.720 [INFO] user-service: Health check passed
2026-06-15 19:39:14.220 [DEBUG] nginx: Connection pool size 6
2026-06-15 19:39:14.720 [CRITICAL] database: Out of memory error - process killed
2026-06-15 19:39:15.220 [CRITICAL] database: Out of memory error - process killed
2026-06-15 19:39:15.720 [DEBUG] api-gateway: Connection pool size 8
2026-06-15 19:39:16.220 [INFO] nginx: Cache hit ratio 88%
2026-06-15 19:39:16.720 [INFO] database: Health check passed
2026-06-15 19:39:17.221 [INFO] payment-service: Connection pool restored
2026-06-15 19:39:17.721 [INFO] user-service: Request processed successfully in 99ms
2026-06-15 19:39:18.221 [INFO] database: Cache hit ratio 82%
2026-06-15 19:39:18.721 [CRITICAL] database: Connection pool exhausted
2026-06-15 19:39:19.221 [INFO] user-service: Health check passed
2026-06-15 19:39:19.721 [DEBUG] redis: Connection pool size 19
2026-06-15 19:39:20.222 [INFO] user-service: Request processed successfully in 49ms
2026-06-15 19:39:20.722 [INFO] database: Request processed successfully in 196ms
2026-06-15 19:39:21.222 [ERROR] database: Connection timeout after 3274ms
2026-06-15 19:39:21.722 [INFO] user-service: Cache hit ratio 91%
2026-06-15 19:39:22.222 [INFO] nginx: Connection pool restored
2026-06-15 19:39:22.722 [INFO] redis: Cache hit ratio 92%
2026-06-15 19:39:23.222 [INFO] user-service: Health check passed
2026-06-15 19:39:23.722 [INFO] database: Request processed successfully in 27ms
2026-06-15 19:39:24.223 [INFO] auth-service: Health check passed after recovery
2026-06-15 19:39:24.723 [CRITICAL] database: Connection pool exhausted
2026-06-15 19:39:25.223 [WARNING] api-gateway: Memory usage 92%
2026-06-15 19:39:25.723 [CRITICAL] database: Service crashed
2026-06-15 19:39:26.223 [INFO] payment-service: Cache hit ratio 84%
2026-06-15 19:39:26.723 [INFO] payment-service: Cache hit ratio 80%
2026-06-15 19:39:27.223 [ERROR] database: Deadlock detected in transaction
2026-06-15 19:39:27.723 [INFO] auth-service: Health check passed
2026-06-15 19:39:28.224 [INFO] redis: Health check passed
2026-06-15 19:39:28.724 [ERROR] database: Dependency failure from nginx
2026-06-15 19:39:29.224 [INFO] user-service: Health check passed
2026-06-15 19:39:29.724 [WARNING] database: Memory usage 92%
2026-06-15 19:39:30.224 [INFO] auth-service: Cache hit ratio 90%
2026-06-15 19:39:30.724 [DEBUG] payment-service: Connection pool size 11
2026-06-15 19:39:31.224 [ERROR] database: Deadlock detected in transaction
2026-06-15 19:39:31.724 [ERROR] api-gateway: Request timeout after 31s
2026-06-15 19:39:32.224 [INFO] user-service: Request processed successfully in 148ms
2026-06-15 19:39:32.724 [WARNING] user-service: GC overhead limit reached
2026-06-15 19:39:33.225 [INFO] auth-service: Request processed successfully in 97ms
2026-06-15 19:39:33.725 [INFO] auth-service: Cache hit ratio 92%
2026-06-15 19:39:34.225 [WARNING] payment-service: GC overhead limit reached
2026-06-15 19:39:34.725 [ERROR] user-service: Request timeout after 52s
2026-06-15 19:39:35.225 [CRITICAL] api-gateway: Service crashed
2026-06-15 19:39:35.725 [INFO] auth-service: Cache hit ratio 92%
2026-06-15 19:39:36.225 [DEBUG] user-service: Connection pool size 18
2026-06-15 19:39:36.725 [DEBUG] api-gateway: Connection pool size 12
2026-06-15 19:39:37.225 [DEBUG] payment-service: Connection pool size 13
2026-06-15 19:39:37.725 [INFO] payment-service: Health check passed
2026-06-15 19:39:38.226 [INFO] redis: Connection pool restored
2026-06-15 19:39:38.726 [DEBUG] user-service: Connection pool size 16
2026-06-15 19:39:39.226 [ERROR] database: Connection timeout after 1732ms
2026-06-15 19:39:39.726 [ERROR] database: Connection timeout after 4402ms
2026-06-15 19:39:40.226 [WARNING] api-gateway: Slow query detected (11s)
2026-06-15 19:39:40.726 [INFO] user-service: Health check passed after recovery
2026-06-15 19:39:41.226 [INFO] payment-service: Cache hit ratio 88%
2026-06-15 19:39:41.726 [ERROR] nginx: Upstream service unavailable
2026-06-15 19:39:42.226 [ERROR] database: Query failed - relation 'orders' does not exist
2026-06-15 19:39:42.726 [INFO] database: Health check passed after recovery
2026-06-15 19:39:43.226 [INFO] database: Cache hit ratio 98%
2026-06-15 19:39:43.727 [ERROR] database: Query failed - relation 'orders' does not exist
2026-06-15 19:39:44.227 [INFO] auth-service: Request processed successfully in 57ms
2026-06-15 19:39:44.727 [INFO] redis: Health check passed
2026-06-15 19:39:45.227 [INFO] payment-service: Cache hit ratio 93%
2026-06-15 19:39:45.727 [ERROR] database: Upstream service unavailable
2026-06-15 19:39:46.227 [DEBUG] database: Connection pool size 10
2026-06-15 19:39:46.727 [ERROR] database: Query failed - relation 'orders' does not exist
2026-06-15 19:39:47.228 [INFO] api-gateway: Cache hit ratio 85%
2026-06-15 19:39:47.728 [INFO] nginx: Cache hit ratio 92%
2026-06-15 19:39:48.228 [INFO] payment-service: Request processed successfully in 98ms
2026-06-15 19:39:48.728 [ERROR] database: Query failed - relation 'orders' does not exist
2026-06-15 19:39:49.228 [INFO] api-gateway: Request processed successfully in 48ms
2026-06-15 19:39:49.728 [INFO] payment-service: Health check passed
2026-06-15 19:39:50.228 [INFO] nginx: Health check passed
2026-06-15 19:39:50.728 [INFO] redis: Cache hit ratio 81%
2026-06-15 19:39:51.228 [INFO] redis: Health check passed after recovery
2026-06-15 19:39:51.728 [DEBUG] nginx: Connection pool size 17
2026-06-15 19:39:52.229 [ERROR] api-gateway: Upstream service unavailable
2026-06-15 19:39:52.729 [INFO] database: Cache hit ratio 83%
2026-06-15 19:39:53.229 [ERROR] user-service: Upstream service unavailable
2026-06-15 19:39:53.729 [INFO] user-service: Health check passed after recovery
2026-06-15 19:39:54.229 [INFO] redis: Health check passed
2026-06-15 19:39:54.729 [INFO] nginx: Connection pool restored
2026-06-15 19:39:55.229 [INFO] user-service: Request processed successfully in 184ms
2026-06-15 19:39:55.730 [WARNING] user-service: Slow query detected (8s)
2026-06-15 19:39:56.230 [INFO] nginx: Request processed successfully in 191ms
2026-06-15 19:39:56.730 [ERROR] nginx: Upstream service unavailable
2026-06-15 19:39:57.230 [INFO] user-service: Cache hit ratio 98%
2026-06-15 19:39:57.730 [WARNING] api-gateway: GC overhead limit reached
2026-06-15 19:39:58.230 [INFO] redis: Cache hit ratio 83%
2026-06-15 19:39:58.730 [ERROR] user-service: Request timeout after 38s
2026-06-15 19:39:59.230 [ERROR] payment-service: Request timeout after 55s
2026-06-15 19:39:59.730 [INFO] api-gateway: Health check passed
2026-06-15 19:40:00.230 [WARNING] user-service: GC overhead limit reached
2026-06-15 19:40:00.731 [INFO] user-service: Health check passed
2026-06-15 19:40:01.231 [INFO] database: Request processed successfully in 25ms
2026-06-15 19:40:01.731 [INFO] database: Health check passed
2026-06-15 19:40:02.231 [CRITICAL] redis: Out of memory error - process killed
2026-06-15 19:40:02.731 [INFO] api-gateway: Request processed successfully in 60ms
2026-06-15 19:40:03.231 [INFO] api-gateway: Cache hit ratio 90%
2026-06-15 19:40:03.731 [INFO] nginx: Cache hit ratio 88%
2026-06-15 19:40:04.231 [INFO] user-service: Health check passed
2026-06-15 19:40:04.731 [ERROR] database: Connection timeout after 2368ms
2026-06-15 19:40:05.231 [INFO] nginx: Health check passed
2026-06-15 19:40:05.732 [INFO] user-service: Health check passed
2026-06-15 19:40:06.232 [ERROR] database: Deadlock detected in transaction
2026-06-15 19:40:06.732 [CRITICAL] database: Connection pool exhausted
2026-06-15 19:40:07.232 [INFO] payment-service: Health check passed
2026-06-15 19:40:07.732 [INFO] redis: Request processed successfully in 197ms
2026-06-15 19:40:08.232 [INFO] api-gateway: Health check passed
2026-06-15 19:40:08.732 [INFO] database: Service restarted successfully
2026-06-15 19:40:09.232 [INFO] database: Cache hit ratio 82%
2026-06-15 19:40:09.732 [INFO] api-gateway: Health check passed
2026-06-15 19:40:10.232 [WARNING] redis: Memory usage 85%
2026-06-15 19:40:10.733 [DEBUG] redis: Connection pool size 14
2026-06-15 19:40:11.233 [INFO] api-gateway: Cache hit ratio 92%
2026-06-15 19:40:11.733 [ERROR] database: Upstream service unavailable
2026-06-15 19:40:12.233 [DEBUG] database: Connection pool size 5
2026-06-15 19:40:12.733 [INFO] payment-service: Cache hit ratio 90%
2026-06-15 19:40:13.233 [DEBUG] api-gateway: Connection pool size 10
2026-06-15 19:40:13.733 [INFO] database: Health check passed
2026-06-15 19:40:14.233 [INFO] database: Health check passed
2026-06-15 19:40:14.733 [INFO] database: Cache hit ratio 85%
2026-06-15 19:40:15.233 [INFO] redis: Cache hit ratio 86%
2026-06-15 19:40:15.734 [INFO] redis: Health check passed
2026-06-15 19:40:16.234 [ERROR] database: Query failed - relation 'orders' does not exist
2026-06-15 19:40:16.734 [ERROR] database: Connection timeout after 1414ms
2026-06-15 19:40:17.234 [INFO] payment-service: Cache hit ratio 94%
2026-06-15 19:40:17.734 [ERROR] database: Query failed - relation 'orders' does not exist
2026-06-15 19:40:18.234 [CRITICAL] database: Connection pool exhausted
2026-06-15 19:40:18.734 [INFO] user-service: Request processed successfully in 193ms
2026-06-15 19:40:19.234 [INFO] redis: Cache hit ratio 89%
2026-06-15 19:40:19.734 [INFO] api-gateway: Cache hit ratio 93%
2026-06-15 19:40:20.234 [ERROR] payment-service: Upstream service unavailable
2026-06-15 19:40:20.735 [ERROR] api-gateway: Upstream service unavailable
2026-06-15 19:40:21.235 [INFO] payment-service: Health check passed
2026-06-15 19:40:21.735 [DEBUG] database: Connection pool size 13
2026-06-15 19:40:22.235 [ERROR] database: Deadlock detected in transaction
2026-06-15 19:40:22.735 [INFO] auth-service: Cache hit ratio 97%
2026-06-15 19:40:23.235 [ERROR] database: Query failed - relation 'orders' does not exist
2026-06-15 19:40:23.735 [INFO] auth-service: Request processed successfully in 80ms
2026-06-15 19:40:24.235 [INFO] auth-service: Health check passed
2026-06-15 19:40:24.735 [INFO] redis: Health check passed
2026-06-15 19:40:25.236 [INFO] nginx: Cache hit ratio 89%
2026-06-15 19:40:25.736 [ERROR] database: Connection timeout after 1412ms
2026-06-15 19:40:26.236 [ERROR] user-service: Request timeout after 39s
2026-06-15 19:40:26.736 [CRITICAL] database: Connection pool exhausted
2026-06-15 19:40:27.236 [ERROR] api-gateway: Dependency failure from redis
2026-06-15 19:40:27.736 [INFO] redis: Request processed successfully in 141ms
2026-06-15 19:40:28.236 [INFO] api-gateway: Cache hit ratio 98%
2026-06-15 19:40:28.736 [WARNING] database: Slow query detected (14s)
2026-06-15 19:40:29.236 [INFO] database: Request processed successfully in 36ms
2026-06-15 19:40:29.736 [INFO] auth-service: Cache hit ratio 91%
2026-06-15 19:40:30.236 [ERROR] database: Deadlock detected in transaction
2026-06-15 19:40:30.737 [ERROR] api-gateway: Request timeout after 37s
2026-06-15 19:40:31.237 [INFO] redis: Cache hit ratio 89%
2026-06-15 19:40:31.737 [INFO] user-service: Health check passed
2026-06-15 19:40:32.237 [INFO] database: Connection pool restored
2026-06-15 19:40:32.737 [INFO] payment-service: Connection pool restored
2026-06-15 19:40:33.237 [INFO] nginx: Health check passed
2026-06-15 19:40:33.737 [INFO] auth-service: Request processed successfully in 140ms
2026-06-15 19:40:34.237 [INFO] auth-service: Cache hit ratio 85%
2026-06-15 19:40:34.737 [CRITICAL] database: Connection pool exhausted
2026-06-15 19:40:35.237 [INFO] api-gateway: Request processed successfully in 41ms
2026-06-15 19:40:35.738 [INFO] redis: Cache hit ratio 91%
2026-06-15 19:40:36.238 [INFO] user-service: Cache hit ratio 80%
2026-06-15 19:40:36.738 [INFO] auth-service: Health check passed
2026-06-15 19:40:37.238 [ERROR] nginx: Request timeout after 50s
2026-06-15 19:40:37.738 [DEBUG] auth-service: Connection pool size 5
2026-06-15 19:40:38.239 [INFO] database: Cache hit ratio 99%
2026-06-15 19:40:38.739 [INFO] auth-service: Health check passed
2026-06-15 19:40:39.239 [INFO] database: Health check passed
2026-06-15 19:40:39.739 [INFO] nginx: Service restarted successfully
2026-06-15 19:40:40.239 [INFO] user-service: Cache hit ratio 86%
2026-06-15 19:40:40.739 [DEBUG] auth-service: Connection pool size 8
2026-06-15 19:40:41.239 [INFO] nginx: Cache hit ratio 89%
2026-06-15 19:40:41.739 [DEBUG] api-gateway: Connection pool size 11
2026-06-15 19:40:42.240 [DEBUG] database: Connection pool size 16
2026-06-15 19:40:42.740 [INFO] redis: Cache hit ratio 97%
2026-06-15 19:40:43.240 [DEBUG] user-service: Connection pool size 14
2026-06-15 19:40:43.740 [INFO] redis: Cache hit ratio 89%
2026-06-15 19:40:44.240 [ERROR] api-gateway: Upstream service unavailable
2026-06-15 19:40:44.740 [DEBUG] database: Connection pool size 5
2026-06-15 19:40:45.240 [INFO] nginx: Cache hit ratio 93%
2026-06-15 19:40:45.740 [INFO] database: Cache hit ratio 82%
2026-06-15 19:40:46.240 [INFO] database: Cache hit ratio 83%
2026-06-15 19:40:46.740 [INFO] api-gateway: Health check passed
2026-06-15 19:40:47.241 [INFO] payment-service: Request processed successfully in 193ms
2026-06-15 19:40:47.741 [INFO] user-service: Health check passed
2026-06-15 19:40:48.241 [CRITICAL] database: Connection pool exhausted
2026-06-15 19:40:48.741 [INFO] user-service: Health check passed
2026-06-15 19:40:49.241 [INFO] database: Request processed successfully in 127ms
2026-06-15 19:40:49.741 [INFO] auth-service: Health check passed
2026-06-15 19:40:50.241 [INFO] user-service: Request processed successfully in 56ms
2026-06-15 19:40:50.741 [INFO] database: Request processed successfully in 107ms
2026-06-15 19:40:51.241 [INFO] database: Health check passed
2026-06-15 19:40:51.741 [INFO] database: Health check passed
2026-06-15 19:40:52.242 [INFO] redis: Request processed successfully in 159ms
2026-06-15 19:40:52.742 [INFO] api-gateway: Cache hit ratio 90%
2026-06-15 19:40:53.242 [ERROR] database: Connection timeout after 4166ms
2026-06-15 19:40:53.742 [DEBUG] redis: Connection pool size 8
2026-06-15 19:40:54.242 [INFO] nginx: Health check passed
2026-06-15 19:40:54.742 [INFO] nginx: Health check passed
2026-06-15 19:40:55.242 [INFO] redis: Health check passed
2026-06-15 19:40:55.742 [INFO] auth-service: Cache hit ratio 93%
2026-06-15 19:40:56.242 [INFO] payment-service: Health check passed
2026-06-15 19:40:56.743 [DEBUG] nginx: Connection pool size 7
2026-06-15 19:40:57.243 [INFO] auth-service: Health check passed
2026-06-15 19:40:57.743 [INFO] user-service: Request processed successfully in 182ms
2026-06-15 19:40:58.243 [INFO] payment-service: Cache hit ratio 95%
2026-06-15 19:40:58.743 [INFO] database: Health check passed after recovery
2026-06-15 19:40:59.243 [DEBUG] nginx: Connection pool size 16
2026-06-15 19:40:59.743 [INFO] auth-service: Request processed successfully in 63ms
2026-06-15 19:41:00.243 [INFO] user-service: Service restarted successfully
2026-06-15 19:41:00.743 [INFO] nginx: Request processed successfully in 18ms
2026-06-15 19:41:01.243 [ERROR] database: Connection timeout after 2922ms
2026-06-15 19:41:01.743 [CRITICAL] payment-service: Out of memory error - process killed
2026-06-15 19:41:02.244 [INFO] auth-service: Request processed successfully in 85ms
2026-06-15 19:41:02.744 [ERROR] database: Query failed - relation 'orders' does not exist
2026-06-15 19:41:03.244 [INFO] database: Request processed successfully in 32ms
2026-06-15 19:41:03.744 [INFO] redis: Health check passed
2026-06-15 19:41:04.244 [INFO] database: Request processed successfully in 152ms
2026-06-15 19:41:04.744 [INFO] api-gateway: Request processed successfully in 166ms
2026-06-15 19:41:05.244 [INFO] redis: Cache hit ratio 81%
2026-06-15 19:41:05.744 [INFO] api-gateway: Health check passed
2026-06-15 19:41:06.244 [INFO] auth-service: Cache hit ratio 93%
2026-06-15 19:41:06.745 [WARNING] database: Memory usage 88%
2026-06-15 19:41:07.245 [DEBUG] user-service: Connection pool size 7
2026-06-15 19:41:07.745 [ERROR] database: Deadlock detected in transaction
2026-06-15 19:41:08.245 [INFO] redis: Cache hit ratio 83%
2026-06-15 19:41:08.745 [INFO] database: Health check passed
2026-06-15 19:41:09.245 [INFO] payment-service: Cache hit ratio 80%
2026-06-15 19:41:09.745 [INFO] user-service: Health check passed
2026-06-15 19:41:10.245 [INFO] user-service: Health check passed
2026-06-15 19:41:10.745 [INFO] user-service: Health check passed
2026-06-15 19:41:11.246 [INFO] nginx: Cache hit ratio 97%
2026-06-15 19:41:11.746 [INFO] user-service: Health check passed
2026-06-15 19:41:12.246 [CRITICAL] auth-service: Service crashed
2026-06-15 19:41:12.746 [INFO] auth-service: Health check passed
2026-06-15 19:41:13.246 [INFO] user-service: Connection pool restored
2026-06-15 19:41:13.746 [DEBUG] api-gateway: Connection pool size 9
2026-06-15 19:41:14.246 [INFO] api-gateway: Cache hit ratio 88%
2026-06-15 19:41:14.747 [DEBUG] auth-service: Connection pool size 19
2026-06-15 19:41:15.247 [ERROR] database: Deadlock detected in transaction
2026-06-15 19:41:15.747 [INFO] redis: Request processed successfully in 185ms
2026-06-15 19:41:16.247 [DEBUG] payment-service: Connection pool size 19
2026-06-15 19:41:16.747 [INFO] database: Request processed successfully in 62ms
2026-06-15 19:41:17.247 [ERROR] database: Query failed - relation 'orders' does not exist
2026-06-15 19:41:17.747 [INFO] nginx: Health check passed
2026-06-15 19:41:18.247 [ERROR] database: Query failed - relation 'orders' does not exist
2026-06-15 19:41:18.748 [DEBUG] nginx: Connection pool size 13
2026-06-15 19:41:19.248 [INFO] api-gateway: Health check passed
2026-06-15 19:41:19.748 [INFO] redis: Request processed successfully in 83ms
2026-06-15 19:41:20.248 [INFO] api-gateway: Cache hit ratio 91%
2026-06-15 19:41:20.748 [INFO] auth-service: Cache hit ratio 86%
2026-06-15 19:41:21.248 [WARNING] redis: GC overhead limit reached
2026-06-15 19:41:21.748 [INFO] nginx: Cache hit ratio 80%
2026-06-15 19:41:22.248 [ERROR] redis: Request timeout after 40s
2026-06-15 19:41:22.749 [INFO] user-service: Health check passed
2026-06-15 19:41:23.249 [INFO] auth-service: Connection pool restored
2026-06-15 19:41:23.749 [ERROR] database: Query failed - relation 'orders' does not exist
2026-06-15 19:41:24.249 [DEBUG] nginx: Connection pool size 5
2026-06-15 19:41:24.749 [INFO] payment-service: Cache hit ratio 98%
2026-06-15 19:41:25.249 [INFO] nginx: Cache hit ratio 97%
2026-06-15 19:41:25.749 [INFO] nginx: Cache hit ratio 84%
2026-06-15 19:41:26.249 [DEBUG] database: Connection pool size 18
2026-06-15 19:41:26.750 [DEBUG] database: Connection pool size 12
2026-06-15 19:41:27.250 [INFO] redis: Request processed successfully in 174ms
2026-06-15 19:41:27.750 [CRITICAL] auth-service: Out of memory error - process killed
2026-06-15 19:41:28.250 [INFO] auth-service: Cache hit ratio 84%
2026-06-15 19:41:28.750 [INFO] api-gateway: Cache hit ratio 81%
2026-06-15 19:41:29.250 [INFO] user-service: Cache hit ratio 88%
2026-06-15 19:41:29.750 [INFO] nginx: Health check passed
2026-06-15 19:41:30.251 [INFO] user-service: Health check passed after recovery
2026-06-15 19:41:30.751 [DEBUG] nginx: Connection pool size 10
2026-06-15 19:41:31.251 [ERROR] payment-service: Request timeout after 60s
2026-06-15 19:41:31.751 [INFO] user-service: Cache hit ratio 88%
2026-06-15 19:41:32.251 [DEBUG] payment-service: Connection pool size 14
2026-06-15 19:41:32.751 [INFO] nginx: Service restarted successfully
2026-06-15 19:41:33.251 [INFO] payment-service: Cache hit ratio 91%
2026-06-15 19:41:33.752 [ERROR] database: Deadlock detected in transaction
2026-06-15 19:41:34.252 [INFO] redis: Request processed successfully in 124ms
2026-06-15 19:41:34.752 [DEBUG] database: Connection pool size 12
2026-06-15 19:41:35.252 [INFO] auth-service: Health check passed
2026-06-15 19:41:35.752 [INFO] nginx: Cache hit ratio 96%
2026-06-15 19:41:36.252 [INFO] nginx: Health check passed
2026-06-15 19:41:36.753 [INFO] redis: Health check passed
2026-06-15 19:41:37.253 [INFO] nginx: Health check passed
2026-06-15 19:41:37.753 [DEBUG] redis: Connection pool size 11
2026-06-15 19:41:38.253 [CRITICAL] database: Out of memory error - process killed
2026-06-15 19:41:38.753 [ERROR] database: Deadlock detected in transaction
2026-06-15 19:41:39.253 [INFO] redis: Request processed successfully in 62ms
2026-06-15 19:41:39.753 [DEBUG] nginx: Connection pool size 5
2026-06-15 19:41:40.254 [DEBUG] redis: Connection pool size 7
2026-06-15 19:41:40.754 [WARNING] payment-service: Slow query detected (17s)
2026-06-15 19:41:41.254 [INFO] user-service: Request processed successfully in 165ms
2026-06-15 19:41:41.754 [INFO] nginx: Request processed successfully in 106ms
2026-06-15 19:41:42.254 [INFO] redis: Connection pool restored
2026-06-15 19:41:42.754 [DEBUG] nginx: Connection pool size 12
2026-06-15 19:41:43.254 [ERROR] database: Connection timeout after 2264ms
2026-06-15 19:41:43.754 [INFO] redis: Cache hit ratio 82%
2026-06-15 19:41:44.254 [INFO] user-service: Request processed successfully in 196ms
2026-06-15 19:41:44.755 [ERROR] database: Deadlock detected in transaction
2026-06-15 19:41:45.255 [ERROR] database: Connection timeout after 3735ms
2026-06-15 19:41:45.755 [DEBUG] api-gateway: Connection pool size 7
2026-06-15 19:41:46.255 [INFO] redis: Cache hit ratio 82%
2026-06-15 19:41:46.755 [ERROR] database: Deadlock detected in transaction
2026-06-15 19:41:47.255 [CRITICAL] database: Connection pool exhausted
2026-06-15 19:41:47.755 [INFO] payment-service: Service restarted successfully
2026-06-15 19:41:48.255 [INFO] auth-service: Request processed successfully in 150ms
2026-06-15 19:41:48.756 [INFO] auth-service: Health check passed
2026-06-15 19:41:49.256 [INFO] database: Health check passed
2026-06-15 19:41:49.756 [DEBUG] redis: Connection pool size 8
2026-06-15 19:41:50.256 [INFO] api-gateway: Cache hit ratio 96%
2026-06-15 19:41:50.756 [INFO] redis: Health check passed
2026-06-15 19:41:51.256 [CRITICAL] payment-service: Out of memory error - process killed
2026-06-15 19:41:51.756 [INFO] user-service: Service restarted successfully
2026-06-15 19:41:52.256 [ERROR] database: Request timeout after 56s
2026-06-15 19:41:52.756 [ERROR] database: Upstream service unavailable
2026-06-15 19:41:53.257 [INFO] api-gateway: Health check passed
2026-06-15 19:41:53.757 [INFO] payment-service: Cache hit ratio 96%
2026-06-15 19:41:54.257 [INFO] api-gateway: Service restarted successfully
2026-06-15 19:41:54.757 [INFO] database: Request processed successfully in 200ms
2026-06-15 19:41:55.257 [ERROR] database: Connection timeout after 1831ms
2026-06-15 19:41:55.757 [INFO] nginx: Request processed successfully in 187ms
2026-06-15 19:41:56.257 [ERROR] database: Deadlock detected in transaction
2026-06-15 19:41:56.757 [ERROR] redis: Circuit breaker open for auth-service
2026-06-15 19:41:57.258 [INFO] auth-service: Health check passed
2026-06-15 19:41:57.758 [ERROR] user-service: Upstream service unavailable
2026-06-15 19:41:58.258 [INFO] auth-service: Request processed successfully in 193ms
2026-06-15 19:41:58.758 [INFO] redis: Request processed successfully in 104ms
2026-06-15 19:41:59.258 [INFO] redis: Request processed successfully in 26ms
2026-06-15 19:41:59.758 [INFO] api-gateway: Cache hit ratio 87%
2026-06-15 19:42:00.258 [INFO] nginx: Request processed successfully in 151ms
2026-06-15 19:42:00.758 [INFO] payment-service: Cache hit ratio 81%
2026-06-15 19:42:01.259 [INFO] user-service: Health check passed
2026-06-15 19:42:01.759 [INFO] redis: Request processed successfully in 85ms
2026-06-15 19:42:02.259 [INFO] redis: Health check passed
2026-06-15 19:42:02.759 [CRITICAL] payment-service: Out of memory error - process killed
2026-06-15 19:42:03.259 [DEBUG] redis: Connection pool size 20
2026-06-15 19:42:03.759 [INFO] database: Health check passed after recovery
2026-06-15 19:42:04.259 [DEBUG] database: Connection pool size 13
2026-06-15 19:42:04.759 [INFO] user-service: Connection pool restored
2026-06-15 19:42:05.259 [INFO] redis: Cache hit ratio 94%
2026-06-15 19:42:05.760 [INFO] redis: Request processed successfully in 120ms
2026-06-15 19:42:06.260 [INFO] api-gateway: Request processed successfully in 98ms
2026-06-15 19:42:06.760 [ERROR] database: Query failed - relation 'orders' does not exist
2026-06-15 19:42:07.260 [DEBUG] redis: Connection pool size 18
2026-06-15 19:42:07.760 [INFO] auth-service: Request processed successfully in 106ms
2026-06-15 19:42:08.260 [WARNING] database: Memory usage 87%
2026-06-15 19:42:08.760 [ERROR] database: Deadlock detected in transaction
2026-06-15 19:42:09.261 [DEBUG] payment-service: Connection pool size 15
2026-06-15 19:42:09.761 [ERROR] database: Deadlock detected in transaction
2026-06-15 19:42:10.261 [DEBUG] auth-service: Connection pool size 11
2026-06-15 19:42:10.761 [INFO] user-service: Health check passed
2026-06-15 19:42:11.261 [INFO] redis: Request processed successfully in 151ms
2026-06-15 19:42:11.761 [INFO] auth-service: Health check passed
2026-06-15 19:42:12.262 [INFO] redis: Health check passed after recovery
2026-06-15 19:42:12.762 [CRITICAL] database: Out of memory error - process killed
2026-06-15 19:42:13.262 [DEBUG] nginx: Connection pool size 13
2026-06-15 19:42:13.762 [ERROR] nginx: Circuit breaker open for api-gateway
2026-06-15 19:42:14.262 [INFO] auth-service: Health check passed
2026-06-15 19:42:14.762 [INFO] database: Health check passed
2026-06-15 19:42:15.262 [INFO] redis: Health check passed
2026-06-15 19:42:15.763 [DEBUG] redis: Connection pool size 8
2026-06-15 19:42:16.263 [INFO] user-service: Cache hit ratio 99%
2026-06-15 19:42:16.763 [INFO] user-service: Cache hit ratio 87%
2026-06-15 19:42:17.263 [INFO] api-gateway: Health check passed
2026-06-15 19:42:17.763 [INFO] redis: Health check passed
2026-06-15 19:42:18.263 [INFO] nginx: Cache hit ratio 82%
2026-06-15 19:42:18.763 [INFO] user-service: Request processed successfully in 102ms
2026-06-15 19:42:19.263 [DEBUG] database: Connection pool size 20
2026-06-15 19:42:19.763 [DEBUG] user-service: Connection pool size 10
2026-06-15 19:42:20.263 [ERROR] database: Deadlock detected in transaction
2026-06-15 19:42:20.764 [INFO] user-service: Cache hit ratio 87%
2026-06-15 19:42:21.264 [DEBUG] redis: Connection pool size 14
2026-06-15 19:42:21.764 [DEBUG] user-service: Connection pool size 11
2026-06-15 19:42:22.264 [INFO] nginx: Request processed successfully in 102ms
2026-06-15 19:42:22.764 [INFO] nginx: Health check passed
2026-06-15 19:42:23.264 [DEBUG] auth-service: Connection pool size 15
2026-06-15 19:42:23.764 [INFO] redis: Health check passed
2026-06-15 19:42:24.264 [INFO] redis: Health check passed
2026-06-15 19:42:24.765 [ERROR] payment-service: Circuit breaker open for api-gateway
2026-06-15 19:42:25.265 [ERROR] payment-service: Upstream service unavailable
2026-06-15 19:42:25.765 [INFO] auth-service: Cache hit ratio 82%
2026-06-15 19:42:26.265 [CRITICAL] database: Connection pool exhausted
2026-06-15 19:42:26.765 [INFO] database: Request processed successfully in 31ms
2026-06-15 19:42:27.265 [INFO] payment-service: Health check passed after recovery
2026-06-15 19:42:27.765 [ERROR] database: Connection timeout after 3937ms
2026-06-15 19:42:28.265 [INFO] api-gateway: Cache hit ratio 89%
2026-06-15 19:42:28.765 [CRITICAL] database: Connection pool exhausted
2026-06-15 19:42:29.265 [INFO] redis: Cache hit ratio 81%
2026-06-15 19:42:29.766 [INFO] nginx: Cache hit ratio 91%
2026-06-15 19:42:30.266 [ERROR] nginx: Upstream service unavailable
2026-06-15 19:42:30.766 [DEBUG] payment-service: Connection pool size 14
2026-06-15 19:42:31.266 [INFO] user-service: Cache hit ratio 84%
2026-06-15 19:42:31.766 [INFO] payment-service: Request processed successfully in 136ms
2026-06-15 19:42:32.266 [INFO] nginx: Request processed successfully in 177ms
2026-06-15 19:42:32.766 [CRITICAL] database: Out of memory error - process killed
2026-06-15 19:42:33.266 [INFO] redis: Service restarted successfully
2026-06-15 19:42:33.766 [INFO] api-gateway: Health check passed
2026-06-15 19:42:34.266 [INFO] payment-service: Health check passed after recovery
2026-06-15 19:42:34.767 [ERROR] database: Query failed - relation 'orders' does not exist
2026-06-15 19:42:35.267 [INFO] user-service: Health check passed
2026-06-15 19:42:35.767 [INFO] user-service: Request processed successfully in 94ms
2026-06-15 19:42:36.267 [WARNING] payment-service: Slow query detected (14s)
2026-06-15 19:42:36.767 [INFO] nginx: Service restarted successfully
2026-06-15 19:42:37.267 [DEBUG] payment-service: Connection pool size 13
2026-06-15 19:42:37.767 [INFO] user-service: Health check passed
2026-06-15 19:42:38.267 [DEBUG] redis: Connection pool size 16
2026-06-15 19:42:38.767 [INFO] user-service: Request processed successfully in 96ms
2026-06-15 19:42:39.267 [DEBUG] auth-service: Connection pool size 17
2026-06-15 19:42:39.768 [INFO] user-service: Cache hit ratio 89%
2026-06-15 19:42:40.268 [INFO] database: Health check passed
2026-06-15 19:42:40.768 [INFO] user-service: Health check passed
2026-06-15 19:42:41.268 [INFO] payment-service: Health check passed
2026-06-15 19:42:41.768 [ERROR] user-service: Circuit breaker open for nginx
2026-06-15 19:42:42.268 [INFO] redis: Request processed successfully in 173ms
2026-06-15 19:42:42.768 [INFO] auth-service: Health check passed
2026-06-15 19:42:43.269 [INFO] redis: Health check passed
2026-06-15 19:42:43.769 [DEBUG] nginx: Connection pool size 12
2026-06-15 19:42:44.269 [INFO] payment-service: Health check passed
2026-06-15 19:42:44.769 [CRITICAL] database: Service crashed
2026-06-15 19:42:45.269 [INFO] auth-service: Health check passed after recovery
2026-06-15 19:42:45.769 [INFO] user-service: Request processed successfully in 59ms
2026-06-15 19:42:46.269 [DEBUG] database: Connection pool size 20
2026-06-15 19:42:46.769 [INFO] api-gateway: Cache hit ratio 85%
2026-06-15 19:42:47.270 [INFO] auth-service: Health check passed
2026-06-15 19:42:47.770 [INFO] database: Request processed successfully in 187ms
2026-06-15 19:42:48.270 [INFO] api-gateway: Cache hit ratio 92%
2026-06-15 19:42:48.770 [INFO] user-service: Service restarted successfully
2026-06-15 19:42:49.270 [INFO] api-gateway: Request processed successfully in 111ms
2026-06-15 19:42:49.770 [INFO] auth-service: Cache hit ratio 91%
2026-06-15 19:42:50.270 [INFO] payment-service: Health check passed
2026-06-15 19:42:50.770 [INFO] api-gateway: Cache hit ratio 86%
2026-06-15 19:42:51.271 [CRITICAL] database: Out of memory error - process killed
2026-06-15 19:42:51.771 [INFO] redis: Health check passed after recovery
2026-06-15 19:42:52.271 [DEBUG] payment-service: Connection pool size 19
2026-06-15 19:42:52.771 [INFO] user-service: Connection pool restored
2026-06-15 19:42:53.271 [INFO] nginx: Health check passed
2026-06-15 19:42:53.771 [CRITICAL] database: Connection pool exhausted
2026-06-15 19:42:54.271 [INFO] nginx: Cache hit ratio 92%
2026-06-15 19:42:54.771 [INFO] auth-service: Cache hit ratio 94%
2026-06-15 19:42:55.272 [DEBUG] database: Connection pool size 9
2026-06-15 19:42:55.772 [INFO] redis: Service restarted successfully
2026-06-15 19:42:56.272 [INFO] api-gateway: Health check passed
2026-06-15 19:42:56.772 [INFO] user-service: Health check passed
2026-06-15 19:42:57.272 [INFO] payment-service: Request processed successfully in 26ms
2026-06-15 19:42:57.772 [INFO] nginx: Health check passed
2026-06-15 19:42:58.272 [ERROR] database: Connection timeout after 1043ms
2026-06-15 19:42:58.772 [DEBUG] nginx: Connection pool size 6
2026-06-15 19:42:59.272 [WARNING] api-gateway: Slow query detected (22s)
2026-06-15 19:42:59.772 [DEBUG] nginx: Connection pool size 16
2026-06-15 19:43:00.272 [INFO] api-gateway: Health check passed
2026-06-15 19:43:00.773 [DEBUG] redis: Connection pool size 10
2026-06-15 19:43:01.273 [INFO] redis: Health check passed
2026-06-15 19:43:01.773 [INFO] redis: Health check passed
2026-06-15 19:43:02.273 [ERROR] database: Connection timeout after 1454ms
2026-06-15 19:43:02.773 [INFO] nginx: Request processed successfully in 64ms
2026-06-15 19:43:03.273 [CRITICAL] database: Out of memory error - process killed
2026-06-15 19:43:03.773 [INFO] payment-service: Request processed successfully in 124ms
2026-06-15 19:43:04.273 [ERROR] database: Connection timeout after 2521ms
2026-06-15 19:43:04.773 [INFO] api-gateway: Health check passed after recovery
2026-06-15 19:43:05.274 [DEBUG] auth-service: Connection pool size 18
2026-06-15 19:43:05.774 [INFO] user-service: Cache hit ratio 85%
2026-06-15 19:43:06.274 [INFO] auth-service: Connection pool restored
2026-06-15 19:43:06.774 [INFO] api-gateway: Cache hit ratio 98%
2026-06-15 19:43:07.274 [INFO] payment-service: Request processed successfully in 165ms
2026-06-15 19:43:07.774 [INFO] redis: Request processed successfully in 41ms
2026-06-15 19:43:08.274 [ERROR] database: Query failed - relation 'orders' does not exist
2026-06-15 19:43:08.774 [INFO] auth-service: Service restarted successfully
2026-06-15 19:43:09.274 [INFO] redis: Cache hit ratio 86%
2026-06-15 19:43:09.775 [CRITICAL] database: Connection pool exhausted
2026-06-15 19:43:10.275 [WARNING] auth-service: GC overhead limit reached
2026-06-15 19:43:10.775 [DEBUG] redis: Connection pool size 16
2026-06-15 19:43:11.275 [INFO] auth-service: Request processed successfully in 158ms
2026-06-15 19:43:11.775 [DEBUG] payment-service: Connection pool size 14
2026-06-15 19:43:12.275 [INFO] api-gateway: Request processed successfully in 195ms
2026-06-15 19:43:12.775 [DEBUG] redis: Connection pool size 12
2026-06-15 19:43:13.275 [INFO] api-gateway: Cache hit ratio 81%
2026-06-15 19:43:13.775 [INFO] user-service: Cache hit ratio 97%
2026-06-15 19:43:14.276 [INFO] database: Health check passed after recovery
2026-06-15 19:43:14.776 [INFO] auth-service: Cache hit ratio 84%
2026-06-15 19:43:15.276 [INFO] api-gateway: Health check passed
2026-06-15 19:43:15.776 [ERROR] database: Query failed - relation 'orders' does not exist
2026-06-15 19:43:16.276 [INFO] user-service: Cache hit ratio 93%
2026-06-15 19:43:16.776 [INFO] database: Request processed successfully in 142ms
2026-06-15 19:43:17.276 [INFO] redis: Connection pool restored
2026-06-15 19:43:17.776 [INFO] auth-service: Health check passed
2026-06-15 19:43:18.276 [INFO] user-service: Health check passed after recovery
2026-06-15 19:43:18.777 [INFO] database: Cache hit ratio 93%
2026-06-15 19:43:19.277 [DEBUG] database: Connection pool size 13
2026-06-15 19:43:19.777 [INFO] user-service: Request processed successfully in 176ms
2026-06-15 19:43:20.277 [INFO] database: Request processed successfully in 143ms
2026-06-15 19:43:20.777 [INFO] redis: Cache hit ratio 86%
2026-06-15 19:43:21.277 [DEBUG] redis: Connection pool size 17
2026-06-15 19:43:21.777 [INFO] nginx: Request processed successfully in 64ms
2026-06-15 19:43:22.277 [DEBUG] payment-service: Connection pool size 5
2026-06-15 19:43:22.777 [INFO] database: Cache hit ratio 81%
2026-06-15 19:43:23.278 [INFO] payment-service: Cache hit ratio 85%
2026-06-15 19:43:23.778 [CRITICAL] redis: Out of memory error - process killed
2026-06-15 19:43:24.278 [WARNING] user-service: Slow query detected (18s)
2026-06-15 19:43:24.778 [ERROR] database: Connection timeout after 3280ms
2026-06-15 19:48:09.574 [INFO] redis: Cache hit ratio 94%
2026-06-15 19:48:10.075 [INFO] api-gateway: Request processed successfully in 136ms
2026-06-15 19:48:10.575 [ERROR] redis: Circuit breaker open for user-service
2026-06-15 19:48:11.076 [INFO] database: Connection pool restored
2026-06-15 19:48:11.576 [INFO] payment-service: Cache hit ratio 91%
2026-06-15 19:48:12.076 [INFO] api-gateway: Cache hit ratio 96%
2026-06-15 19:48:12.576 [WARNING] database: Memory usage 93%
2026-06-15 19:48:13.076 [CRITICAL] nginx: Out of memory error - process killed
2026-06-15 19:48:13.576 [ERROR] database: Query failed - relation 'orders' does not exist
2026-06-15 19:48:14.076 [ERROR] database: Query failed - relation 'orders' does not exist
2026-06-15 19:48:14.576 [DEBUG] user-service: Connection pool size 19
2026-06-15 19:48:15.076 [DEBUG] payment-service: Connection pool size 7
2026-06-15 19:48:15.577 [WARNING] user-service: GC overhead limit reached
2026-06-15 19:48:16.077 [ERROR] nginx: Request timeout after 41s
2026-06-15 19:48:16.577 [INFO] redis: Cache hit ratio 83%
2026-06-15 19:48:17.077 [INFO] nginx: Request processed successfully in 108ms
2026-06-15 19:48:17.577 [INFO] user-service: Cache hit ratio 89%
2026-06-15 19:48:18.077 [ERROR] database: Deadlock detected in transaction
2026-06-15 19:48:18.577 [INFO] api-gateway: Cache hit ratio 81%
2026-06-15 19:48:19.077 [DEBUG] payment-service: Connection pool size 6
2026-06-15 19:48:19.577 [INFO] nginx: Cache hit ratio 83%
2026-06-15 19:48:20.077 [WARNING] user-service: Slow query detected (18s)
2026-06-15 19:48:20.578 [ERROR] database: Connection timeout after 2740ms
2026-06-15 19:48:21.078 [INFO] auth-service: Request processed successfully in 172ms
2026-06-15 19:48:21.578 [DEBUG] database: Connection pool size 19
2026-06-15 19:48:22.078 [INFO] payment-service: Connection pool restored
2026-06-15 19:48:22.578 [INFO] database: Health check passed
2026-06-15 19:48:23.078 [CRITICAL] user-service: Out of memory error - process killed
2026-06-15 19:48:23.578 [ERROR] nginx: Circuit breaker open for payment-service
2026-06-15 19:48:24.078 [INFO] auth-service: Health check passed
2026-06-15 19:48:24.578 [ERROR] database: Deadlock detected in transaction
2026-06-15 19:48:25.078 [INFO] payment-service: Request processed successfully in 74ms
2026-06-15 19:48:25.579 [INFO] database: Health check passed
2026-06-15 19:48:26.079 [INFO] database: Cache hit ratio 88%
2026-06-15 19:48:26.579 [INFO] nginx: Request processed successfully in 154ms
2026-06-15 19:48:27.079 [INFO] payment-service: Cache hit ratio 87%
2026-06-15 19:48:27.579 [INFO] payment-service: Cache hit ratio 85%
2026-06-15 19:48:28.079 [INFO] redis: Request processed successfully in 29ms
2026-06-15 19:48:28.579 [INFO] database: Cache hit ratio 85%
2026-06-15 19:48:29.079 [INFO] auth-service: Health check passed
2026-06-15 19:48:29.579 [INFO] api-gateway: Request processed successfully in 156ms
2026-06-15 19:48:30.079 [ERROR] redis: Request timeout after 56s
2026-06-15 19:48:30.580 [INFO] payment-service: Cache hit ratio 96%
2026-06-15 19:48:31.080 [INFO] redis: Request processed successfully in 126ms
2026-06-15 19:48:31.580 [DEBUG] payment-service: Connection pool size 6
2026-06-15 19:48:32.080 [DEBUG] api-gateway: Connection pool size 19
2026-06-15 19:48:32.580 [INFO] payment-service: Health check passed
2026-06-15 19:48:33.080 [INFO] redis: Request processed successfully in 39ms
2026-06-15 19:48:33.580 [INFO] user-service: Health check passed
2026-06-15 19:48:34.080 [INFO] api-gateway: Health check passed
2026-06-15 19:48:34.580 [INFO] auth-service: Request processed successfully in 36ms
2026-06-15 19:48:35.080 [DEBUG] user-service: Connection pool size 5
2026-06-15 19:48:35.581 [INFO] auth-service: Health check passed
2026-06-15 19:48:36.081 [DEBUG] auth-service: Connection pool size 14
2026-06-15 19:48:36.581 [INFO] nginx: Connection pool restored
2026-06-15 19:48:37.081 [DEBUG] auth-service: Connection pool size 10
2026-06-15 19:48:37.581 [DEBUG] api-gateway: Connection pool size 6
2026-06-15 19:48:38.081 [INFO] user-service: Cache hit ratio 82%
2026-06-15 19:48:38.582 [ERROR] database: Connection timeout after 2001ms
2026-06-15 19:48:39.082 [INFO] api-gateway: Cache hit ratio 85%
2026-06-15 19:48:39.582 [INFO] nginx: Cache hit ratio 81%
2026-06-15 19:48:40.082 [WARNING] api-gateway: GC overhead limit reached
2026-06-15 19:48:40.582 [INFO] redis: Cache hit ratio 91%
2026-06-15 19:48:41.082 [DEBUG] database: Connection pool size 19
2026-06-15 19:48:41.582 [DEBUG] user-service: Connection pool size 15
2026-06-15 19:48:42.083 [CRITICAL] nginx: Out of memory error - process killed
2026-06-15 19:48:42.583 [INFO] auth-service: Request processed successfully in 163ms
2026-06-15 19:48:43.083 [INFO] api-gateway: Cache hit ratio 83%
2026-06-15 19:48:43.583 [INFO] api-gateway: Request processed successfully in 129ms
2026-06-15 19:48:44.083 [INFO] user-service: Request processed successfully in 163ms
2026-06-15 19:48:44.583 [CRITICAL] redis: Out of memory error - process killed
2026-06-15 19:48:45.083 [INFO] user-service: Request processed successfully in 125ms
2026-06-15 19:48:45.584 [WARNING] payment-service: Memory usage 90%
2026-06-15 19:48:46.084 [INFO] auth-service: Health check passed after recovery
2026-06-15 19:48:46.584 [INFO] redis: Request processed successfully in 152ms
2026-06-15 19:48:47.084 [WARNING] api-gateway: GC overhead limit reached
2026-06-15 19:48:47.584 [ERROR] user-service: Circuit breaker open for nginx
2026-06-15 19:48:48.084 [INFO] auth-service: Health check passed
2026-06-15 19:48:48.584 [INFO] user-service: Health check passed
2026-06-15 19:48:49.084 [ERROR] database: Deadlock detected in transaction
2026-06-15 19:48:49.585 [INFO] payment-service: Cache hit ratio 90%
2026-06-15 19:48:50.085 [DEBUG] user-service: Connection pool size 15
2026-06-15 19:48:50.585 [WARNING] redis: Memory usage 92%
2026-06-15 19:48:51.085 [DEBUG] nginx: Connection pool size 13
2026-06-15 19:48:51.585 [INFO] api-gateway: Cache hit ratio 85%
2026-06-15 19:48:52.085 [INFO] redis: Request processed successfully in 99ms
2026-06-15 19:48:52.585 [INFO] api-gateway: Request processed successfully in 161ms
2026-06-15 19:48:53.085 [DEBUG] nginx: Connection pool size 19
2026-06-15 19:48:53.586 [INFO] nginx: Cache hit ratio 88%
2026-06-15 19:48:54.086 [INFO] nginx: Health check passed after recovery
2026-06-15 19:48:54.586 [ERROR] user-service: Circuit breaker open for redis
2026-06-15 19:48:55.086 [ERROR] payment-service: Request timeout after 37s
2026-06-15 19:48:55.586 [ERROR] nginx: Circuit breaker open for user-service
2026-06-15 19:48:56.086 [DEBUG] payment-service: Connection pool size 19
2026-06-15 19:48:56.586 [INFO] nginx: Connection pool restored
2026-06-15 19:48:57.087 [INFO] user-service: Cache hit ratio 94%
2026-06-15 19:48:57.587 [INFO] redis: Health check passed
2026-06-15 19:48:58.087 [ERROR] database: Query failed - relation 'orders' does not exist
2026-06-15 19:48:58.587 [ERROR] payment-service: Upstream service unavailable
2026-06-15 19:48:59.087 [INFO] database: Request processed successfully in 118ms
2026-06-15 19:48:59.587 [ERROR] database: Connection timeout after 2076ms
2026-06-15 19:49:00.087 [INFO] redis: Cache hit ratio 97%
2026-06-15 19:49:00.588 [DEBUG] redis: Connection pool size 17
2026-06-15 19:49:01.088 [ERROR] database: Deadlock detected in transaction
2026-06-15 19:49:01.588 [INFO] api-gateway: Cache hit ratio 88%
2026-06-15 19:49:02.088 [DEBUG] user-service: Connection pool size 19
2026-06-15 19:49:02.588 [INFO] user-service: Health check passed
2026-06-15 19:49:03.088 [ERROR] database: Deadlock detected in transaction
2026-06-15 19:49:03.588 [DEBUG] user-service: Connection pool size 7
2026-06-15 19:49:04.089 [INFO] database: Request processed successfully in 115ms
2026-06-15 19:49:04.589 [INFO] redis: Health check passed after recovery
2026-06-15 19:49:05.089 [INFO] redis: Request processed successfully in 19ms
2026-06-15 19:49:05.589 [DEBUG] auth-service: Connection pool size 6
2026-06-15 19:49:06.089 [INFO] database: Health check passed
2026-06-15 19:49:06.589 [DEBUG] redis: Connection pool size 19
2026-06-15 19:49:07.089 [INFO] payment-service: Health check passed
2026-06-15 19:49:07.590 [INFO] user-service: Cache hit ratio 82%
2026-06-15 19:49:08.090 [INFO] database: Request processed successfully in 92ms
2026-06-15 19:49:08.590 [INFO] payment-service: Request processed successfully in 23ms
2026-06-15 19:49:09.090 [INFO] nginx: Cache hit ratio 84%
2026-06-15 19:49:09.590 [ERROR] auth-service: Request timeout after 37s
2026-06-15 19:49:10.090 [INFO] user-service: Health check passed
2026-06-15 19:49:10.590 [INFO] auth-service: Request processed successfully in 106ms
2026-06-15 19:49:11.090 [INFO] database: Service restarted successfully
2026-06-15 19:49:11.590 [INFO] nginx: Cache hit ratio 86%
2026-06-15 19:49:12.090 [INFO] auth-service: Request processed successfully in 195ms
2026-06-15 19:49:12.590 [DEBUG] user-service: Connection pool size 8
2026-06-15 19:49:13.091 [INFO] redis: Request processed successfully in 153ms
2026-06-15 19:49:13.591 [INFO] user-service: Health check passed
2026-06-15 19:49:14.091 [INFO] api-gateway: Request processed successfully in 65ms
2026-06-15 19:49:14.591 [INFO] user-service: Cache hit ratio 88%
2026-06-15 19:49:15.091 [DEBUG] database: Connection pool size 15
2026-06-15 19:49:15.591 [INFO] database: Health check passed
2026-06-15 19:49:16.091 [DEBUG] database: Connection pool size 17
2026-06-15 19:49:16.591 [CRITICAL] user-service: Service crashed
2026-06-15 19:49:17.091 [WARNING] payment-service: Slow query detected (17s)
2026-06-15 19:49:17.592 [CRITICAL] database: Connection pool exhausted
2026-06-15 19:49:18.092 [INFO] api-gateway: Cache hit ratio 88%
2026-06-15 19:49:18.592 [INFO] nginx: Cache hit ratio 89%
2026-06-15 19:49:19.092 [DEBUG] nginx: Connection pool size 20
2026-06-15 19:49:19.592 [INFO] redis: Health check passed
2026-06-15 19:49:20.092 [WARNING] user-service: Slow query detected (24s)
2026-06-15 19:49:20.592 [DEBUG] api-gateway: Connection pool size 18
2026-06-15 19:49:21.092 [INFO] payment-service: Request processed successfully in 137ms
2026-06-15 19:49:21.592 [CRITICAL] redis: Out of memory error - process killed
2026-06-15 19:49:22.092 [DEBUG] payment-service: Connection pool size 14
2026-06-15 19:49:22.592 [INFO] auth-service: Request processed successfully in 31ms
2026-06-15 19:49:23.093 [INFO] payment-service: Health check passed
2026-06-15 19:49:23.593 [ERROR] database: Deadlock detected in transaction
2026-06-15 19:49:24.093 [DEBUG] user-service: Connection pool size 13
2026-06-15 19:49:24.593 [INFO] payment-service: Request processed successfully in 161ms
2026-06-15 19:49:25.093 [INFO] auth-service: Health check passed
2026-06-15 19:49:25.593 [INFO] user-service: Health check passed
2026-06-15 19:49:26.093 [INFO] auth-service: Cache hit ratio 96%
2026-06-15 19:49:26.593 [WARNING] payment-service: GC overhead limit reached
2026-06-15 19:49:27.093 [INFO] auth-service: Request processed successfully in 54ms
2026-06-15 19:49:27.593 [ERROR] auth-service: Request timeout after 42s
2026-06-15 19:49:28.094 [DEBUG] auth-service: Connection pool size 15
2026-06-15 19:49:28.594 [INFO] payment-service: Request processed successfully in 79ms
2026-06-15 19:49:29.094 [INFO] user-service: Request processed successfully in 60ms
2026-06-15 19:49:29.594 [DEBUG] nginx: Connection pool size 8
2026-06-15 19:49:30.094 [INFO] auth-service: Cache hit ratio 93%
2026-06-15 19:49:30.594 [CRITICAL] api-gateway: Out of memory error - process killed
2026-06-15 19:49:31.094 [INFO] user-service: Connection pool restored
2026-06-15 19:49:31.594 [INFO] api-gateway: Health check passed
2026-06-15 19:49:32.094 [INFO] user-service: Request processed successfully in 117ms
2026-06-15 19:49:32.595 [INFO] database: Request processed successfully in 170ms
2026-06-15 19:49:33.095 [CRITICAL] database: Connection pool exhausted
2026-06-15 19:49:33.595 [DEBUG] user-service: Connection pool size 8
2026-06-15 19:49:34.095 [CRITICAL] database: Connection pool exhausted
2026-06-15 19:49:34.595 [INFO] database: Cache hit ratio 94%
2026-06-15 19:49:35.095 [INFO] nginx: Cache hit ratio 81%
2026-06-15 19:49:35.595 [INFO] auth-service: Health check passed after recovery
2026-06-15 19:49:36.095 [INFO] nginx: Health check passed
2026-06-15 19:49:36.595 [INFO] user-service: Request processed successfully in 97ms
2026-06-15 19:49:37.096 [INFO] payment-service: Health check passed
2026-06-15 19:49:37.596 [INFO] user-service: Health check passed
2026-06-15 19:49:38.096 [INFO] nginx: Health check passed
2026-06-15 19:49:38.596 [INFO] user-service: Cache hit ratio 80%
2026-06-15 19:49:39.096 [INFO] database: Request processed successfully in 181ms
2026-06-15 19:49:39.596 [INFO] api-gateway: Health check passed
2026-06-15 19:49:40.096 [DEBUG] database: Connection pool size 10
2026-06-15 19:49:40.596 [DEBUG] user-service: Connection pool size 11
2026-06-15 19:49:41.096 [CRITICAL] database: Connection pool exhausted
2026-06-15 19:49:41.596 [INFO] payment-service: Request processed successfully in 188ms
2026-06-15 19:49:42.096 [ERROR] database: Deadlock detected in transaction
2026-06-15 19:49:42.597 [INFO] user-service: Cache hit ratio 86%
2026-06-15 19:49:43.097 [CRITICAL] nginx: Service crashed
2026-06-15 19:49:43.597 [DEBUG] nginx: Connection pool size 11
2026-06-15 19:49:44.097 [INFO] payment-service: Request processed successfully in 87ms
2026-06-15 19:49:44.597 [DEBUG] auth-service: Connection pool size 19
2026-06-15 19:49:45.097 [INFO] payment-service: Request processed successfully in 75ms
2026-06-15 19:49:45.597 [INFO] database: Request processed successfully in 59ms
2026-06-15 19:49:46.097 [INFO] database: Request processed successfully in 156ms
2026-06-15 19:49:46.598 [CRITICAL] nginx: Out of memory error - process killed
2026-06-15 19:49:47.098 [ERROR] database: Connection timeout after 2206ms
2026-06-15 19:49:47.598 [DEBUG] nginx: Connection pool size 13
2026-06-15 19:49:48.098 [INFO] user-service: Health check passed
2026-06-15 19:49:48.598 [DEBUG] database: Connection pool size 19
2026-06-15 19:49:49.098 [DEBUG] payment-service: Connection pool size 16
2026-06-15 19:49:49.598 [ERROR] payment-service: Circuit breaker open for api-gateway
2026-06-15 19:49:50.098 [INFO] redis: Health check passed after recovery
2026-06-15 19:49:50.598 [ERROR] database: Deadlock detected in transaction
2026-06-15 19:49:51.098 [ERROR] database: Deadlock detected in transaction
2026-06-15 19:49:51.598 [INFO] user-service: Health check passed
2026-06-15 19:49:52.099 [INFO] redis: Health check passed
2026-06-15 19:49:52.599 [DEBUG] redis: Connection pool size 13
2026-06-15 19:49:53.099 [INFO] nginx: Health check passed
2026-06-15 19:49:53.599 [CRITICAL] database: Connection pool exhausted
2026-06-15 19:49:54.099 [ERROR] database: Deadlock detected in transaction
2026-06-15 19:49:54.599 [INFO] user-service: Health check passed
2026-06-15 19:49:55.100 [INFO] auth-service: Health check passed after recovery
2026-06-15 19:49:55.600 [INFO] user-service: Health check passed
2026-06-15 19:49:56.100 [ERROR] database: Query failed - relation 'orders' does not exist
2026-06-15 19:49:56.600 [INFO] auth-service: Request processed successfully in 101ms
2026-06-15 19:49:57.100 [INFO] api-gateway: Health check passed
2026-06-15 19:49:57.600 [DEBUG] api-gateway: Connection pool size 20
2026-06-15 19:49:58.100 [DEBUG] user-service: Connection pool size 9
2026-06-15 19:49:58.601 [ERROR] user-service: Request timeout after 35s
2026-06-15 19:49:59.101 [WARNING] auth-service: Memory usage 90%
2026-06-15 19:49:59.601 [INFO] auth-service: Request processed successfully in 63ms
2026-06-15 19:50:00.101 [DEBUG] api-gateway: Connection pool size 16
2026-06-15 19:50:00.601 [INFO] nginx: Health check passed
2026-06-15 19:50:01.101 [CRITICAL] database: Service crashed
2026-06-15 19:50:01.601 [INFO] database: Health check passed
2026-06-15 19:50:02.101 [INFO] user-service: Health check passed
2026-06-15 19:50:02.601 [INFO] api-gateway: Health check passed
2026-06-15 19:50:03.102 [DEBUG] nginx: Connection pool size 11
2026-06-15 19:50:03.602 [INFO] nginx: Health check passed
2026-06-15 19:50:04.102 [ERROR] database: Deadlock detected in transaction
2026-06-15 19:50:04.602 [INFO] user-service: Request processed successfully in 27ms
2026-06-15 19:50:05.102 [ERROR] database: Query failed - relation 'orders' does not exist
2026-06-15 19:50:05.602 [INFO] user-service: Request processed successfully in 170ms
2026-06-15 19:50:06.102 [INFO] api-gateway: Cache hit ratio 80%
2026-06-15 19:50:06.602 [INFO] payment-service: Health check passed
2026-06-15 19:50:07.103 [INFO] auth-service: Service restarted successfully
2026-06-15 19:50:07.603 [INFO] nginx: Cache hit ratio 93%
2026-06-15 19:50:08.103 [ERROR] auth-service: Upstream service unavailable
2026-06-15 19:50:08.603 [INFO] redis: Request processed successfully in 127ms
2026-06-15 19:50:09.103 [INFO] payment-service: Service restarted successfully
2026-06-15 19:50:09.603 [INFO] api-gateway: Health check passed
2026-06-15 19:50:10.103 [DEBUG] database: Connection pool size 13
2026-06-15 19:50:10.603 [INFO] user-service: Cache hit ratio 84%
2026-06-15 19:50:11.103 [INFO] redis: Cache hit ratio 94%
2026-06-15 19:50:11.603 [INFO] user-service: Request processed successfully in 99ms
2026-06-15 19:50:12.103 [INFO] database: Health check passed
2026-06-15 19:50:12.604 [ERROR] redis: Circuit breaker open for payment-service
2026-06-15 19:50:13.104 [INFO] redis: Health check passed
2026-06-15 19:50:13.604 [INFO] api-gateway: Request processed successfully in 127ms
2026-06-15 19:50:14.104 [INFO] redis: Health check passed
2026-06-15 19:50:14.604 [ERROR] database: Query failed - relation 'orders' does not exist
2026-06-15 19:50:15.104 [DEBUG] database: Connection pool size 8
2026-06-15 19:50:15.604 [INFO] database: Health check passed
2026-06-15 19:50:16.104 [INFO] payment-service: Cache hit ratio 82%
2026-06-15 19:50:16.605 [ERROR] database: Circuit breaker open for user-service
2026-06-15 19:50:17.105 [INFO] database: Health check passed after recovery
2026-06-15 19:50:17.605 [INFO] api-gateway: Health check passed
2026-06-15 19:50:18.105 [INFO] api-gateway: Health check passed
2026-06-15 19:50:18.605 [INFO] auth-service: Request processed successfully in 22ms
2026-06-15 19:50:19.105 [INFO] payment-service: Request processed successfully in 143ms
2026-06-15 19:50:19.605 [INFO] auth-service: Service restarted successfully
2026-06-15 19:50:20.105 [INFO] database: Request processed successfully in 140ms
2026-06-15 19:50:20.605 [INFO] payment-service: Health check passed
2026-06-15 19:50:21.105 [WARNING] redis: Memory usage 92%
2026-06-15 19:50:21.605 [CRITICAL] database: Connection pool exhausted
2026-06-15 19:50:22.106 [ERROR] auth-service: Request timeout after 46s
2026-06-15 19:50:22.606 [ERROR] database: Query failed - relation 'orders' does not exist
2026-06-15 19:50:23.106 [DEBUG] api-gateway: Connection pool size 19
2026-06-15 19:50:23.606 [INFO] redis: Cache hit ratio 81%
2026-06-15 19:50:24.106 [CRITICAL] database: Connection pool exhausted
2026-06-15 19:50:24.606 [ERROR] database: Connection timeout after 4580ms
2026-06-15 19:50:25.106 [INFO] database: Request processed successfully in 102ms
2026-06-15 19:50:25.606 [INFO] nginx: Request processed successfully in 18ms
2026-06-15 19:50:26.107 [WARNING] api-gateway: Memory usage 89%
2026-06-15 19:50:26.607 [INFO] database: Cache hit ratio 84%
2026-06-15 19:50:27.107 [INFO] redis: Health check passed
2026-06-15 19:50:27.607 [INFO] payment-service: Cache hit ratio 87%
2026-06-15 19:50:28.107 [CRITICAL] payment-service: Service crashed
2026-06-15 19:50:28.607 [INFO] nginx: Cache hit ratio 84%
2026-06-15 19:50:29.107 [DEBUG] nginx: Connection pool size 19
2026-06-15 19:50:29.607 [INFO] auth-service: Request processed successfully in 117ms
2026-06-15 19:50:30.107 [INFO] user-service: Request processed successfully in 68ms
2026-06-15 19:50:30.608 [INFO] api-gateway: Health check passed
2026-06-15 19:50:31.108 [DEBUG] payment-service: Connection pool size 17
2026-06-15 19:50:31.608 [DEBUG] redis: Connection pool size 18
2026-06-15 19:50:32.108 [INFO] auth-service: Request processed successfully in 124ms
2026-06-15 19:50:32.608 [INFO] api-gateway: Cache hit ratio 87%
2026-06-15 19:50:33.108 [INFO] database: Cache hit ratio 91%
2026-06-15 19:50:33.609 [DEBUG] nginx: Connection pool size 7
2026-06-15 19:50:34.109 [DEBUG] auth-service: Connection pool size 15
2026-06-15 19:50:34.609 [DEBUG] nginx: Connection pool size 17
2026-06-15 19:50:35.109 [INFO] api-gateway: Cache hit ratio 91%
2026-06-15 19:50:35.609 [CRITICAL] database: Service crashed
2026-06-15 19:50:36.109 [INFO] auth-service: Request processed successfully in 193ms
2026-06-15 19:50:36.609 [INFO] api-gateway: Request processed successfully in 109ms
2026-06-15 19:50:37.110 [INFO] auth-service: Cache hit ratio 92%
2026-06-15 19:50:37.610 [INFO] redis: Service restarted successfully
2026-06-15 19:50:38.110 [INFO] redis: Request processed successfully in 94ms
2026-06-15 19:50:38.610 [DEBUG] user-service: Connection pool size 8
2026-06-15 19:50:39.110 [INFO] api-gateway: Health check passed after recovery
2026-06-15 19:50:39.610 [INFO] user-service: Health check passed
2026-06-15 19:50:40.110 [ERROR] api-gateway: Request timeout after 50s
2026-06-15 19:50:40.610 [INFO] database: Health check passed
2026-06-15 19:50:41.110 [INFO] user-service: Request processed successfully in 66ms
2026-06-15 19:50:41.610 [CRITICAL] redis: Out of memory error - process killed
2026-06-15 19:50:42.111 [WARNING] api-gateway: Slow query detected (10s)
2026-06-15 19:50:42.611 [INFO] nginx: Cache hit ratio 93%
2026-06-15 19:50:43.111 [INFO] nginx: Cache hit ratio 98%
2026-06-15 19:50:43.611 [ERROR] database: Connection timeout after 1594ms
2026-06-15 19:50:44.111 [INFO] payment-service: Request processed successfully in 57ms
2026-06-15 19:50:44.611 [INFO] payment-service: Health check passed
2026-06-15 19:50:45.111 [INFO] database: Health check passed
2026-06-15 19:50:45.611 [ERROR] database: Query failed - relation 'orders' does not exist
2026-06-15 19:50:46.111 [INFO] user-service: Health check passed
2026-06-15 19:50:46.612 [INFO] redis: Cache hit ratio 87%
2026-06-15 19:50:47.112 [INFO] database: Cache hit ratio 80%
2026-06-15 19:50:47.612 [INFO] user-service: Health check passed
2026-06-15 19:50:48.112 [INFO] redis: Cache hit ratio 82%
2026-06-15 19:50:48.612 [INFO] payment-service: Cache hit ratio 83%
2026-06-15 19:50:49.113 [ERROR] database: Query failed - relation 'orders' does not exist
2026-06-15 19:50:49.613 [ERROR] database: Connection timeout after 1122ms
2026-06-15 19:50:50.113 [CRITICAL] database: Connection pool exhausted
2026-06-15 19:50:50.613 [ERROR] database: Connection timeout after 4212ms
2026-06-15 19:50:51.113 [CRITICAL] user-service: Out of memory error - process killed
2026-06-15 19:50:51.613 [DEBUG] redis: Connection pool size 18
2026-06-15 19:50:52.113 [INFO] nginx: Health check passed after recovery
2026-06-15 19:50:52.613 [DEBUG] auth-service: Connection pool size 13
2026-06-15 19:50:53.113 [INFO] database: Cache hit ratio 83%
2026-06-15 19:50:53.613 [INFO] database: Cache hit ratio 98%
2026-06-15 19:50:54.113 [DEBUG] payment-service: Connection pool size 13
2026-06-15 19:50:54.614 [INFO] redis: Cache hit ratio 97%
2026-06-15 19:50:55.114 [INFO] database: Cache hit ratio 84%
2026-06-15 19:50:55.614 [INFO] database: Cache hit ratio 89%
2026-06-15 19:50:56.114 [INFO] database: Request processed successfully in 59ms
2026-06-15 19:50:56.614 [INFO] api-gateway: Request processed successfully in 133ms
2026-06-15 19:50:57.114 [INFO] payment-service: Service restarted successfully
2026-06-15 19:50:57.614 [INFO] user-service: Cache hit ratio 91%
2026-06-15 19:50:58.114 [INFO] database: Request processed successfully in 188ms
2026-06-15 19:50:58.614 [INFO] auth-service: Health check passed after recovery
2026-06-15 19:50:59.115 [DEBUG] redis: Connection pool size 12
2026-06-15 19:50:59.615 [INFO] database: Request processed successfully in 23ms
2026-06-15 19:51:00.115 [ERROR] redis: Circuit breaker open for payment-service
2026-06-15 19:51:00.615 [INFO] payment-service: Cache hit ratio 82%
2026-06-15 19:51:01.115 [DEBUG] user-service: Connection pool size 20
2026-06-15 19:51:01.615 [INFO] auth-service: Health check passed
2026-06-15 19:51:02.115 [INFO] payment-service: Service restarted successfully
2026-06-15 19:51:02.616 [INFO] auth-service: Cache hit ratio 97%
2026-06-15 19:51:03.116 [INFO] payment-service: Request processed successfully in 116ms
2026-06-15 19:51:03.616 [INFO] nginx: Request processed successfully in 49ms
2026-06-15 19:51:04.116 [INFO] auth-service: Request processed successfully in 132ms
2026-06-15 19:51:04.616 [ERROR] database: Connection timeout after 2449ms
2026-06-15 19:51:05.116 [DEBUG] nginx: Connection pool size 15
2026-06-15 19:51:05.616 [ERROR] database: Connection timeout after 4254ms
2026-06-15 19:51:06.116 [DEBUG] database: Connection pool size 8
2026-06-15 19:51:06.617 [INFO] nginx: Request processed successfully in 34ms
2026-06-15 19:51:07.117 [INFO] database: Request processed successfully in 172ms
2026-06-15 19:51:07.617 [CRITICAL] database: Connection pool exhausted
2026-06-15 19:51:08.117 [DEBUG] auth-service: Connection pool size 5
2026-06-15 19:51:08.617 [INFO] database: Cache hit ratio 83%
2026-06-15 19:51:09.117 [DEBUG] database: Connection pool size 14
2026-06-15 19:51:09.617 [INFO] api-gateway: Cache hit ratio 81%
2026-06-15 19:51:10.117 [WARNING] auth-service: Memory usage 94%
2026-06-15 19:51:10.617 [ERROR] nginx: Request timeout after 49s
2026-06-15 19:51:11.118 [ERROR] api-gateway: Request timeout after 60s
2026-06-15 19:51:11.618 [INFO] user-service: Request processed successfully in 98ms
2026-06-15 19:51:12.118 [INFO] user-service: Service restarted successfully
2026-06-15 19:51:12.618 [INFO] payment-service: Cache hit ratio 89%
2026-06-15 19:51:13.118 [ERROR] auth-service: Dependency failure from database
2026-06-15 19:51:13.618 [DEBUG] api-gateway: Connection pool size 20
2026-06-15 19:51:14.119 [INFO] user-service: Health check passed
2026-06-15 19:51:14.619 [INFO] database: Health check passed
2026-06-15 19:51:15.119 [ERROR] database: Deadlock detected in transaction
2026-06-15 19:51:15.619 [INFO] user-service: Health check passed
2026-06-15 19:51:16.119 [INFO] api-gateway: Cache hit ratio 96%
2026-06-15 19:51:16.619 [CRITICAL] database: Out of memory error - process killed
2026-06-15 19:51:17.119 [DEBUG] nginx: Connection pool size 9
2026-06-15 19:51:17.619 [INFO] redis: Health check passed
2026-06-15 19:51:18.119 [ERROR] database: Request timeout after 31s
2026-06-15 19:51:18.619 [CRITICAL] user-service: Out of memory error - process killed
2026-06-15 19:51:19.120 [INFO] nginx: Health check passed
2026-06-15 19:51:19.620 [INFO] redis: Health check passed
2026-06-15 19:51:20.120 [INFO] redis: Health check passed
2026-06-15 19:51:20.620 [INFO] auth-service: Health check passed
2026-06-15 19:51:21.120 [INFO] database: Health check passed
2026-06-15 19:51:21.620 [INFO] redis: Health check passed
2026-06-15 19:51:22.120 [WARNING] user-service: Memory usage 92%
2026-06-15 19:51:22.620 [DEBUG] api-gateway: Connection pool size 20
2026-06-15 19:51:23.120 [INFO] user-service: Health check passed
2026-06-15 19:51:23.621 [INFO] api-gateway: Health check passed after recovery
2026-06-15 19:51:24.121 [DEBUG] user-service: Connection pool size 16
2026-06-15 19:51:24.621 [DEBUG] redis: Connection pool size 19
2026-06-15 19:51:25.121 [ERROR] redis: Dependency failure from nginx
2026-06-15 19:51:25.621 [INFO] api-gateway: Health check passed
2026-06-15 19:51:26.121 [INFO] nginx: Cache hit ratio 90%
2026-06-15 19:51:26.621 [ERROR] database: Deadlock detected in transaction
2026-06-15 19:51:27.121 [INFO] nginx: Health check passed
2026-06-15 19:51:27.621 [ERROR] database: Deadlock detected in transaction
2026-06-15 19:51:28.122 [CRITICAL] database: Connection pool exhausted
2026-06-15 19:51:28.622 [INFO] redis: Connection pool restored
2026-06-15 19:51:29.122 [DEBUG] payment-service: Connection pool size 6
2026-06-15 19:51:29.622 [INFO] nginx: Request processed successfully in 64ms
2026-06-15 19:51:30.122 [INFO] user-service: Cache hit ratio 81%
2026-06-15 19:51:30.622 [ERROR] database: Query failed - relation 'orders' does not exist
2026-06-15 19:51:31.122 [INFO] auth-service: Request processed successfully in 17ms
2026-06-15 19:51:31.622 [DEBUG] database: Connection pool size 16
2026-06-15 19:51:32.122 [INFO] auth-service: Request processed successfully in 46ms
2026-06-15 19:51:32.622 [DEBUG] database: Connection pool size 19
2026-06-15 19:51:33.123 [INFO] payment-service: Cache hit ratio 87%
2026-06-15 19:51:33.623 [WARNING] auth-service: Memory usage 94%
2026-06-15 19:51:34.123 [INFO] redis: Request processed successfully in 123ms
2026-06-15 19:51:34.623 [INFO] database: Service restarted successfully
2026-06-15 19:51:35.123 [INFO] nginx: Connection pool restored
2026-06-15 19:51:35.623 [INFO] api-gateway: Cache hit ratio 82%
2026-06-15 19:51:36.123 [INFO] redis: Cache hit ratio 90%
2026-06-15 19:51:36.624 [INFO] database: Cache hit ratio 80%
2026-06-15 19:51:37.124 [ERROR] payment-service: Request timeout after 56s
2026-06-15 19:51:37.624 [ERROR] database: Deadlock detected in transaction
2026-06-15 19:51:38.124 [INFO] payment-service: Health check passed
2026-06-15 19:51:38.624 [DEBUG] user-service: Connection pool size 13
2026-06-15 19:51:39.124 [INFO] redis: Cache hit ratio 96%
2026-06-15 19:51:39.624 [DEBUG] nginx: Connection pool size 11
2026-06-15 19:51:40.124 [INFO] payment-service: Cache hit ratio 82%
2026-06-15 19:51:40.625 [WARNING] user-service: Memory usage 93%
2026-06-15 19:51:41.125 [INFO] database: Request processed successfully in 135ms
2026-06-15 19:51:41.625 [DEBUG] payment-service: Connection pool size 12
2026-06-15 19:51:42.125 [INFO] database: Health check passed
2026-06-15 19:51:42.625 [DEBUG] redis: Connection pool size 12
2026-06-15 19:51:43.125 [DEBUG] payment-service: Connection pool size 6
2026-06-15 19:51:43.626 [ERROR] database: Deadlock detected in transaction
2026-06-15 19:51:44.126 [INFO] api-gateway: Connection pool restored
2026-06-15 19:51:44.626 [INFO] payment-service: Health check passed
2026-06-15 19:51:45.126 [INFO] api-gateway: Request processed successfully in 72ms
2026-06-15 19:51:45.626 [INFO] nginx: Cache hit ratio 93%
2026-06-15 19:51:46.126 [INFO] payment-service: Cache hit ratio 98%
2026-06-15 19:51:46.626 [INFO] api-gateway: Request processed successfully in 192ms
2026-06-15 19:51:47.127 [INFO] nginx: Cache hit ratio 98%
2026-06-15 19:51:47.627 [INFO] payment-service: Cache hit ratio 93%
2026-06-15 19:51:48.127 [INFO] auth-service: Health check passed
2026-06-15 19:51:48.627 [INFO] user-service: Cache hit ratio 81%
2026-06-15 19:51:49.127 [DEBUG] payment-service: Connection pool size 12
2026-06-15 19:51:49.627 [ERROR] database: Deadlock detected in transaction
2026-06-15 19:51:50.127 [DEBUG] api-gateway: Connection pool size 19
2026-06-15 19:51:50.627 [WARNING] payment-service: GC overhead limit reached
2026-06-15 19:51:51.127 [INFO] nginx: Cache hit ratio 88%
2026-06-15 19:51:51.628 [ERROR] api-gateway: Request timeout after 55s
2026-06-15 19:51:52.128 [INFO] api-gateway: Request processed successfully in 124ms
2026-06-15 19:51:52.628 [INFO] redis: Cache hit ratio 92%
2026-06-15 19:51:53.128 [ERROR] database: Connection timeout after 3900ms
2026-06-15 19:51:53.628 [DEBUG] payment-service: Connection pool size 16
2026-06-15 19:51:54.128 [INFO] database: Cache hit ratio 80%
2026-06-15 19:51:54.628 [INFO] database: Cache hit ratio 97%
2026-06-15 19:51:55.128 [INFO] payment-service: Health check passed
2026-06-15 19:51:55.628 [DEBUG] auth-service: Connection pool size 12
2026-06-15 19:51:56.129 [WARNING] user-service: Slow query detected (9s)
2026-06-15 19:51:56.629 [CRITICAL] database: Connection pool exhausted
2026-06-15 19:51:57.129 [WARNING] api-gateway: GC overhead limit reached
2026-06-15 19:51:57.629 [INFO] payment-service: Cache hit ratio 87%
2026-06-15 19:51:58.129 [INFO] redis: Cache hit ratio 90%
2026-06-15 19:51:58.629 [CRITICAL] database: Connection pool exhausted
2026-06-15 19:51:59.129 [INFO] api-gateway: Request processed successfully in 61ms
2026-06-15 19:51:59.629 [INFO] redis: Request processed successfully in 144ms
2026-06-15 19:52:00.130 [INFO] api-gateway: Health check passed
2026-06-15 19:52:00.630 [INFO] auth-service: Service restarted successfully
2026-06-15 19:52:01.130 [DEBUG] user-service: Connection pool size 15
2026-06-15 19:52:01.630 [ERROR] auth-service: Request timeout after 58s
2026-06-15 19:52:02.130 [DEBUG] user-service: Connection pool size 20
2026-06-15 19:52:02.630 [INFO] auth-service: Request processed successfully in 14ms
2026-06-15 19:52:03.130 [DEBUG] nginx: Connection pool size 6
2026-06-15 19:52:03.630 [INFO] database: Request processed successfully in 70ms
2026-06-15 19:52:04.131 [INFO] auth-service: Health check passed
2026-06-15 19:52:04.631 [ERROR] database: Deadlock detected in transaction
2026-06-15 19:52:05.131 [INFO] nginx: Health check passed after recovery
2026-06-15 19:52:05.631 [INFO] payment-service: Cache hit ratio 86%
2026-06-15 19:52:06.131 [DEBUG] redis: Connection pool size 19
2026-06-15 19:52:06.631 [INFO] auth-service: Health check passed
2026-06-15 19:52:07.131 [INFO] redis: Health check passed after recovery
2026-06-15 19:52:07.631 [DEBUG] database: Connection pool size 11
2026-06-15 19:52:08.132 [ERROR] database: Connection timeout after 4002ms
2026-06-15 19:52:08.632 [INFO] payment-service: Request processed successfully in 103ms
2026-06-15 19:52:09.132 [DEBUG] payment-service: Connection pool size 20
2026-06-15 19:52:09.632 [DEBUG] redis: Connection pool size 17
2026-06-15 19:52:10.132 [INFO] user-service: Health check passed
2026-06-15 19:52:10.632 [INFO] payment-service: Health check passed
2026-06-15 19:52:11.132 [INFO] redis: Request processed successfully in 152ms
2026-06-15 19:52:11.632 [INFO] redis: Request processed successfully in 187ms
2026-06-15 19:52:12.133 [INFO] api-gateway: Health check passed
2026-06-15 19:52:12.633 [ERROR] database: Deadlock detected in transaction
2026-06-15 19:52:13.133 [INFO] nginx: Cache hit ratio 90%
2026-06-15 19:52:13.633 [DEBUG] auth-service: Connection pool size 14
2026-06-15 19:52:14.133 [INFO] api-gateway: Health check passed
2026-06-15 19:52:14.633 [INFO] database: Connection pool restored
2026-06-15 19:52:15.134 [ERROR] database: Connection timeout after 3985ms
2026-06-15 19:52:15.634 [ERROR] database: Query failed - relation 'orders' does not exist
2026-06-15 19:52:16.134 [INFO] nginx: Request processed successfully in 198ms
2026-06-15 19:52:16.634 [INFO] database: Cache hit ratio 84%
2026-06-15 19:52:17.134 [DEBUG] api-gateway: Connection pool size 14
2026-06-15 19:52:17.634 [ERROR] database: Connection timeout after 1825ms
2026-06-15 19:52:18.134 [INFO] payment-service: Cache hit ratio 92%
2026-06-15 19:52:18.635 [INFO] payment-service: Health check passed
2026-06-15 19:52:19.135 [INFO] database: Request processed successfully in 146ms
2026-06-15 19:52:19.635 [WARNING] user-service: GC overhead limit reached
2026-06-15 19:52:20.135 [INFO] nginx: Cache hit ratio 92%
2026-06-15 19:52:20.635 [INFO] user-service: Health check passed after recovery
2026-06-15 19:52:21.135 [WARNING] payment-service: Slow query detected (30s)
2026-06-15 19:52:21.635 [CRITICAL] database: Connection pool exhausted
2026-06-15 19:52:22.136 [INFO] redis: Request processed successfully in 71ms
2026-06-15 19:52:22.636 [INFO] api-gateway: Cache hit ratio 84%
2026-06-15 19:52:23.136 [INFO] user-service: Cache hit ratio 90%
2026-06-15 19:52:23.636 [INFO] payment-service: Cache hit ratio 84%
2026-06-15 19:52:24.136 [DEBUG] nginx: Connection pool size 13
2026-06-15 19:52:24.637 [INFO] api-gateway: Health check passed
2026-06-15 19:52:25.137 [INFO] redis: Service restarted successfully
2026-06-15 19:52:25.637 [CRITICAL] payment-service: Out of memory error - process killed
2026-06-15 19:52:26.137 [INFO] auth-service: Request processed successfully in 76ms
2026-06-15 19:52:26.637 [CRITICAL] database: Connection pool exhausted
2026-06-15 19:52:27.137 [INFO] nginx: Service restarted successfully
2026-06-15 19:52:27.637 [INFO] api-gateway: Health check passed
2026-06-15 19:52:28.137 [INFO] api-gateway: Request processed successfully in 161ms
2026-06-15 19:52:28.637 [DEBUG] user-service: Connection pool size 16
2026-06-15 19:52:29.138 [INFO] auth-service: Health check passed
2026-06-15 19:52:29.638 [CRITICAL] database: Connection pool exhausted
2026-06-15 19:52:30.138 [INFO] auth-service: Cache hit ratio 86%
2026-06-15 19:52:30.638 [INFO] payment-service: Cache hit ratio 88%
2026-06-15 19:52:31.138 [INFO] nginx: Health check passed
2026-06-15 19:52:31.638 [INFO] user-service: Request processed successfully in 163ms
2026-06-15 19:52:32.139 [DEBUG] payment-service: Connection pool size 11
2026-06-15 19:52:32.639 [INFO] user-service: Cache hit ratio 94%
2026-06-15 19:52:33.139 [INFO] auth-service: Cache hit ratio 82%
2026-06-15 19:52:33.639 [INFO] payment-service: Request processed successfully in 192ms
2026-06-15 19:52:34.139 [INFO] user-service: Health check passed
2026-06-15 19:52:34.639 [INFO] database: Cache hit ratio 89%
2026-06-15 19:52:35.139 [DEBUG] api-gateway: Connection pool size 14
2026-06-15 19:52:35.640 [INFO] nginx: Service restarted successfully
2026-06-15 19:52:36.140 [INFO] user-service: Cache hit ratio 82%
2026-06-15 19:52:36.640 [INFO] user-service: Request processed successfully in 145ms
2026-06-15 19:52:37.140 [CRITICAL] nginx: Service crashed
2026-06-15 19:52:37.640 [DEBUG] payment-service: Connection pool size 11
2026-06-15 19:52:38.140 [INFO] auth-service: Health check passed
2026-06-15 19:52:38.640 [INFO] database: Request processed successfully in 38ms
2026-06-15 19:52:39.140 [INFO] payment-service: Health check passed
2026-06-15 19:52:39.641 [INFO] auth-service: Request processed successfully in 144ms
2026-06-15 19:52:40.141 [INFO] redis: Request processed successfully in 79ms
2026-06-15 19:52:40.641 [INFO] api-gateway: Cache hit ratio 89%
2026-06-15 19:52:41.141 [INFO] redis: Request processed successfully in 41ms
2026-06-15 19:52:41.641 [WARNING] payment-service: Slow query detected (15s)
2026-06-15 19:52:42.141 [INFO] database: Request processed successfully in 74ms
2026-06-15 19:52:42.641 [ERROR] payment-service: Circuit breaker open for auth-service
2026-06-15 19:52:43.141 [INFO] api-gateway: Request processed successfully in 59ms
2026-06-15 19:52:43.641 [INFO] payment-service: Cache hit ratio 92%
2026-06-15 19:52:44.142 [DEBUG] user-service: Connection pool size 16
2026-06-15 19:52:44.642 [WARNING] payment-service: GC overhead limit reached
2026-06-15 19:52:45.142 [INFO] database: Health check passed after recovery
2026-06-15 19:52:45.642 [INFO] auth-service: Health check passed
2026-06-15 19:52:46.142 [CRITICAL] database: Connection pool exhausted
2026-06-15 19:52:46.642 [INFO] user-service: Cache hit ratio 91%
2026-06-15 19:52:47.142 [ERROR] nginx: Circuit breaker open for payment-service
2026-06-15 19:52:47.642 [INFO] payment-service: Request processed successfully in 115ms
2026-06-15 19:52:48.143 [INFO] user-service: Request processed successfully in 41ms
2026-06-15 19:52:48.643 [INFO] api-gateway: Cache hit ratio 80%
2026-06-15 19:52:49.143 [WARNING] database: GC overhead limit reached
2026-06-15 19:52:49.643 [DEBUG] nginx: Connection pool size 12
2026-06-15 19:52:50.143 [WARNING] nginx: Slow query detected (18s)
2026-06-15 19:52:50.643 [DEBUG] redis: Connection pool size 9
2026-06-15 19:52:51.143 [INFO] redis: Health check passed
2026-06-15 19:52:51.643 [CRITICAL] nginx: Out of memory error - process killed
2026-06-15 19:52:52.144 [INFO] payment-service: Request processed successfully in 167ms
2026-06-15 19:52:52.644 [INFO] redis: Request processed successfully in 80ms
2026-06-15 19:52:53.144 [CRITICAL] database: Connection pool exhausted
2026-06-15 19:52:53.644 [INFO] database: Health check passed
2026-06-15 19:52:54.144 [INFO] user-service: Request processed successfully in 96ms
2026-06-15 19:52:54.644 [WARNING] redis: Slow query detected (25s)
2026-06-15 19:52:55.145 [INFO] database: Cache hit ratio 98%
2026-06-15 19:52:55.645 [DEBUG] nginx: Connection pool size 20
2026-06-15 19:52:56.145 [DEBUG] nginx: Connection pool size 17
2026-06-15 19:52:56.645 [INFO] auth-service: Cache hit ratio 89%
2026-06-15 19:52:57.145 [INFO] auth-service: Request processed successfully in 20ms
2026-06-15 19:52:57.646 [CRITICAL] redis: Out of memory error - process killed
2026-06-15 19:52:58.146 [INFO] database: Health check passed
2026-06-15 19:52:58.646 [INFO] user-service: Health check passed
2026-06-15 19:52:59.146 [INFO] payment-service: Health check passed
2026-06-15 19:52:59.646 [INFO] auth-service: Health check passed
2026-06-15 19:53:00.146 [DEBUG] database: Connection pool size 19
2026-06-15 19:53:00.646 [DEBUG] api-gateway: Connection pool size 6
2026-06-15 19:53:01.146 [ERROR] database: Query failed - relation 'orders' does not exist
2026-06-15 19:53:01.646 [DEBUG] auth-service: Connection pool size 11
2026-06-15 19:53:02.147 [INFO] redis: Request processed successfully in 23ms
2026-06-15 19:53:02.647 [WARNING] user-service: Slow query detected (28s)
2026-06-15 19:53:03.147 [WARNING] redis: Memory usage 88%
2026-06-15 19:53:03.647 [INFO] api-gateway: Health check passed
2026-06-15 19:53:04.147 [DEBUG] redis: Connection pool size 12
2026-06-15 19:53:04.647 [INFO] api-gateway: Cache hit ratio 89%
2026-06-15 19:53:05.147 [INFO] redis: Cache hit ratio 84%
2026-06-15 19:53:05.647 [DEBUG] database: Connection pool size 7
2026-06-15 19:53:06.147 [INFO] user-service: Health check passed
2026-06-15 19:53:06.648 [INFO] api-gateway: Service restarted successfully
2026-06-15 19:53:07.148 [CRITICAL] database: Connection pool exhausted
2026-06-15 19:53:07.648 [INFO] nginx: Cache hit ratio 96%
2026-06-15 19:53:08.148 [CRITICAL] database: Connection pool exhausted
2026-06-15 19:53:08.648 [INFO] database: Cache hit ratio 89%
2026-06-15 19:53:09.148 [INFO] auth-service: Cache hit ratio 96%
2026-06-15 19:53:09.648 [INFO] auth-service: Cache hit ratio 92%
2026-06-15 19:53:10.148 [INFO] database: Request processed successfully in 103ms
2026-06-15 19:53:10.649 [WARNING] redis: GC overhead limit reached
2026-06-15 19:53:11.149 [ERROR] database: Connection timeout after 3233ms
2026-06-15 19:53:11.649 [INFO] api-gateway: Cache hit ratio 94%
2026-06-15 19:53:12.149 [ERROR] database: Deadlock detected in transaction
2026-06-15 19:53:12.649 [INFO] payment-service: Cache hit ratio 94%
2026-06-15 19:53:13.149 [INFO] api-gateway: Health check passed
2026-06-15 19:53:13.649 [INFO] nginx: Request processed successfully in 194ms
2026-06-15 19:53:14.149 [ERROR] database: Deadlock detected in transaction
2026-06-15 19:53:14.650 [DEBUG] auth-service: Connection pool size 9
2026-06-15 19:53:15.150 [INFO] payment-service: Health check passed
2026-06-15 19:53:15.650 [INFO] nginx: Health check passed
2026-06-15 19:53:16.150 [ERROR] database: Query failed - relation 'orders' does not exist
2026-06-15 19:53:16.650 [INFO] redis: Connection pool restored
2026-06-15 19:53:17.150 [DEBUG] user-service: Connection pool size 9
2026-06-15 19:53:17.651 [DEBUG] database: Connection pool size 8
2026-06-15 19:53:18.151 [DEBUG] user-service: Connection pool size 17
2026-06-15 19:53:18.651 [DEBUG] auth-service: Connection pool size 17
2026-06-15 19:53:19.151 [INFO] redis: Request processed successfully in 38ms
2026-06-15 19:53:19.651 [INFO] database: Health check passed
2026-06-15 19:53:20.151 [INFO] payment-service: Health check passed
2026-06-15 19:53:20.651 [INFO] api-gateway: Request processed successfully in 32ms
2026-06-15 19:53:21.151 [INFO] database: Health check passed
2026-06-15 19:53:21.652 [INFO] nginx: Cache hit ratio 97%
2026-06-15 19:53:22.152 [INFO] api-gateway: Cache hit ratio 94%
2026-06-15 19:53:22.652 [INFO] payment-service: Request processed successfully in 149ms
2026-06-15 19:53:23.152 [INFO] database: Connection pool restored
2026-06-15 19:53:23.652 [INFO] nginx: Request processed successfully in 123ms
2026-06-15 19:53:24.152 [ERROR] database: Deadlock detected in transaction
2026-06-15 19:53:24.652 [INFO] auth-service: Request processed successfully in 196ms
2026-06-15 19:53:25.152 [INFO] database: Request processed successfully in 145ms
2026-06-15 19:53:25.652 [ERROR] redis: Upstream service unavailable
2026-06-15 19:53:26.153 [DEBUG] database: Connection pool size 20
2026-06-15 19:53:26.653 [INFO] user-service: Health check passed
2026-06-15 19:53:27.153 [INFO] redis: Health check passed
2026-06-15 19:53:27.653 [DEBUG] auth-service: Connection pool size 19
2026-06-15 19:53:28.153 [INFO] nginx: Request processed successfully in 167ms
2026-06-15 19:53:28.653 [INFO] redis: Health check passed
2026-06-15 19:53:29.153 [INFO] auth-service: Request processed successfully in 175ms
2026-06-15 19:53:29.653 [DEBUG] nginx: Connection pool size 8
2026-06-15 19:53:30.153 [INFO] redis: Request processed successfully in 68ms
2026-06-15 19:53:30.653 [INFO] auth-service: Health check passed
2026-06-15 19:53:31.154 [INFO] payment-service: Health check passed
2026-06-15 19:53:31.654 [INFO] user-service: Cache hit ratio 82%
2026-06-15 19:53:32.154 [INFO] user-service: Request processed successfully in 170ms
2026-06-15 19:53:32.654 [ERROR] auth-service: Request timeout after 43s
2026-06-15 19:53:33.154 [DEBUG] api-gateway: Connection pool size 14
2026-06-15 19:53:33.654 [INFO] auth-service: Cache hit ratio 88%
2026-06-15 19:53:34.154 [INFO] nginx: Request processed successfully in 32ms
2026-06-15 19:53:34.655 [INFO] user-service: Cache hit ratio 97%
2026-06-15 19:53:35.155 [INFO] nginx: Health check passed
2026-06-15 19:53:35.655 [INFO] auth-service: Request processed successfully in 54ms
2026-06-15 19:53:36.155 [DEBUG] database: Connection pool size 13
2026-06-15 19:53:36.655 [INFO] database: Request processed successfully in 125ms
2026-06-15 19:53:37.155 [INFO] payment-service: Request processed successfully in 190ms
2026-06-15 19:53:37.655 [INFO] api-gateway: Request processed successfully in 157ms
2026-06-15 19:53:38.155 [ERROR] auth-service: Upstream service unavailable
2026-06-15 19:53:38.656 [INFO] redis: Request processed successfully in 175ms
2026-06-15 19:53:39.156 [INFO] auth-service: Health check passed
2026-06-15 19:53:39.656 [ERROR] nginx: Upstream service unavailable
2026-06-15 19:53:40.156 [INFO] api-gateway: Service restarted successfully
2026-06-15 19:53:40.656 [INFO] redis: Health check passed
2026-06-15 19:53:41.156 [INFO] user-service: Cache hit ratio 86%
2026-06-15 19:53:41.656 [INFO] redis: Request processed successfully in 121ms
2026-06-15 19:53:42.156 [CRITICAL] database: Connection pool exhausted
2026-06-15 19:53:42.657 [DEBUG] nginx: Connection pool size 5
2026-06-15 19:53:43.157 [ERROR] user-service: Request timeout after 51s
2026-06-15 19:53:43.657 [INFO] auth-service: Request processed successfully in 99ms
2026-06-15 19:53:44.157 [DEBUG] payment-service: Connection pool size 14
2026-06-15 19:53:44.657 [DEBUG] auth-service: Connection pool size 13
2026-06-15 19:53:45.157 [INFO] redis: Health check passed
2026-06-15 19:53:45.657 [INFO] database: Cache hit ratio 87%
2026-06-15 19:53:46.158 [INFO] auth-service: Request processed successfully in 130ms
2026-06-15 19:53:46.658 [INFO] database: Connection pool restored
2026-06-15 19:53:47.158 [ERROR] database: Query failed - relation 'orders' does not exist
2026-06-15 19:53:47.658 [INFO] auth-service: Request processed successfully in 63ms
2026-06-15 19:53:48.158 [INFO] api-gateway: Request processed successfully in 31ms
2026-06-15 19:53:48.658 [ERROR] database: Query failed - relation 'orders' does not exist
2026-06-15 19:53:49.158 [INFO] user-service: Cache hit ratio 93%
2026-06-15 19:53:49.659 [INFO] nginx: Cache hit ratio 86%
2026-06-15 19:53:50.159 [INFO] redis: Request processed successfully in 183ms
2026-06-15 19:53:50.659 [ERROR] database: Query failed - relation 'orders' does not exist
2026-06-15 19:53:51.159 [INFO] auth-service: Health check passed
2026-06-15 19:53:51.659 [ERROR] payment-service: Request timeout after 53s
2026-06-15 19:53:52.159 [INFO] database: Request processed successfully in 95ms
2026-06-15 19:53:52.659 [DEBUG] payment-service: Connection pool size 19
2026-06-15 19:53:53.160 [ERROR] database: Deadlock detected in transaction
2026-06-15 19:53:53.660 [INFO] database: Request processed successfully in 117ms
2026-06-15 19:53:54.161 [INFO] user-service: Health check passed
2026-06-15 19:53:54.661 [INFO] nginx: Health check passed
2026-06-15 19:53:55.161 [INFO] redis: Request processed successfully in 55ms
2026-06-15 19:53:55.661 [DEBUG] user-service: Connection pool size 20
2026-06-15 19:53:56.161 [INFO] database: Cache hit ratio 91%
2026-06-15 19:53:56.661 [WARNING] nginx: Memory usage 87%
2026-06-15 19:53:57.162 [INFO] database: Health check passed
2026-06-15 19:53:57.662 [DEBUG] user-service: Connection pool size 5
2026-06-15 19:53:58.162 [ERROR] database: Query failed - relation 'orders' does not exist
2026-06-15 19:53:58.662 [INFO] database: Health check passed after recovery
2026-06-15 19:53:59.162 [DEBUG] user-service: Connection pool size 5
2026-06-15 19:53:59.662 [INFO] user-service: Cache hit ratio 80%
2026-06-15 19:54:00.162 [INFO] api-gateway: Request processed successfully in 149ms
2026-06-15 19:54:00.663 [ERROR] nginx: Dependency failure from user-service
2026-06-15 19:54:01.163 [INFO] user-service: Cache hit ratio 90%
2026-06-15 19:54:01.663 [WARNING] redis: Memory usage 90%
2026-06-15 19:54:02.163 [DEBUG] user-service: Connection pool size 13
2026-06-15 19:54:02.663 [INFO] nginx: Request processed successfully in 81ms
2026-06-15 19:54:03.163 [INFO] nginx: Cache hit ratio 83%
2026-06-15 19:54:03.663 [DEBUG] auth-service: Connection pool size 13
2026-06-15 19:54:04.163 [DEBUG] nginx: Connection pool size 16
2026-06-15 19:54:04.663 [DEBUG] payment-service: Connection pool size 17
2026-06-15 19:54:05.163 [DEBUG] auth-service: Connection pool size 12
2026-06-15 19:54:05.664 [DEBUG] payment-service: Connection pool size 8
2026-06-15 19:54:06.164 [INFO] api-gateway: Health check passed
2026-06-15 19:54:06.664 [INFO] database: Health check passed
2026-06-15 19:54:07.164 [INFO] api-gateway: Cache hit ratio 86%
2026-06-15 19:54:07.664 [DEBUG] nginx: Connection pool size 15
2026-06-15 19:54:08.165 [DEBUG] payment-service: Connection pool size 18
2026-06-15 19:54:08.665 [DEBUG] auth-service: Connection pool size 5
2026-06-15 19:54:09.165 [CRITICAL] api-gateway: Service crashed
2026-06-15 19:54:09.665 [INFO] database: Health check passed
2026-06-15 19:54:10.165 [INFO] user-service: Health check passed
2026-06-15 19:54:10.665 [INFO] redis: Cache hit ratio 86%
2026-06-15 19:54:11.166 [ERROR] database: Deadlock detected in transaction
2026-06-15 19:54:11.666 [ERROR] database: Request timeout after 43s
2026-06-15 19:54:12.166 [ERROR] database: Deadlock detected in transaction
2026-06-15 19:54:12.666 [INFO] nginx: Request processed successfully in 44ms
2026-06-15 19:54:13.166 [ERROR] database: Query failed - relation 'orders' does not exist
2026-06-15 19:54:13.666 [INFO] redis: Health check passed
2026-06-15 19:54:14.167 [INFO] user-service: Cache hit ratio 92%
2026-06-15 19:54:14.667 [INFO] nginx: Cache hit ratio 93%
2026-06-15 19:54:15.167 [DEBUG] database: Connection pool size 17
2026-06-15 19:54:15.667 [ERROR] database: Deadlock detected in transaction
2026-06-15 19:54:16.167 [INFO] auth-service: Connection pool restored
2026-06-15 19:54:16.667 [INFO] redis: Cache hit ratio 99%
2026-06-15 19:54:17.168 [INFO] user-service: Health check passed
2026-06-15 19:54:17.668 [WARNING] database: Memory usage 93%
2026-06-15 19:54:18.168 [INFO] user-service: Cache hit ratio 84%
2026-06-15 19:54:18.668 [INFO] auth-service: Request processed successfully in 53ms
2026-06-15 19:54:19.168 [INFO] redis: Health check passed
2026-06-15 19:54:19.668 [INFO] redis: Health check passed after recovery
2026-06-15 19:54:20.168 [INFO] user-service: Request processed successfully in 103ms
2026-06-15 19:54:20.668 [INFO] payment-service: Cache hit ratio 89%
2026-06-15 19:54:21.168 [DEBUG] nginx: Connection pool size 18
2026-06-15 19:54:21.669 [INFO] payment-service: Request processed successfully in 127ms
2026-06-15 19:54:22.169 [INFO] redis: Cache hit ratio 89%
2026-06-15 19:54:22.669 [INFO] user-service: Request processed successfully in 56ms
2026-06-15 19:54:23.169 [DEBUG] payment-service: Connection pool size 17
2026-06-15 19:54:23.669 [INFO] user-service: Request processed successfully in 66ms
2026-06-15 19:54:24.169 [INFO] nginx: Cache hit ratio 80%
2026-06-15 19:54:24.669 [INFO] database: Request processed successfully in 88ms
2026-06-15 19:54:25.169 [INFO] redis: Cache hit ratio 80%
2026-06-15 19:54:25.669 [ERROR] user-service: Upstream service unavailable
2026-06-15 19:54:26.170 [WARNING] payment-service: Slow query detected (15s)
2026-06-15 19:54:26.670 [INFO] auth-service: Cache hit ratio 82%
2026-06-15 19:54:27.170 [INFO] payment-service: Health check passed
2026-06-15 19:54:27.670 [INFO] auth-service: Health check passed after recovery
2026-06-15 19:54:28.170 [INFO] user-service: Request processed successfully in 17ms
2026-06-15 19:54:28.670 [ERROR] payment-service: Request timeout after 59s
2026-06-15 19:54:29.170 [INFO] database: Health check passed
2026-06-15 19:54:29.670 [INFO] redis: Health check passed
2026-06-15 19:54:30.170 [INFO] api-gateway: Request processed successfully in 191ms
2026-06-15 19:54:30.670 [INFO] redis: Request processed successfully in 105ms
2026-06-15 19:54:31.171 [CRITICAL] auth-service: Out of memory error - process killed
2026-06-15 19:54:31.671 [ERROR] database: Query failed - relation 'orders' does not exist
2026-06-15 19:54:32.171 [DEBUG] payment-service: Connection pool size 14
2026-06-15 19:54:32.671 [INFO] user-service: Request processed successfully in 183ms
2026-06-15 19:54:33.171 [INFO] payment-service: Cache hit ratio 98%
2026-06-15 19:54:33.671 [INFO] nginx: Request processed successfully in 108ms
2026-06-15 19:54:34.171 [INFO] user-service: Request processed successfully in 60ms
2026-06-15 19:54:34.671 [INFO] nginx: Cache hit ratio 81%
2026-06-15 19:54:35.171 [INFO] api-gateway: Cache hit ratio 84%
2026-06-15 19:54:35.672 [DEBUG] payment-service: Connection pool size 14
2026-06-15 19:54:36.172 [INFO] redis: Cache hit ratio 94%
2026-06-15 19:54:36.672 [INFO] auth-service: Health check passed
2026-06-15 19:54:37.172 [DEBUG] payment-service: Connection pool size 14
2026-06-15 19:54:37.672 [CRITICAL] api-gateway: Service crashed
2026-06-15 19:54:38.172 [CRITICAL] database: Connection pool exhausted
2026-06-15 19:54:38.672 [DEBUG] nginx: Connection pool size 18
2026-06-15 19:54:39.172 [INFO] redis: Health check passed
2026-06-15 19:54:39.673 [DEBUG] api-gateway: Connection pool size 18
2026-06-15 19:54:40.173 [INFO] payment-service: Service restarted successfully
2026-06-15 19:54:40.673 [INFO] payment-service: Request processed successfully in 69ms
2026-06-15 19:54:41.173 [INFO] user-service: Service restarted successfully
2026-06-15 19:54:41.673 [DEBUG] payment-service: Connection pool size 13
2026-06-15 19:54:42.173 [INFO] auth-service: Cache hit ratio 90%
2026-06-15 19:54:42.673 [WARNING] auth-service: GC overhead limit reached
2026-06-15 19:54:43.173 [INFO] database: Cache hit ratio 98%
2026-06-15 19:54:43.673 [DEBUG] auth-service: Connection pool size 15
2026-06-15 19:54:44.174 [INFO] redis: Connection pool restored
2026-06-15 19:54:44.674 [INFO] database: Request processed successfully in 193ms
2026-06-15 19:54:45.174 [DEBUG] redis: Connection pool size 18
2026-06-15 19:54:45.674 [INFO] auth-service: Cache hit ratio 92%
2026-06-15 19:54:46.174 [INFO] redis: Health check passed
2026-06-15 19:54:46.674 [INFO] nginx: Health check passed after recovery
2026-06-15 19:54:47.174 [INFO] database: Request processed successfully in 190ms
2026-06-15 19:54:47.674 [CRITICAL] nginx: Service crashed
2026-06-15 19:54:48.175 [DEBUG] auth-service: Connection pool size 5
2026-06-15 19:54:48.675 [INFO] payment-service: Health check passed
2026-06-15 19:54:49.175 [WARNING] nginx: Slow query detected (15s)
2026-06-15 19:54:49.675 [INFO] auth-service: Request processed successfully in 148ms
2026-06-15 19:54:50.175 [ERROR] database: Deadlock detected in transaction
2026-06-15 19:54:50.675 [ERROR] database: Query failed - relation 'orders' does not exist
2026-06-15 19:54:51.175 [DEBUG] database: Connection pool size 7
2026-06-15 19:54:51.676 [DEBUG] database: Connection pool size 16
2026-06-15 19:54:52.176 [DEBUG] redis: Connection pool size 6
2026-06-15 19:54:52.676 [INFO] payment-service: Health check passed
2026-06-15 19:54:53.176 [DEBUG] database: Connection pool size 15
2026-06-15 19:54:53.676 [INFO] database: Cache hit ratio 97%
2026-06-15 19:54:54.176 [INFO] auth-service: Cache hit ratio 86%
2026-06-15 19:54:54.676 [INFO] redis: Request processed successfully in 51ms
2026-06-15 19:54:55.176 [ERROR] api-gateway: Upstream service unavailable
2026-06-15 19:54:55.676 [ERROR] database: Upstream service unavailable
2026-06-15 19:54:56.177 [ERROR] redis: Request timeout after 32s
2026-06-15 19:54:56.677 [INFO] user-service: Health check passed
2026-06-15 19:54:57.177 [WARNING] database: Memory usage 91%
2026-06-15 19:54:57.677 [DEBUG] api-gateway: Connection pool size 11
2026-06-15 19:54:58.177 [DEBUG] database: Connection pool size 5
2026-06-15 19:54:58.677 [ERROR] database: Deadlock detected in transaction
2026-06-15 19:54:59.177 [ERROR] database: Request timeout after 36s
2026-06-15 19:54:59.677 [ERROR] database: Upstream service unavailable
2026-06-15 19:55:00.177 [INFO] auth-service: Request processed successfully in 173ms
2026-06-15 19:55:00.677 [INFO] auth-service: Health check passed
2026-06-15 19:55:01.178 [INFO] user-service: Health check passed
2026-06-15 19:55:01.678 [INFO] api-gateway: Cache hit ratio 86%
2026-06-15 19:55:02.178 [INFO] auth-service: Cache hit ratio 81%
2026-06-15 19:55:02.678 [INFO] user-service: Cache hit ratio 99%
2026-06-15 19:55:03.178 [INFO] auth-service: Request processed successfully in 198ms
2026-06-15 19:55:03.678 [WARNING] auth-service: GC overhead limit reached
2026-06-15 19:55:04.178 [ERROR] database: Deadlock detected in transaction
2026-06-15 19:55:04.678 [ERROR] database: Deadlock detected in transaction
2026-06-15 19:55:05.179 [ERROR] payment-service: Request timeout after 59s
2026-06-15 19:55:05.679 [INFO] payment-service: Cache hit ratio 90%
2026-06-15 19:55:06.179 [ERROR] database: Query failed - relation 'orders' does not exist
2026-06-15 19:55:06.679 [INFO] payment-service: Service restarted successfully
2026-06-15 19:55:07.179 [DEBUG] payment-service: Connection pool size 10
2026-06-15 19:55:07.679 [INFO] payment-service: Request processed successfully in 196ms
2026-06-15 19:55:08.179 [INFO] payment-service: Health check passed
2026-06-15 19:55:08.679 [INFO] database: Request processed successfully in 77ms
2026-06-15 19:55:09.180 [INFO] user-service: Request processed successfully in 110ms
2026-06-15 19:55:09.680 [INFO] database: Health check passed
2026-06-15 19:55:10.180 [DEBUG] database: Connection pool size 11
2026-06-15 19:55:10.680 [INFO] api-gateway: Request processed successfully in 19ms
2026-06-15 19:55:11.180 [INFO] user-service: Request processed successfully in 112ms
2026-06-15 19:55:11.680 [INFO] api-gateway: Health check passed
2026-06-15 19:55:12.180 [INFO] redis: Request processed successfully in 112ms
2026-06-15 19:55:12.680 [WARNING] user-service: Memory usage 90%
2026-06-15 19:55:13.180 [INFO] nginx: Health check passed
2026-06-15 19:55:13.680 [ERROR] payment-service: Request timeout after 47s
2026-06-15 19:55:14.181 [INFO] payment-service: Health check passed
2026-06-15 19:55:14.681 [ERROR] database: Query failed - relation 'orders' does not exist
2026-06-15 19:55:15.181 [DEBUG] user-service: Connection pool size 8
2026-06-15 19:55:15.681 [INFO] auth-service: Health check passed
2026-06-15 19:55:16.181 [WARNING] auth-service: GC overhead limit reached
2026-06-15 19:55:16.681 [ERROR] database: Query failed - relation 'orders' does not exist
2026-06-15 19:55:17.181 [INFO] api-gateway: Cache hit ratio 90%
2026-06-15 19:55:17.681 [INFO] nginx: Cache hit ratio 82%
2026-06-15 19:55:18.181 [INFO] user-service: Health check passed
2026-06-15 19:55:18.682 [DEBUG] nginx: Connection pool size 5
2026-06-15 19:55:19.182 [INFO] nginx: Health check passed
2026-06-15 19:55:19.682 [ERROR] database: Query failed - relation 'orders' does not exist
2026-06-15 19:55:20.182 [INFO] user-service: Service restarted successfully
2026-06-15 19:55:20.682 [INFO] api-gateway: Request processed successfully in 31ms
2026-06-15 19:55:21.182 [DEBUG] redis: Connection pool size 13
2026-06-15 19:55:21.682 [INFO] auth-service: Request processed successfully in 119ms
2026-06-15 19:55:22.182 [DEBUG] nginx: Connection pool size 16
2026-06-15 19:55:22.682 [INFO] nginx: Connection pool restored
2026-06-15 19:55:23.183 [INFO] payment-service: Cache hit ratio 89%
2026-06-15 19:55:23.683 [INFO] user-service: Health check passed
2026-06-15 19:55:24.183 [INFO] user-service: Connection pool restored
2026-06-15 19:55:24.683 [ERROR] database: Upstream service unavailable
2026-06-15 19:55:25.183 [DEBUG] auth-service: Connection pool size 18
2026-06-15 19:55:25.683 [ERROR] auth-service: Request timeout after 44s
2026-06-15 19:55:26.183 [INFO] user-service: Request processed successfully in 35ms
2026-06-15 19:55:26.684 [INFO] redis: Health check passed
2026-06-15 19:55:27.184 [ERROR] user-service: Request timeout after 53s
2026-06-15 19:55:27.684 [DEBUG] nginx: Connection pool size 18
2026-06-15 19:55:28.184 [DEBUG] auth-service: Connection pool size 15
2026-06-15 19:55:28.684 [INFO] user-service: Cache hit ratio 93%
2026-06-15 19:55:29.184 [DEBUG] api-gateway: Connection pool size 19
2026-06-15 19:55:29.684 [INFO] api-gateway: Request processed successfully in 49ms
2026-06-15 19:55:30.184 [DEBUG] auth-service: Connection pool size 6
2026-06-15 19:55:30.684 [WARNING] nginx: Slow query detected (30s)
2026-06-15 19:55:31.185 [DEBUG] auth-service: Connection pool size 15
2026-06-15 19:55:31.685 [INFO] auth-service: Cache hit ratio 98%
2026-06-15 19:55:32.185 [INFO] nginx: Cache hit ratio 95%
2026-06-15 19:55:32.685 [WARNING] auth-service: Slow query detected (21s)
2026-06-15 19:55:33.185 [INFO] nginx: Request processed successfully in 26ms
2026-06-15 19:55:33.685 [INFO] nginx: Request processed successfully in 136ms
2026-06-15 19:55:34.185 [INFO] payment-service: Request processed successfully in 27ms
2026-06-15 19:55:34.685 [INFO] redis: Health check passed
2026-06-15 19:55:35.185 [DEBUG] payment-service: Connection pool size 16
2026-06-15 19:55:35.686 [ERROR] database: Circuit breaker open for user-service
2026-06-15 19:55:36.186 [INFO] database: Request processed successfully in 102ms
2026-06-15 19:55:36.686 [CRITICAL] database: Connection pool exhausted
2026-06-15 19:55:37.186 [INFO] user-service: Request processed successfully in 37ms
2026-06-15 19:55:37.686 [ERROR] auth-service: Upstream service unavailable
2026-06-15 19:55:38.186 [DEBUG] payment-service: Connection pool size 17
2026-06-15 19:55:38.686 [INFO] payment-service: Health check passed
2026-06-15 19:55:39.187 [ERROR] database: Upstream service unavailable
2026-06-15 19:55:39.687 [INFO] database: Cache hit ratio 86%
2026-06-15 19:55:40.187 [ERROR] database: Deadlock detected in transaction
2026-06-15 19:55:40.687 [INFO] user-service: Request processed successfully in 184ms
2026-06-15 19:55:41.187 [INFO] redis: Request processed successfully in 193ms
2026-06-15 19:55:41.687 [INFO] redis: Health check passed
2026-06-15 19:55:42.187 [INFO] auth-service: Health check passed
2026-06-15 19:55:42.687 [WARNING] nginx: GC overhead limit reached
2026-06-15 19:55:43.188 [INFO] user-service: Cache hit ratio 95%
2026-06-15 19:55:43.688 [ERROR] database: Deadlock detected in transaction
2026-06-15 19:55:44.188 [INFO] redis: Health check passed
2026-06-15 19:55:44.688 [INFO] database: Health check passed after recovery
2026-06-15 19:55:45.188 [DEBUG] nginx: Connection pool size 7
2026-06-15 19:55:45.688 [ERROR] database: Query failed - relation 'orders' does not exist
2026-06-15 19:55:46.188 [INFO] database: Service restarted successfully
2026-06-15 19:55:46.688 [INFO] database: Health check passed
2026-06-15 19:55:47.189 [WARNING] database: GC overhead limit reached
2026-06-15 19:55:47.689 [INFO] redis: Request processed successfully in 157ms
2026-06-15 19:55:48.189 [ERROR] nginx: Circuit breaker open for api-gateway
2026-06-15 19:55:48.689 [WARNING] payment-service: Slow query detected (7s)
2026-06-15 19:55:49.189 [INFO] redis: Health check passed
2026-06-15 19:55:49.689 [INFO] nginx: Request processed successfully in 141ms
2026-06-15 19:55:50.189 [ERROR] user-service: Upstream service unavailable
2026-06-15 19:55:50.689 [INFO] user-service: Cache hit ratio 95%
2026-06-15 19:55:51.189 [INFO] redis: Request processed successfully in 166ms
2026-06-15 19:55:51.690 [INFO] payment-service: Health check passed
2026-06-15 19:55:52.190 [INFO] auth-service: Cache hit ratio 92%
2026-06-15 19:55:52.690 [CRITICAL] database: Connection pool exhausted
2026-06-15 19:55:53.190 [INFO] database: Health check passed after recovery
2026-06-15 19:55:53.690 [INFO] user-service: Connection pool restored
2026-06-15 19:55:54.190 [INFO] database: Cache hit ratio 82%
2026-06-15 19:55:54.690 [INFO] user-service: Request processed successfully in 130ms
2026-06-15 19:55:55.190 [WARNING] payment-service: Memory usage 90%
2026-06-15 19:55:55.691 [DEBUG] user-service: Connection pool size 13
2026-06-15 19:55:56.191 [INFO] auth-service: Request processed successfully in 41ms
2026-06-15 19:55:56.691 [DEBUG] api-gateway: Connection pool size 8
2026-06-15 19:55:57.191 [ERROR] user-service: Dependency failure from redis
2026-06-15 19:55:57.691 [INFO] auth-service: Request processed successfully in 197ms
2026-06-15 19:55:58.192 [INFO] user-service: Cache hit ratio 96%
2026-06-15 19:55:58.692 [INFO] user-service: Request processed successfully in 17ms
2026-06-15 19:55:59.192 [ERROR] database: Query failed - relation 'orders' does not exist
2026-06-15 19:55:59.692 [INFO] nginx: Health check passed
2026-06-15 19:56:00.192 [DEBUG] redis: Connection pool size 16
2026-06-15 19:56:00.693 [DEBUG] redis: Connection pool size 6
2026-06-15 19:56:01.193 [INFO] user-service: Request processed successfully in 49ms
2026-06-15 19:56:01.693 [ERROR] database: Connection timeout after 4003ms
2026-06-15 19:56:02.193 [DEBUG] auth-service: Connection pool size 14
2026-06-15 19:56:02.693 [INFO] database: Cache hit ratio 99%
2026-06-15 19:56:03.193 [ERROR] database: Upstream service unavailable
2026-06-15 19:56:03.693 [INFO] auth-service: Cache hit ratio 85%
2026-06-15 19:56:04.193 [DEBUG] payment-service: Connection pool size 14
2026-06-15 19:56:04.693 [INFO] api-gateway: Cache hit ratio 95%
2026-06-15 19:56:05.194 [DEBUG] redis: Connection pool size 12
2026-06-15 19:56:05.694 [INFO] api-gateway: Request processed successfully in 84ms
2026-06-15 19:56:06.194 [CRITICAL] database: Connection pool exhausted
2026-06-15 19:56:06.694 [CRITICAL] database: Connection pool exhausted
2026-06-15 19:56:07.194 [INFO] user-service: Health check passed
2026-06-15 19:56:07.694 [DEBUG] nginx: Connection pool size 11
2026-06-15 19:56:08.194 [INFO] api-gateway: Health check passed
2026-06-15 19:56:08.694 [INFO] nginx: Request processed successfully in 91ms
2026-06-15 19:56:09.194 [ERROR] database: Request timeout after 39s
2026-06-15 19:56:09.695 [INFO] database: Health check passed
2026-06-15 19:56:10.195 [WARNING] nginx: Slow query detected (7s)
2026-06-15 19:56:10.695 [DEBUG] auth-service: Connection pool size 12
2026-06-15 19:56:11.195 [INFO] nginx: Cache hit ratio 94%
2026-06-15 19:56:11.695 [INFO] redis: Connection pool restored
2026-06-15 19:56:12.195 [DEBUG] nginx: Connection pool size 6
2026-06-15 19:56:12.695 [INFO] api-gateway: Service restarted successfully
2026-06-15 19:56:13.195 [ERROR] nginx: Dependency failure from payment-service
2026-06-15 19:56:13.695 [INFO] api-gateway: Service restarted successfully
2026-06-15 19:56:14.195 [WARNING] nginx: Memory usage 91%
2026-06-15 19:56:14.696 [ERROR] database: Query failed - relation 'orders' does not exist
2026-06-15 19:56:15.196 [INFO] redis: Cache hit ratio 99%
2026-06-15 19:56:15.696 [INFO] user-service: Health check passed
2026-06-15 19:56:16.196 [ERROR] database: Query failed - relation 'orders' does not exist
2026-06-15 19:56:16.696 [DEBUG] payment-service: Connection pool size 19
2026-06-15 19:56:17.196 [ERROR] database: Connection timeout after 1856ms
2026-06-15 19:56:17.696 [DEBUG] payment-service: Connection pool size 20
2026-06-15 19:56:18.197 [DEBUG] nginx: Connection pool size 17
2026-06-15 19:56:18.697 [DEBUG] api-gateway: Connection pool size 18
2026-06-15 19:56:19.197 [INFO] nginx: Health check passed
2026-06-15 19:56:19.697 [DEBUG] payment-service: Connection pool size 5
2026-06-15 19:56:20.197 [INFO] nginx: Cache hit ratio 98%
2026-06-15 19:56:20.697 [DEBUG] payment-service: Connection pool size 9
2026-06-15 19:56:21.197 [DEBUG] payment-service: Connection pool size 14
2026-06-15 19:56:21.697 [INFO] auth-service: Health check passed
2026-06-15 19:56:22.198 [INFO] database: Service restarted successfully
2026-06-15 19:56:22.698 [INFO] nginx: Health check passed
2026-06-15 19:56:23.198 [WARNING] api-gateway: Memory usage 88%
2026-06-15 19:56:23.698 [ERROR] nginx: Dependency failure from api-gateway
2026-06-15 19:56:24.198 [INFO] nginx: Health check passed
2026-06-15 19:56:24.698 [INFO] redis: Health check passed
2026-06-15 19:56:25.198 [INFO] database: Health check passed after recovery
2026-06-15 19:56:25.699 [INFO] auth-service: Request processed successfully in 193ms
2026-06-15 19:56:26.199 [INFO] database: Health check passed
2026-06-15 19:56:26.699 [CRITICAL] database: Connection pool exhausted
2026-06-15 19:56:27.199 [ERROR] database: Deadlock detected in transaction
2026-06-15 19:56:27.699 [INFO] payment-service: Request processed successfully in 198ms
2026-06-15 19:56:28.199 [INFO] user-service: Health check passed
2026-06-15 19:56:28.699 [INFO] auth-service: Cache hit ratio 88%
2026-06-15 19:56:29.199 [INFO] user-service: Cache hit ratio 81%
2026-06-15 19:56:29.700 [CRITICAL] api-gateway: Out of memory error - process killed
2026-06-15 19:56:30.200 [INFO] payment-service: Cache hit ratio 85%
2026-06-15 19:56:30.700 [INFO] database: Cache hit ratio 88%
2026-06-15 19:56:31.200 [ERROR] user-service: Request timeout after 53s
2026-06-15 19:56:31.700 [ERROR] auth-service: Request timeout after 58s
2026-06-15 19:56:32.200 [DEBUG] nginx: Connection pool size 17
2026-06-15 19:56:32.700 [INFO] auth-service: Cache hit ratio 83%
2026-06-15 19:56:33.200 [INFO] nginx: Cache hit ratio 86%
2026-06-15 19:56:33.701 [INFO] nginx: Request processed successfully in 144ms
2026-06-15 19:56:34.201 [INFO] nginx: Request processed successfully in 136ms
2026-06-15 19:56:34.701 [INFO] user-service: Health check passed
2026-06-15 19:56:35.201 [INFO] auth-service: Cache hit ratio 99%
2026-06-15 19:56:35.701 [INFO] nginx: Health check passed
2026-06-15 19:56:36.201 [INFO] user-service: Request processed successfully in 119ms
2026-06-15 19:56:36.702 [INFO] database: Request processed successfully in 91ms
2026-06-15 19:56:37.202 [INFO] redis: Health check passed
2026-06-15 19:56:37.702 [WARNING] payment-service: GC overhead limit reached
2026-06-15 19:56:38.202 [DEBUG] database: Connection pool size 20
2026-06-15 19:56:38.702 [ERROR] database: Deadlock detected in transaction
2026-06-15 19:56:39.202 [INFO] nginx: Connection pool restored
2026-06-15 19:56:39.702 [INFO] user-service: Request processed successfully in 72ms
2026-06-15 19:56:40.202 [ERROR] database: Deadlock detected in transaction
2026-06-15 19:56:40.702 [ERROR] auth-service: Request timeout after 53s
2026-06-15 19:56:41.203 [INFO] payment-service: Health check passed
2026-06-15 19:56:41.703 [INFO] redis: Request processed successfully in 174ms
2026-06-15 19:56:42.203 [CRITICAL] database: Connection pool exhausted
2026-06-15 19:56:42.703 [INFO] user-service: Request processed successfully in 64ms
2026-06-15 19:56:43.203 [INFO] nginx: Request processed successfully in 15ms
2026-06-15 19:56:43.703 [INFO] nginx: Health check passed
2026-06-15 19:56:44.203 [CRITICAL] payment-service: Service crashed
2026-06-15 19:56:44.703 [INFO] database: Cache hit ratio 86%
2026-06-15 19:56:45.203 [INFO] user-service: Request processed successfully in 149ms
2026-06-15 19:56:45.703 [INFO] payment-service: Health check passed
2026-06-15 19:56:46.204 [INFO] payment-service: Request processed successfully in 112ms
2026-06-15 19:56:46.704 [INFO] user-service: Health check passed
2026-06-15 19:56:47.204 [INFO] payment-service: Health check passed
2026-06-15 19:56:47.704 [INFO] auth-service: Health check passed
2026-06-15 19:56:48.204 [INFO] api-gateway: Request processed successfully in 47ms
2026-06-15 19:56:48.704 [CRITICAL] auth-service: Out of memory error - process killed
2026-06-15 19:56:49.204 [INFO] redis: Health check passed
2026-06-15 19:56:49.704 [INFO] database: Cache hit ratio 85%
2026-06-15 19:56:50.204 [INFO] auth-service: Health check passed
2026-06-15 19:56:50.704 [WARNING] database: Memory usage 91%
2026-06-15 19:56:51.205 [INFO] nginx: Health check passed
2026-06-15 19:56:51.705 [INFO] redis: Request processed successfully in 81ms
2026-06-15 19:56:52.205 [INFO] redis: Request processed successfully in 101ms
2026-06-15 19:56:52.705 [DEBUG] nginx: Connection pool size 6
2026-06-15 19:56:53.205 [INFO] redis: Health check passed
2026-06-15 19:56:53.705 [INFO] redis: Cache hit ratio 86%
2026-06-15 19:56:54.205 [WARNING] user-service: GC overhead limit reached
2026-06-15 19:56:54.705 [DEBUG] redis: Connection pool size 19
2026-06-15 19:56:55.205 [INFO] payment-service: Request processed successfully in 48ms
2026-06-15 19:56:55.705 [ERROR] database: Deadlock detected in transaction
2026-06-15 19:56:56.206 [DEBUG] nginx: Connection pool size 12
2026-06-15 19:56:56.706 [WARNING] database: Memory usage 91%
2026-06-15 19:56:57.206 [DEBUG] database: Connection pool size 5
2026-06-15 19:56:57.706 [DEBUG] redis: Connection pool size 14
2026-06-15 19:56:58.206 [CRITICAL] payment-service: Out of memory error - process killed
2026-06-15 19:56:58.706 [INFO] nginx: Request processed successfully in 66ms
2026-06-15 19:56:59.206 [INFO] user-service: Request processed successfully in 140ms
2026-06-15 19:56:59.706 [INFO] user-service: Request processed successfully in 42ms
2026-06-15 19:57:00.206 [DEBUG] auth-service: Connection pool size 16
2026-06-15 19:57:00.706 [INFO] payment-service: Connection pool restored
2026-06-15 19:57:01.207 [DEBUG] api-gateway: Connection pool size 18
2026-06-15 19:57:01.707 [DEBUG] auth-service: Connection pool size 16
2026-06-15 19:57:02.207 [INFO] redis: Cache hit ratio 93%
2026-06-15 19:57:02.707 [INFO] database: Health check passed
2026-06-15 19:57:03.207 [WARNING] nginx: Memory usage 89%
2026-06-15 19:57:03.707 [INFO] redis: Cache hit ratio 86%
2026-06-15 19:57:04.207 [INFO] auth-service: Health check passed
2026-06-15 19:57:04.708 [INFO] database: Request processed successfully in 126ms
2026-06-15 19:57:05.208 [INFO] api-gateway: Cache hit ratio 86%
2026-06-15 19:57:05.708 [INFO] payment-service: Request processed successfully in 86ms
2026-06-15 19:57:06.208 [WARNING] nginx: Memory usage 92%
2026-06-15 19:57:06.708 [INFO] payment-service: Cache hit ratio 90%
2026-06-15 19:57:07.208 [INFO] nginx: Cache hit ratio 88%
2026-06-15 19:57:07.708 [INFO] redis: Request processed successfully in 180ms
2026-06-15 19:57:08.208 [INFO] database: Connection pool restored
2026-06-15 19:57:08.709 [INFO] auth-service: Health check passed
2026-06-15 19:57:09.209 [ERROR] database: Query failed - relation 'orders' does not exist
2026-06-15 19:57:09.709 [INFO] redis: Health check passed
2026-06-15 19:57:10.209 [DEBUG] nginx: Connection pool size 10
2026-06-15 19:57:10.709 [INFO] user-service: Cache hit ratio 80%
2026-06-15 19:57:11.209 [INFO] auth-service: Request processed successfully in 95ms
2026-06-15 19:57:11.709 [INFO] api-gateway: Cache hit ratio 92%
2026-06-15 19:57:12.210 [INFO] nginx: Request processed successfully in 39ms
2026-06-15 19:57:12.710 [INFO] redis: Health check passed
2026-06-15 19:57:13.210 [DEBUG] user-service: Connection pool size 14
2026-06-15 19:57:13.710 [INFO] database: Request processed successfully in 107ms
2026-06-15 19:57:14.210 [DEBUG] database: Connection pool size 11
2026-06-15 19:57:14.710 [INFO] payment-service: Cache hit ratio 96%
2026-06-15 19:57:15.211 [DEBUG] api-gateway: Connection pool size 14
2026-06-15 19:57:15.711 [DEBUG] payment-service: Connection pool size 6
2026-06-15 19:57:16.211 [CRITICAL] nginx: Out of memory error - process killed
2026-06-15 19:57:16.711 [WARNING] redis: Memory usage 86%
2026-06-15 19:57:17.211 [DEBUG] redis: Connection pool size 13
2026-06-15 19:57:17.711 [INFO] auth-service: Request processed successfully in 181ms
2026-06-15 19:57:18.211 [INFO] redis: Health check passed
2026-06-15 19:57:18.711 [INFO] payment-service: Cache hit ratio 93%
2026-06-15 19:57:19.211 [CRITICAL] database: Connection pool exhausted
2026-06-15 19:57:19.712 [INFO] user-service: Health check passed
2026-06-15 19:57:20.212 [INFO] user-service: Request processed successfully in 130ms
2026-06-15 19:57:20.712 [INFO] database: Health check passed
2026-06-15 19:57:21.212 [DEBUG] user-service: Connection pool size 7
2026-06-15 19:57:21.712 [DEBUG] api-gateway: Connection pool size 15
2026-06-15 19:57:22.212 [DEBUG] redis: Connection pool size 13
2026-06-15 19:57:22.712 [CRITICAL] database: Connection pool exhausted
2026-06-15 19:57:23.212 [ERROR] database: Query failed - relation 'orders' does not exist
2026-06-15 19:57:23.713 [INFO] redis: Cache hit ratio 81%
2026-06-15 19:57:24.213 [DEBUG] auth-service: Connection pool size 13
2026-06-15 19:57:24.713 [ERROR] database: Deadlock detected in transaction
2026-06-15 19:57:25.213 [INFO] nginx: Cache hit ratio 96%
2026-06-15 19:57:25.713 [INFO] auth-service: Request processed successfully in 18ms
2026-06-15 19:57:26.214 [INFO] nginx: Health check passed
2026-06-15 19:57:26.714 [INFO] api-gateway: Request processed successfully in 111ms
2026-06-15 19:57:27.214 [INFO] redis: Health check passed
2026-06-15 19:57:27.714 [INFO] user-service: Health check passed
2026-06-15 19:57:28.214 [INFO] api-gateway: Cache hit ratio 96%
2026-06-15 19:57:28.715 [ERROR] nginx: Upstream service unavailable
2026-06-15 19:57:29.215 [WARNING] redis: Memory usage 89%
2026-06-15 19:57:29.715 [INFO] redis: Request processed successfully in 48ms
2026-06-15 19:57:30.215 [INFO] user-service: Request processed successfully in 63ms
2026-06-15 19:57:30.715 [ERROR] database: Query failed - relation 'orders' does not exist
2026-06-15 19:57:31.216 [INFO] nginx: Cache hit ratio 84%
2026-06-15 19:57:31.716 [DEBUG] payment-service: Connection pool size 16
2026-06-15 19:57:32.216 [DEBUG] api-gateway: Connection pool size 16
2026-06-15 19:57:32.716 [INFO] payment-service: Cache hit ratio 93%
2026-06-15 19:57:33.216 [DEBUG] user-service: Connection pool size 16
2026-06-15 19:57:33.716 [DEBUG] nginx: Connection pool size 17
2026-06-15 19:57:34.216 [INFO] nginx: Health check passed
2026-06-15 19:57:34.717 [INFO] payment-service: Cache hit ratio 93%
2026-06-15 19:57:35.217 [INFO] database: Health check passed
2026-06-15 19:57:35.717 [DEBUG] payment-service: Connection pool size 6
2026-06-15 19:57:36.217 [INFO] auth-service: Connection pool restored
2026-06-15 19:57:36.717 [INFO] api-gateway: Health check passed
2026-06-15 19:57:37.217 [INFO] nginx: Health check passed
2026-06-15 19:57:37.717 [CRITICAL] database: Connection pool exhausted
2026-06-15 19:57:38.217 [INFO] nginx: Request processed successfully in 105ms
2026-06-15 19:57:38.717 [CRITICAL] database: Connection pool exhausted
2026-06-15 19:57:39.218 [WARNING] payment-service: GC overhead limit reached
2026-06-15 19:57:39.718 [INFO] redis: Request processed successfully in 29ms
2026-06-15 19:57:40.218 [CRITICAL] database: Out of memory error - process killed
2026-06-15 19:57:40.718 [INFO] nginx: Health check passed
2026-06-15 19:57:41.218 [INFO] payment-service: Request processed successfully in 182ms
2026-06-15 19:57:41.718 [ERROR] api-gateway: Circuit breaker open for nginx
2026-06-15 19:57:42.218 [INFO] auth-service: Cache hit ratio 80%
2026-06-15 19:57:42.719 [DEBUG] nginx: Connection pool size 18
2026-06-15 19:57:43.219 [INFO] user-service: Health check passed
2026-06-15 19:57:43.719 [INFO] payment-service: Connection pool restored
2026-06-15 19:57:44.219 [INFO] api-gateway: Health check passed
2026-06-15 19:57:44.719 [ERROR] database: Deadlock detected in transaction
2026-06-15 19:57:45.219 [DEBUG] payment-service: Connection pool size 14
2026-06-15 19:57:45.720 [ERROR] payment-service: Upstream service unavailable
2026-06-15 19:57:46.220 [CRITICAL] redis: Out of memory error - process killed
2026-06-15 19:57:46.720 [INFO] nginx: Connection pool restored
2026-06-15 19:57:47.220 [INFO] api-gateway: Request processed successfully in 100ms
2026-06-15 19:57:47.720 [INFO] auth-service: Request processed successfully in 164ms
2026-06-15 19:57:48.220 [INFO] payment-service: Request processed successfully in 177ms
2026-06-15 19:57:48.721 [INFO] auth-service: Health check passed
2026-06-15 19:57:49.221 [INFO] nginx: Service restarted successfully
2026-06-15 19:57:49.721 [DEBUG] user-service: Connection pool size 16
2026-06-15 19:57:50.221 [CRITICAL] database: Connection pool exhausted
2026-06-15 19:57:50.721 [DEBUG] payment-service: Connection pool size 10
2026-06-15 19:57:51.221 [ERROR] database: Deadlock detected in transaction
2026-06-15 19:57:51.721 [ERROR] database: Dependency failure from user-service
2026-06-15 19:57:52.222 [ERROR] auth-service: Circuit breaker open for api-gateway
2026-06-15 19:57:52.722 [ERROR] user-service: Request timeout after 58s
2026-06-15 19:57:53.222 [ERROR] nginx: Request timeout after 57s
2026-06-15 19:57:53.722 [DEBUG] redis: Connection pool size 12
2026-06-15 19:57:54.222 [ERROR] database: Query failed - relation 'orders' does not exist
2026-06-15 19:57:54.722 [DEBUG] nginx: Connection pool size 20
2026-06-15 19:57:55.223 [INFO] api-gateway: Request processed successfully in 10ms
2026-06-15 19:57:55.723 [INFO] user-service: Health check passed after recovery
2026-06-15 19:57:56.223 [INFO] nginx: Health check passed
2026-06-15 19:57:56.723 [INFO] nginx: Request processed successfully in 152ms
2026-06-15 19:57:57.223 [DEBUG] user-service: Connection pool size 14
2026-06-15 19:57:57.723 [WARNING] auth-service: Memory usage 94%
2026-06-15 19:57:58.223 [ERROR] redis: Upstream service unavailable
2026-06-15 19:57:58.723 [INFO] payment-service: Health check passed
2026-06-15 19:57:59.223 [DEBUG] redis: Connection pool size 17
2026-06-15 19:57:59.724 [INFO] auth-service: Request processed successfully in 49ms
2026-06-15 19:58:00.224 [INFO] redis: Cache hit ratio 82%
2026-06-15 19:58:00.724 [DEBUG] api-gateway: Connection pool size 15
2026-06-15 19:58:01.224 [INFO] auth-service: Health check passed
2026-06-15 19:58:01.724 [ERROR] nginx: Request timeout after 35s
2026-06-15 19:58:02.224 [INFO] nginx: Request processed successfully in 36ms
2026-06-15 19:58:02.724 [INFO] user-service: Service restarted successfully
2026-06-15 19:58:03.224 [CRITICAL] redis: Service crashed
2026-06-15 19:58:03.725 [CRITICAL] auth-service: Out of memory error - process killed
2026-06-15 19:58:04.225 [INFO] user-service: Service restarted successfully
2026-06-15 19:58:04.725 [INFO] database: Request processed successfully in 107ms
2026-06-15 19:58:05.225 [INFO] database: Request processed successfully in 95ms
2026-06-15 19:58:05.725 [INFO] redis: Request processed successfully in 31ms
2026-06-15 19:58:06.225 [INFO] user-service: Request processed successfully in 74ms
2026-06-15 19:58:06.725 [INFO] database: Cache hit ratio 81%
2026-06-15 19:58:07.226 [CRITICAL] nginx: Service crashed
2026-06-15 19:58:07.726 [INFO] nginx: Request processed successfully in 21ms
2026-06-15 19:58:08.226 [INFO] database: Connection pool restored
2026-06-15 19:58:08.726 [CRITICAL] database: Connection pool exhausted
2026-06-15 19:58:09.226 [INFO] payment-service: Request processed successfully in 15ms
2026-06-15 19:58:09.726 [DEBUG] database: Connection pool size 7
2026-06-15 19:58:10.226 [INFO] redis: Cache hit ratio 82%
2026-06-15 19:58:10.726 [ERROR] database: Deadlock detected in transaction
2026-06-15 19:58:11.227 [CRITICAL] database: Connection pool exhausted
2026-06-15 19:58:11.727 [INFO] api-gateway: Health check passed
2026-06-15 19:58:12.227 [INFO] nginx: Cache hit ratio 99%
2026-06-15 19:58:12.727 [ERROR] redis: Dependency failure from api-gateway
2026-06-15 19:58:13.227 [INFO] auth-service: Health check passed
2026-06-15 19:58:13.727 [INFO] database: Service restarted successfully
2026-06-15 19:58:14.227 [INFO] redis: Request processed successfully in 25ms
2026-06-15 19:58:14.727 [INFO] payment-service: Health check passed
2026-06-15 19:58:15.227 [DEBUG] redis: Connection pool size 19
2026-06-15 19:58:15.728 [DEBUG] user-service: Connection pool size 6
2026-06-15 19:58:16.228 [INFO] user-service: Health check passed after recovery
2026-06-15 19:58:16.728 [ERROR] database: Connection timeout after 1040ms
2026-06-15 19:58:17.228 [DEBUG] auth-service: Connection pool size 9
